patch name,age,Split,base,rIdx,cIdx,count_DN3,count_Postsel DP (CD69+),count_Postsel DP (CD69-),count_Presel DP,shape_cluster,comp_cluster_raw,comp_cluster_aligned,enrich_DN3,enrich_Postsel DP (CD69+),enrich_Postsel DP (CD69-),enrich_Presel DP
O1_K8_sq_r38_c38.tif,O,O1,O1_K8_sq,38,38,5,0,9,94,0,0,0,4.521558,4.0675764,0.73762304,0.9866209
O1_K8_sq_r38_c39.tif,O,O1,O1_K8_sq,38,39,3,0,10,115,0,0,0,2.434685,3.4417953,0.6898418,1.0203515
O1_K8_sq_r38_c40.tif,O,O1,O1_K8_sq,38,40,3,0,8,100,1,0,0,2.800965,3.9595876,0.642457,1.0214069
O1_K8_sq_r38_c41.tif,O,O1,O1_K8_sq,38,41,1,0,18,156,0,2,2,0.7663657,2.5278723,0.8926928,1.0154353
O1_K8_sq_r38_c42.tif,O,O1,O1_K8_sq,38,42,2,0,12,151,0,0,0,1.3537598,2.679242,0.6392888,1.0418551
O1_K8_sq_r38_c43.tif,O,O1,O1_K8_sq,38,43,6,0,7,96,0,0,0,5.295518,4.0309315,0.5770877,0.9984252
O1_K8_sq_r37_c36.tif,O,O1,O1_K8_sq,37,36,1,0,10,77,0,2,2,1.5071859,4.9714823,0.9964382,0.98894095
O1_K8_sq_r37_c37.tif,O,O1,O1_K8_sq,37,37,1,2,16,120,0,1,1,0.9620335,15.866433,0.9994669,0.9814747
O1_K8_sq_r37_c38.tif,O,O1,O1_K8_sq,37,38,4,2,38,105,1,1,1,2.6949682,14.815675,2.1776464,0.8023922
O1_K8_sq_r37_c39.tif,O,O1,O1_K8_sq,37,39,0,0,18,101,1,2,2,0.37368244,3.6977966,1.3058399,0.9633672
O1_K8_sq_r37_c40.tif,O,O1,O1_K8_sq,37,40,1,0,15,123,0,2,2,0.9620335,3.1732864,0.9388931,1.0059097
O1_K8_sq_r37_c41.tif,O,O1,O1_K8_sq,37,41,0,0,28,123,0,2,2,0.29552665,2.9244013,1.5909517,0.9270149
O1_K8_sq_r37_c42.tif,O,O1,O1_K8_sq,37,42,0,0,20,150,0,2,2,0.26288125,2.601357,1.0179559,1.0048916
O1_K8_sq_r37_c43.tif,O,O1,O1_K8_sq,37,43,3,0,10,115,0,0,0,2.434685,3.4417953,0.6898418,1.0203515
O1_K8_sq_r36_c34.tif,O,O1,O1_K8_sq,36,34,1,0,9,74,1,2,2,1.5772877,5.202714,0.9434714,0.9948761
O1_K8_sq_r36_c35.tif,O,O1,O1_K8_sq,36,35,2,0,15,116,2,2,2,1.674651,3.3143213,0.9806217,0.9910677
O1_K8_sq_r36_c36.tif,O,O1,O1_K8_sq,36,36,2,1,26,105,1,1,1,1.6623374,9.869855,1.6642193,0.8908914
O1_K8_sq_r36_c37.tif,O,O1,O1_K8_sq,36,37,3,1,26,129,1,1,1,1.9658947,8.337269,1.4058001,0.9237513
O1_K8_sq_r36_c38.tif,O,O1,O1_K8_sq,36,38,0,2,56,106,0,1,1,0.27238297,13.47691,2.9069927,0.73680526
O1_K8_sq_r36_c39.tif,O,O1,O1_K8_sq,36,39,0,3,20,43,0,1,1,0.664935,46.059322,2.5748296,0.7346687
O1_K8_sq_r36_c40.tif,O,O1,O1_K8_sq,36,40,0,1,14,72,0,1,1,0.5080402,15.082025,1.3914948,0.9355331
O1_K8_sq_r36_c41.tif,O,O1,O1_K8_sq,36,41,2,0,21,134,0,2,2,1.4218736,2.8140464,1.1549014,0.9714855
O1_K8_sq_r36_c42.tif,O,O1,O1_K8_sq,36,42,1,1,18,135,0,1,1,0.8639919,8.549683,1.0064117,0.99117607
O1_K8_sq_r36_c43.tif,O,O1,O1_K8_sq,36,43,1,0,3,80,0,1,1,1.5772877,5.202714,0.3475947,1.0750004
O1_K8_sq_r35_c32.tif,O,O1,O1_K8_sq,35,32,2,0,3,90,0,0,0,2.3307,4.6127152,0.30817676,1.0714898
O1_K8_sq_r35_c33.tif,O,O1,O1_K8_sq,35,33,1,0,11,128,1,2,2,0.95525867,3.1509392,0.69169253,1.0392642
O1_K8_sq_r35_c34.tif,O,O1,O1_K8_sq,35,34,3,1,25,122,1,1,1,2.0686865,8.773204,1.4234831,0.9195087
O1_K8_sq_r35_c40.tif,O,O1,O1_K8_sq,35,40,2,3,42,112,0,1,1,1.4042104,19.453627,2.254585,0.80248666
O1_K8_sq_r35_c41.tif,O,O1,O1_K8_sq,35,41,2,0,28,147,0,2,2,1.2630049,2.4996278,1.3598638,0.94634646
O1_K8_sq_r35_c42.tif,O,O1,O1_K8_sq,35,42,4,0,6,92,0,0,0,3.9128866,4.302244,0.53380615,1.0214558
O1_K8_sq_r35_c43.tif,O,O1,O1_K8_sq,35,43,0,0,2,47,0,1,1,0.88658,8.773204,0.41867152,1.0696325
O1_K8_sq_r34_c28.tif,O,O1,O1_K8_sq,34,28,2,0,7,50,1,0,0,3.7061949,7.3349733,1.0501105,0.950764
O1_K8_sq_r34_c29.tif,O,O1,O1_K8_sq,34,29,1,1,8,76,0,1,1,1.5414401,15.253411,0.82497317,0.99836636
O1_K8_sq_r34_c31.tif,O,O1,O1_K8_sq,34,31,0,0,9,96,1,1,1,0.42257547,4.1816206,0.75830406,1.0357494
O1_K8_sq_r34_c32.tif,O,O1,O1_K8_sq,34,32,2,0,20,136,2,2,2,1.4129868,2.7964587,1.0943027,0.97976935
O1_K8_sq_r34_c40.tif,O,O1,O1_K8_sq,34,40,1,4,75,88,0,1,1,0.797922,23.68765,3.7931638,0.59786826
O1_K8_sq_r34_c41.tif,O,O1,O1_K8_sq,34,41,0,2,55,111,0,1,1,0.265974,13.159806,2.7883523,0.7532465
O1_K8_sq_r34_c42.tif,O,O1,O1_K8_sq,34,42,1,0,7,62,0,1,1,1.8839824,6.2143526,0.8896769,0.99691635
O1_K8_sq_r33_c25.tif,O,O1,O1_K8_sq,33,25,3,0,3,103,0,0,0,2.8514328,4.0309315,0.2693076,1.0708498
O1_K8_sq_r33_c26.tif,O,O1,O1_K8_sq,33,26,0,0,12,128,0,2,2,0.31841955,3.1509392,0.7518397,1.0392642
O1_K8_sq_r33_c27.tif,O,O1,O1_K8_sq,33,27,3,0,11,100,1,0,0,2.728526,3.8571844,0.846727,0.99499124
O1_K8_sq_r33_c28.tif,O,O1,O1_K8_sq,33,28,0,0,21,130,1,2,2,0.29552665,2.9244013,1.2001917,0.9795582
O1_K8_sq_r33_c29.tif,O,O1,O1_K8_sq,33,29,0,0,21,113,1,2,2,0.3324675,3.2899516,1.3502156,0.9584471
O1_K8_sq_r33_c30.tif,O,O1,O1_K8_sq,33,30,0,2,30,128,2,1,1,0.2791085,13.809672,1.6080087,0.91095996
O1_K8_sq_r33_c31.tif,O,O1,O1_K8_sq,33,31,2,3,52,92,2,1,1,1.4972045,20.741945,2.9695177,0.7035192
O1_K8_sq_r33_c32.tif,O,O1,O1_K8_sq,33,32,0,8,66,100,2,1,1,0.2569067,43.218,3.2271008,0.6557897
O1_K8_sq_r33_c40.tif,O,O1,O1_K8_sq,33,40,2,0,20,115,0,2,2,1.6264597,3.2189453,1.2596289,0.95428556
O1_K8_sq_r33_c41.tif,O,O1,O1_K8_sq,33,41,2,0,5,69,0,0,0,2.8984346,5.7363257,0.6022429,1.0232962
O1_K8_sq_r32_c15.tif,O,O1,O1_K8_sq,32,15,3,0,0,53,0,0,0,5.457052,7.714369,0.07362843,1.0593438
O1_K8_sq_r32_c16.tif,O,O1,O1_K8_sq,32,16,4,0,7,108,1,0,0,3.3631423,3.6977966,0.5293945,1.0298064
O1_K8_sq_r32_c17.tif,O,O1,O1_K8_sq,32,17,5,0,5,74,0,0,0,5.7833877,5.202714,0.54622024,0.9948761
O1_K8_sq_r32_c18.tif,O,O1,O1_K8_sq,32,18,0,0,4,107,0,1,1,0.40013784,3.9595876,0.3401243,1.0925497
O1_K8_sq_r32_c19.tif,O,O1,O1_K8_sq,32,19,3,0,8,82,0,0,0,3.331674,4.7098255,0.76418567,0.9973361
O1_K8_sq_r32_c20.tif,O,O1,O1_K8_sq,32,20,4,0,7,82,1,0,0,4.2835813,4.7098255,0.6742814,0.9973361
O1_K8_sq_r32_c21.tif,O,O1,O1_K8_sq,32,21,1,0,11,74,1,2,2,1.5414401,5.0844707,1.1161401,0.9722653
O1_K8_sq_r32_c24.tif,O,O1,O1_K8_sq,32,24,2,0,9,100,0,0,0,2.0006893,3.9595876,0.7180401,1.0214069
O1_K8_sq_r32_c25.tif,O,O1,O1_K8_sq,32,25,1,0,14,167,1,2,2,0.7372105,2.4317033,0.67306,1.0454618
O1_K8_sq_r32_c26.tif,O,O1,O1_K8_sq,32,26,0,0,7,140,1,1,1,0.30346024,3.0029087,0.42991102,1.0829321
O1_K8_sq_r32_c27.tif,O,O1,O1_K8_sq,32,27,1,0,18,124,1,2,2,0.9354947,3.0857475,1.0897008,0.9860809
O1_K8_sq_r32_c28.tif,O,O1,O1_K8_sq,32,28,0,0,24,124,1,2,2,0.3014372,2.9828894,1.3950133,0.9532115
O1_K8_sq_r32_c29.tif,O,O1,O1_K8_sq,32,29,0,5,26,106,1,1,1,0.32529193,35.408398,1.6283008,0.87992567
O1_K8_sq_r32_c31.tif,O,O1,O1_K8_sq,32,31,0,4,26,110,1,1,1,0.31841955,28.358454,1.5939001,0.89368635
O1_K8_sq_r32_c40.tif,O,O1,O1_K8_sq,32,40,1,0,14,99,0,2,2,1.1693684,3.8571844,1.0676123,0.98509085
O1_K8_sq_r32_c41.tif,O,O1,O1_K8_sq,32,41,2,0,5,80,0,0,0,2.540201,5.0273414,0.52780837,1.0387644
O1_K8_sq_r31_c4.tif,O,O1,O1_K8_sq,31,4,4,0,1,54,1,0,0,6.6711507,7.3349733,0.2100221,1.026072
O1_K8_sq_r31_c5.tif,O,O1,O1_K8_sq,31,5,7,0,14,100,1,0,0,5.514095,3.6376698,1.0068539,0.9383657
O1_K8_sq_r31_c6.tif,O,O1,O1_K8_sq,31,6,4,0,11,119,1,0,0,2.9922075,3.2899516,0.7222083,1.0091139
O1_K8_sq_r31_c7.tif,O,O1,O1_K8_sq,31,7,0,0,3,137,1,1,1,0.31841955,3.1509392,0.21051511,1.1120532
O1_K8_sq_r31_c8.tif,O,O1,O1_K8_sq,31,8,3,0,7,123,0,0,0,2.3445113,3.3143213,0.47449437,1.0506169
O1_K8_sq_r31_c9.tif,O,O1,O1_K8_sq,31,9,1,0,12,119,1,2,2,1.012289,3.339055,0.7967256,1.0241753
O1_K8_sq_r31_c10.tif,O,O1,O1_K8_sq,31,10,3,0,10,104,1,0,0,2.65974,3.7599447,0.7536087,1.0085107
O1_K8_sq_r31_c11.tif,O,O1,O1_K8_sq,31,11,4,0,11,102,0,0,0,3.4196656,3.7599447,0.825381,0.98920906
O1_K8_sq_r31_c12.tif,O,O1,O1_K8_sq,31,12,5,0,12,62,1,0,0,6.1403866,5.523869,1.3180399,0.88614786
O1_K8_sq_r31_c13.tif,O,O1,O1_K8_sq,31,13,3,0,4,93,1,0,0,3.10303,4.386602,0.37680435,1.0527437
O1_K8_sq_r31_c14.tif,O,O1,O1_K8_sq,31,14,6,0,9,102,1,0,0,4.939517,3.7599447,0.6818365,0.98920906
O1_K8_sq_r31_c15.tif,O,O1,O1_K8_sq,31,15,5,0,1,54,0,0,0,8.022119,7.2166677,0.20663464,1.0095224
O1_K8_sq_r31_c16.tif,O,O1,O1_K8_sq,31,16,2,0,9,105,0,0,0,1.9159143,3.7918084,0.68761474,1.02679
O1_K8_sq_r31_c17.tif,O,O1,O1_K8_sq,31,17,1,0,2,86,1,1,1,1.4906235,4.9168506,0.23464008,1.0916562
O1_K8_sq_r31_c18.tif,O,O1,O1_K8_sq,31,18,3,0,14,119,1,0,0,2.2935438,3.242271,0.89741325,0.994489
O1_K8_sq_r31_c19.tif,O,O1,O1_K8_sq,31,19,2,0,11,128,0,0,0,1.5809642,3.1289048,0.68685544,1.0319966
O1_K8_sq_r31_c20.tif,O,O1,O1_K8_sq,31,20,1,0,12,136,2,2,2,0.89832276,2.963135,0.70702803,1.0381662
O1_K8_sq_r31_c21.tif,O,O1,O1_K8_sq,31,21,1,0,10,145,1,2,2,0.8585236,2.831857,0.56759137,1.0575894
O1_K8_sq_r31_c22.tif,O,O1,O1_K8_sq,31,22,2,0,9,114,1,0,0,1.7801409,3.5230975,0.63888615,1.0354114
O1_K8_sq_r31_c23.tif,O,O1,O1_K8_sq,31,23,2,0,3,65,0,0,0,3.1399708,6.2143526,0.4151826,1.0447683
O1_K8_sq_r31_c24.tif,O,O1,O1_K8_sq,31,24,2,0,8,108,0,0,0,1.8839824,3.7286117,0.6049803,1.038388
O1_K8_sq_r31_c25.tif,O,O1,O1_K8_sq,31,25,2,0,7,125,2,0,0,1.6623374,3.2899516,0.47100544,1.0597807
O1_K8_sq_r31_c26.tif,O,O1,O1_K8_sq,31,26,0,0,10,120,2,1,1,0.34254226,3.389647,0.67938966,1.0483935
O1_K8_sq_r31_c36.tif,O,O1,O1_K8_sq,31,36,0,3,28,115,1,1,1,0.30551067,21.162392,1.6447002,0.8962547
O1_K8_sq_r31_c38.tif,O,O1,O1_K8_sq,31,38,0,0,23,98,1,2,2,0.3676063,3.6376698,1.6317977,0.9196918
O1_K8_sq_r31_c39.tif,O,O1,O1_K8_sq,31,39,1,5,32,115,0,1,1,0.8751402,31.753338,1.7908335,0.8557787
O1_K8_sq_r31_c40.tif,O,O1,O1_K8_sq,31,40,1,0,19,132,1,2,2,0.8808229,2.9054117,1.0814774,0.98811233
O1_K8_sq_r31_c41.tif,O,O1,O1_K8_sq,31,41,1,1,6,98,0,1,1,1.2559882,12.428705,0.5140356,1.0474267
O1_K8_sq_r30_c3.tif,O,O1,O1_K8_sq,30,3,7,0,1,84,0,0,0,7.2152514,4.7599297,0.13629094,1.032381
O1_K8_sq_r30_c4.tif,O,O1,O1_K8_sq,30,4,1,0,12,117,0,2,2,1.0276268,3.389647,0.80879724,1.0222924
O1_K8_sq_r30_c5.tif,O,O1,O1_K8_sq,30,5,3,0,23,127,0,0,0,2.0419939,2.886667,1.2949104,0.94469076
O1_K8_sq_r30_c6.tif,O,O1,O1_K8_sq,30,6,1,0,6,128,0,2,2,0.9901221,3.265937,0.40522513,1.0771935
O1_K8_sq_r30_c7.tif,O,O1,O1_K8_sq,30,7,0,1,9,136,0,1,1,0.30551067,9.069595,0.54823333,1.0592101
O1_K8_sq_r30_c8.tif,O,O1,O1_K8_sq,30,8,1,0,16,131,0,2,2,0.90431154,2.9828894,0.93949884,1.0068057
O1_K8_sq_r30_c10.tif,O,O1,O1_K8_sq,30,10,4,0,12,98,0,0,0,3.508105,3.8571844,0.92035544,0.9751904
O1_K8_sq_r30_c13.tif,O,O1,O1_K8_sq,30,13,4,0,15,84,1,0,0,3.875621,4.2612705,1.2607994,0.9242268
O1_K8_sq_r30_c14.tif,O,O1,O1_K8_sq,30,14,1,0,20,145,1,2,2,0.8074211,2.663294,1.0421929,0.9946376
O1_K8_sq_r30_c15.tif,O,O1,O1_K8_sq,30,15,3,0,12,123,1,0,0,2.260779,3.195953,0.7625803,1.0130948
O1_K8_sq_r30_c21.tif,O,O1,O1_K8_sq,30,21,1,1,28,122,1,1,1,0.8808229,8.716235,1.5806209,0.91353786
O1_K8_sq_r30_c22.tif,O,O1,O1_K8_sq,30,22,2,0,14,132,1,0,0,1.5071859,2.9828894,0.8256202,1.014462
O1_K8_sq_r30_c23.tif,O,O1,O1_K8_sq,30,23,6,0,5,101,1,0,0,5.1561623,3.9248543,0.4120609,1.0225213
O1_K8_sq_r30_c24.tif,O,O1,O1_K8_sq,30,24,3,0,4,80,0,0,0,3.5562816,5.0273414,0.4318432,1.0387644
O1_K8_sq_r30_c25.tif,O,O1,O1_K8_sq,30,25,0,0,12,127,1,2,2,0.32067785,3.1732864,0.75717187,1.0384898
O1_K8_sq_r30_c26.tif,O,O1,O1_K8_sq,30,26,0,0,6,113,1,1,1,0.37368244,3.6977966,0.4588086,1.0772629
O1_K8_sq_r30_c32.tif,O,O1,O1_K8_sq,30,32,0,3,30,133,1,1,1,0.26914033,18.643059,1.5505798,0.9126057
O1_K8_sq_r30_c35.tif,O,O1,O1_K8_sq,30,35,0,2,22,95,1,1,1,0.37368244,18.488983,1.5881836,0.9064194
O1_K8_sq_r30_c36.tif,O,O1,O1_K8_sq,30,36,0,1,12,121,1,1,1,0.3324675,9.869855,0.785009,1.0260029
O1_K8_sq_r30_c37.tif,O,O1,O1_K8_sq,30,37,1,0,10,91,2,2,2,1.3042955,4.302244,0.86230224,1.010413
O1_K8_sq_r30_c38.tif,O,O1,O1_K8_sq,30,38,2,0,13,99,1,0,0,1.9489473,3.8571844,0.9939839,0.98509085
O1_K8_sq_r30_c39.tif,O,O1,O1_K8_sq,30,39,2,0,12,96,1,0,0,2.0185525,3.9949412,0.95322526,0.98951066
O1_K8_sq_r30_c40.tif,O,O1,O1_K8_sq,30,40,0,0,22,102,1,2,2,0.35885382,3.551059,1.5251606,0.934253
O1_K8_sq_r29_c2.tif,O,O1,O1_K8_sq,29,2,2,0,1,57,2,0,0,3.6464174,7.2166677,0.20663464,1.0650926
O1_K8_sq_r29_c3.tif,O,O1,O1_K8_sq,29,3,2,0,6,118,1,0,0,1.7662334,3.4955733,0.43371752,1.0632112
O1_K8_sq_r29_c4.tif,O,O1,O1_K8_sq,29,4,2,0,12,134,1,0,0,1.5071859,2.9828894,0.71174157,1.0297747
O1_K8_sq_r29_c5.tif,O,O1,O1_K8_sq,29,5,0,0,14,78,0,1,1,0.48101676,4.7599297,1.317479,0.9590759
O1_K8_sq_r29_c6.tif,O,O1,O1_K8_sq,29,6,0,0,16,70,0,1,1,0.5138134,5.0844707,1.6014185,0.92006314
O1_K8_sq_r29_c23.tif,O,O1,O1_K8_sq,29,23,2,0,5,114,2,0,0,1.8380315,3.6376698,0.3819101,1.0690833
O1_K8_sq_r29_c24.tif,O,O1,O1_K8_sq,29,24,1,0,10,89,0,2,2,1.32987,4.386602,0.8792102,1.0077065
O1_K8_sq_r29_c25.tif,O,O1,O1_K8_sq,29,25,0,0,8,118,2,1,1,0.3532467,3.4955733,0.5671691,1.0632112
O1_K8_sq_r29_c26.tif,O,O1,O1_K8_sq,29,26,1,0,10,119,0,2,2,1.0276268,3.389647,0.67938966,1.039693
O1_K8_sq_r29_c27.tif,O,O1,O1_K8_sq,29,27,1,0,1,74,0,1,1,1.7390608,5.7363257,0.16424805,1.0969146
O1_K8_sq_r29_c32.tif,O,O1,O1_K8_sq,29,32,0,1,10,147,1,1,1,0.28259736,8.389377,0.56049645,1.0587251
O1_K8_sq_r29_c33.tif,O,O1,O1_K8_sq,29,33,0,0,19,103,0,2,2,0.36464176,3.6083338,1.3431252,0.95858324
O1_K8_sq_r29_c34.tif,O,O1,O1_K8_sq,29,34,0,1,11,109,1,1,1,0.3676063,10.91301,0.7985393,1.0223985
O1_K8_sq_r29_c35.tif,O,O1,O1_K8_sq,29,35,0,0,22,116,2,2,2,0.32296842,3.195953,1.3726444,0.95567244
O1_K8_sq_r29_c36.tif,O,O1,O1_K8_sq,29,36,2,2,9,125,1,1,1,1.6148422,15.979765,0.579561,1.0295012
O1_K8_sq_r29_c37.tif,O,O1,O1_K8_sq,29,37,0,0,21,110,2,2,2,0.33996674,3.364161,1.3806715,0.95416135
O1_K8_sq_r29_c38.tif,O,O1,O1_K8_sq,29,38,2,0,12,117,1,0,0,1.6998336,3.364161,0.802716,1.014606
O1_K8_sq_r29_c39.tif,O,O1,O1_K8_sq,29,39,2,0,12,124,0,0,0,1.6148422,3.195953,0.7625803,1.021298
O1_K8_sq_r29_c40.tif,O,O1,O1_K8_sq,29,40,3,0,1,59,1,0,0,4.86937,6.8835907,0.19709766,1.0512712
O1_K8_sq_r28_c2.tif,O,O1,O1_K8_sq,28,2,5,0,2,117,0,0,0,3.9473917,3.551059,0.16946228,1.0709729
O1_K8_sq_r28_c3.tif,O,O1,O1_K8_sq,28,3,2,0,3,123,1,0,0,1.7390608,3.4417953,0.22994727,1.0910252
O1_K8_sq_r28_c4.tif,O,O1,O1_K8_sq,28,4,2,0,17,148,0,2,2,1.337739,2.6475348,0.8844125,1.0091388
O1_K8_sq_r28_c5.tif,O,O1,O1_K8_sq,28,5,1,1,20,76,0,1,1,1.3564672,13.423001,1.7508842,0.8785624
O1_K8_sq_r28_c6.tif,O,O1,O1_K8_sq,28,6,2,1,8,51,0,1,1,3.532467,20.97344,1.1343381,0.9241414
O1_K8_sq_r28_c23.tif,O,O1,O1_K8_sq,28,23,2,1,10,118,2,1,1,1.6998336,10.092483,0.6742814,1.0232409
O1_K8_sq_r28_c24.tif,O,O1,O1_K8_sq,28,24,0,0,21,127,0,2,2,0.3014372,2.9828894,1.2241955,0.9761805
O1_K8_sq_r28_c25.tif,O,O1,O1_K8_sq,28,25,0,1,20,126,1,1,1,0.30346024,9.008726,1.1750901,0.9750243
O1_K8_sq_r28_c26.tif,O,O1,O1_K8_sq,28,26,0,1,17,119,1,1,1,0.32529193,9.656836,1.0752931,0.98733443
O1_K8_sq_r28_c31.tif,O,O1,O1_K8_sq,28,31,1,1,30,116,2,1,1,0.90431154,8.948668,1.7366494,0.8919609
O1_K8_sq_r28_c32.tif,O,O1,O1_K8_sq,28,32,1,1,10,118,1,1,1,1.0276268,10.1689415,0.67938966,1.0309927
O1_K8_sq_r28_c33.tif,O,O1,O1_K8_sq,28,33,1,0,10,122,1,2,2,1.0047907,3.3143213,0.66429216,1.0421098
O1_K8_sq_r28_c34.tif,O,O1,O1_K8_sq,28,34,0,1,20,117,1,1,1,0.32296842,9.587859,1.2506316,0.96387565
O1_K8_sq_r28_c35.tif,O,O1,O1_K8_sq,28,35,0,2,24,87,1,1,1,0.3931789,19.453627,1.8195828,0.8738188
O1_K8_sq_r28_c36.tif,O,O1,O1_K8_sq,28,36,0,0,15,120,2,2,2,0.33004072,3.265937,0.96630603,1.0101309
O1_K8_sq_r28_c37.tif,O,O1,O1_K8_sq,28,37,0,0,12,114,1,1,1,0.3532467,3.4955733,0.8340721,1.0273223
O1_K8_sq_r28_c38.tif,O,O1,O1_K8_sq,28,38,0,1,16,104,1,1,1,0.3676063,10.91301,1.1457304,0.9757136
O1_K8_sq_r28_c39.tif,O,O1,O1_K8_sq,28,39,2,0,4,61,0,0,0,3.276491,6.484542,0.5570151,1.0236163
O1_K8_sq_r28_c40.tif,O,O1,O1_K8_sq,28,40,1,0,3,65,0,1,1,1.9105173,6.3018785,0.42103022,1.0594834
O1_K8_sq_r28_c41.tif,O,O1,O1_K8_sq,28,41,2,0,2,59,0,0,0,3.4781215,6.8835907,0.3284961,1.0512712
O1_K8_sq_r27_c1.tif,O,O1,O1_K8_sq,27,1,5,0,4,83,1,0,0,5.2911844,4.7599297,0.4088728,1.0201635
O1_K8_sq_r27_c2.tif,O,O1,O1_K8_sq,27,2,3,0,4,127,1,0,0,2.3272724,3.2899516,0.28260326,1.0766696
O1_K8_sq_r27_c3.tif,O,O1,O1_K8_sq,27,3,2,0,9,106,1,0,0,1.8998142,3.7599447,0.6818365,1.0278124
O1_K8_sq_r27_c4.tif,O,O1,O1_K8_sq,27,4,2,0,11,109,1,0,0,1.8232087,3.6083338,0.7920995,1.0141534
O1_K8_sq_r27_c5.tif,O,O1,O1_K8_sq,27,5,2,1,12,100,0,1,1,1.9322897,11.4726515,0.9124892,0.98648703
O1_K8_sq_r27_c6.tif,O,O1,O1_K8_sq,27,6,5,0,7,53,1,0,0,7.423453,6.67811,0.9560708,0.917044
O1_K8_sq_r27_c7.tif,O,O1,O1_K8_sq,27,7,2,0,5,64,0,0,0,3.0969574,6.129225,0.6434924,1.0147243
O1_K8_sq_r27_c8.tif,O,O1,O1_K8_sq,27,8,5,0,4,58,0,0,0,7.2082806,6.484542,0.5570151,0.9736838
O1_K8_sq_r27_c9.tif,O,O1,O1_K8_sq,27,9,3,1,14,106,0,1,1,2.5119765,10.653176,0.9828812,0.97071165
O1_K8_sq_r27_c25.tif,O,O1,O1_K8_sq,27,25,1,2,29,97,1,1,1,1.0354713,17.07761,1.9233321,0.8547606
O1_K8_sq_r27_c32.tif,O,O1,O1_K8_sq,27,32,0,0,7,80,1,1,1,0.5080402,5.0273414,0.71973866,1.0387644
O1_K8_sq_r27_c33.tif,O,O1,O1_K8_sq,27,33,0,1,20,130,2,1,1,0.29552665,8.773204,1.1443689,0.9795582
O1_K8_sq_r27_c34.tif,O,O1,O1_K8_sq,27,34,0,0,12,15,2,1,1,1.5591578,15.428738,3.6814218,0.61382544
O1_K8_sq_r27_c35.tif,O,O1,O1_K8_sq,27,35,1,1,17,37,1,1,1,2.3387368,23.143106,2.5769954,0.74253076
O1_K8_sq_r27_c36.tif,O,O1,O1_K8_sq,27,36,2,1,15,100,1,1,1,1.8839824,11.185835,1.1031994,0.96182483
O1_K8_sq_r27_c37.tif,O,O1,O1_K8_sq,27,37,2,0,14,118,2,0,0,1.6623374,3.2899516,0.9106105,1.0006694
O1_K8_sq_r27_c38.tif,O,O1,O1_K8_sq,27,38,2,0,7,101,1,0,0,2.0185525,3.9949412,0.5719352,1.0407807
O1_K8_sq_r27_c39.tif,O,O1,O1_K8_sq,27,39,0,0,4,123,0,1,1,0.35050836,3.4684758,0.29793835,1.0994828
O1_K8_sq_r27_c40.tif,O,O1,O1_K8_sq,27,40,0,0,5,78,1,1,1,0.531948,5.263922,0.5526464,1.0606251
O1_K8_sq_r27_c41.tif,O,O1,O1_K8_sq,27,41,1,0,4,90,0,1,1,1.39842,4.6127152,0.39622724,1.0714898
O1_K8_sq_r26_c1.tif,O,O1,O1_K8_sq,26,1,6,0,1,137,0,0,0,4.026045,3.0646124,0.08774896,1.0815859
O1_K8_sq_r26_c2.tif,O,O1,O1_K8_sq,26,2,3,0,9,143,0,0,0,2.0159812,2.8498943,0.51680595,1.0496957
O1_K8_sq_r26_c3.tif,O,O1,O1_K8_sq,26,3,1,0,10,141,0,2,2,0.8808229,2.9054117,0.58233404,1.0552294
O1_K8_sq_r26_c4.tif,O,O1,O1_K8_sq,26,4,2,0,4,118,1,0,0,1.794269,3.551059,0.3050321,1.0800875
O1_K8_sq_r26_c5.tif,O,O1,O1_K8_sq,26,5,3,0,13,134,0,0,0,2.0822964,2.9436407,0.7585666,1.016225
O1_K8_sq_r26_c6.tif,O,O1,O1_K8_sq,26,6,1,0,2,144,0,2,2,0.9103807,3.0029087,0.14330366,1.113763
O1_K8_sq_r26_c7.tif,O,O1,O1_K8_sq,26,7,2,0,9,82,0,0,0,2.3797672,4.7098255,0.85408986,0.9973361
O1_K8_sq_r26_c8.tif,O,O1,O1_K8_sq,26,8,5,0,11,101,0,0,0,4.179591,3.7599447,0.825381,0.9795582
O1_K8_sq_r26_c9.tif,O,O1,O1_K8_sq,26,9,2,0,10,114,0,0,0,1.7662334,3.4955733,0.7006206,1.0273223
O1_K8_sq_r26_c10.tif,O,O1,O1_K8_sq,26,10,5,0,5,67,0,0,0,6.29584,5.663714,0.5946195,0.9812685
O1_K8_sq_r26_c11.tif,O,O1,O1_K8_sq,26,11,3,0,14,80,0,0,0,3.1970608,4.5195293,1.2509397,0.9338387
O1_K8_sq_r26_c12.tif,O,O1,O1_K8_sq,26,12,1,1,36,93,0,1,1,1.0199002,10.092483,2.3439307,0.80736727
O1_K8_sq_r26_c13.tif,O,O1,O1_K8_sq,26,13,2,1,15,135,0,1,1,1.458567,8.660001,0.85408986,1.0039655
O1_K8_sq_r26_c14.tif,O,O1,O1_K8_sq,26,14,2,1,24,118,0,1,1,1.5379449,9.131293,1.4234831,0.92578936
O1_K8_sq_r26_c16.tif,O,O1,O1_K8_sq,26,16,0,1,16,88,1,1,1,0.42257547,12.544861,1.3170544,0.9498842
O1_K8_sq_r26_c32.tif,O,O1,O1_K8_sq,26,32,4,1,10,97,1,1,1,3.5696507,11.774563,0.7866617,0.98222494
O1_K8_sq_r26_c33.tif,O,O1,O1_K8_sq,26,33,0,0,13,115,2,2,2,0.34781215,3.4417953,0.88693947,1.0203515
O1_K8_sq_r26_c34.tif,O,O1,O1_K8_sq,26,34,1,0,13,40,1,2,2,2.4222631,7.9898825,2.0589666,0.8305737
O1_K8_sq_r26_c35.tif,O,O1,O1_K8_sq,26,35,2,0,19,94,1,2,2,1.9322897,3.8242173,1.4234831,0.9275923
O1_K8_sq_r26_c36.tif,O,O1,O1_K8_sq,26,36,1,1,14,115,1,1,1,1.0199002,10.092483,0.9311506,0.9973361
O1_K8_sq_r26_c37.tif,O,O1,O1_K8_sq,26,37,0,1,22,108,2,1,1,0.33996674,10.092483,1.4448888,0.93689144
O1_K8_sq_r26_c38.tif,O,O1,O1_K8_sq,26,38,0,1,18,95,0,1,1,0.38978946,11.571553,1.3621261,0.94548917
O1_K8_sq_r26_c39.tif,O,O1,O1_K8_sq,26,39,0,1,18,91,2,1,1,0.40371054,11.984823,1.4107734,0.93824065
O1_K8_sq_r26_c40.tif,O,O1,O1_K8_sq,26,40,0,0,15,95,0,2,2,0.40371054,3.9949412,1.1819993,0.9792567
O1_K8_sq_r26_c41.tif,O,O1,O1_K8_sq,26,41,1,0,3,97,1,1,1,1.3169585,4.3440137,0.2902247,1.0871227
O1_K8_sq_r26_c42.tif,O,O1,O1_K8_sq,26,42,2,0,0,86,0,0,0,2.5119765,4.9714823,0.04744944,1.1037858
O1_K8_sq_r25_c1.tif,O,O1,O1_K8_sq,25,1,8,0,3,87,0,0,0,7.6866484,4.474334,0.29893145,1.0048916
O1_K8_sq_r25_c2.tif,O,O1,O1_K8_sq,25,2,1,0,0,115,0,1,1,1.1495485,3.7918084,0.03619025,1.1241161
O1_K8_sq_r25_c3.tif,O,O1,O1_K8_sq,25,3,5,0,2,93,0,0,0,4.8761897,4.386602,0.20933576,1.0527437
O1_K8_sq_r25_c4.tif,O,O1,O1_K8_sq,25,4,3,0,2,84,1,0,0,3.4781215,4.9168506,0.23464008,1.0664155
O1_K8_sq_r25_c5.tif,O,O1,O1_K8_sq,25,5,2,0,5,101,1,0,0,2.0552535,4.0675764,0.42704493,1.059704
O1_K8_sq_r25_c6.tif,O,O1,O1_K8_sq,25,6,7,0,4,96,1,0,0,6.222327,4.104893,0.3526059,1.0167449
O1_K8_sq_r25_c7.tif,O,O1,O1_K8_sq,25,7,2,0,10,112,0,0,0,1.794269,3.551059,0.71174157,1.0253996
O1_K8_sq_r25_c8.tif,O,O1,O1_K8_sq,25,8,1,1,19,106,0,1,1,1.051525,10.405428,1.291066,0.9481369
O1_K8_sq_r25_c9.tif,O,O1,O1_K8_sq,25,9,2,0,22,121,0,2,2,1.5379449,3.0437646,1.3072804,0.9492271
O1_K8_sq_r25_c10.tif,O,O1,O1_K8_sq,25,10,4,0,14,105,0,0,0,3.2555215,3.5794673,0.99074423,0.9692897
O1_K8_sq_r25_c11.tif,O,O1,O1_K8_sq,25,11,6,0,11,87,1,0,0,5.5453067,4.22107,0.9266069,0.948011
O1_K8_sq_r25_c12.tif,O,O1,O1_K8_sq,25,12,6,0,11,52,0,0,0,8.278908,6.3018785,1.3833851,0.8492042
O1_K8_sq_r25_c13.tif,O,O1,O1_K8_sq,25,13,1,1,12,85,0,1,1,1.343037,13.290101,1.0570419,0.9722007
O1_K8_sq_r25_c14.tif,O,O1,O1_K8_sq,25,14,3,0,29,91,0,0,0,2.5320723,3.5794673,2.0156522,0.8406636
O1_K8_sq_r25_c15.tif,O,O1,O1_K8_sq,25,15,3,1,18,80,0,1,1,3.0433564,12.906733,1.5192944,0.8889426
O1_K8_sq_r25_c16.tif,O,O1,O1_K8_sq,25,16,0,2,11,104,0,1,1,0.37996286,18.799723,0.825381,1.0085107
O1_K8_sq_r25_c17.tif,O,O1,O1_K8_sq,25,17,4,2,7,52,1,1,1,6.0737348,33.390553,0.9560708,0.89990294
O1_K8_sq_r25_c22.tif,O,O1,O1_K8_sq,25,22,1,0,18,79,0,2,2,1.3564672,4.474334,1.5800663,0.91301584
O1_K8_sq_r25_c34.tif,O,O1,O1_K8_sq,25,34,3,0,14,127,1,0,0,2.16787,3.0646124,0.84823996,1.0029252
O1_K8_sq_r25_c35.tif,O,O1,O1_K8_sq,25,35,0,1,20,99,2,1,1,0.37061948,11.0024605,1.435151,0.9366437
O1_K8_sq_r25_c36.tif,O,O1,O1_K8_sq,25,36,0,0,24,108,1,2,2,0.33742967,3.339055,1.5615822,0.92989975
O1_K8_sq_r25_c37.tif,O,O1,O1_K8_sq,25,37,1,2,51,112,1,1,1,0.8074211,13.31647,2.6181922,0.7690497
O1_K8_sq_r25_c38.tif,O,O1,O1_K8_sq,25,38,0,2,52,75,2,1,1,0.3451571,17.07761,3.4228792,0.6618916
O1_K8_sq_r25_c39.tif,O,O1,O1_K8_sq,25,39,0,1,43,101,1,1,1,0.30758896,9.131293,2.5274088,0.7929757
O1_K8_sq_r25_c40.tif,O,O1,O1_K8_sq,25,40,0,0,16,119,1,2,2,0.33004072,3.265937,1.0286484,1.0017481
O1_K8_sq_r25_c41.tif,O,O1,O1_K8_sq,25,41,2,0,2,88,0,0,0,2.405084,4.7599297,0.22715156,1.0812511
O1_K8_sq_r24_c0.tif,O,O1,O1_K8_sq,24,0,5,0,0,58,0,0,0,7.6518674,6.8835907,0.06569922,1.0336028
O1_K8_sq_r24_c1.tif,O,O1,O1_K8_sq,24,1,5,0,1,112,1,0,0,4.1447616,3.7286117,0.10676123,1.0766696
O1_K8_sq_r24_c2.tif,O,O1,O1_K8_sq,24,2,6,0,1,51,0,0,0,9.796708,7.4572234,0.21352246,0.98575085
O1_K8_sq_r24_c3.tif,O,O1,O1_K8_sq,24,3,4,0,3,71,0,0,0,5.0867524,5.5929174,0.37366432,1.026425
O1_K8_sq_r24_c4.tif,O,O1,O1_K8_sq,24,4,9,0,0,58,0,0,0,12.450666,6.484542,0.061890572,0.9736838
O1_K8_sq_r24_c5.tif,O,O1,O1_K8_sq,24,5,7,0,3,70,0,0,0,8.271142,5.456505,0.36455056,0.98738486
O1_K8_sq_r24_c6.tif,O,O1,O1_K8_sq,24,6,3,0,1,83,0,0,0,3.5562816,5.0273414,0.14394772,1.0774761
O1_K8_sq_r24_c7.tif,O,O1,O1_K8_sq,24,7,4,0,2,64,0,0,0,5.651947,6.2143526,0.296559,1.0288177
O1_K8_sq_r24_c8.tif,O,O1,O1_K8_sq,24,8,2,0,6,88,0,0,0,2.3069172,4.5656466,0.56648815,1.0371184
O1_K8_sq_r24_c9.tif,O,O1,O1_K8_sq,24,9,1,0,9,125,1,2,2,0.9901221,3.265937,0.59225214,1.0520451
O1_K8_sq_r24_c10.tif,O,O1,O1_K8_sq,24,10,5,0,9,101,1,0,0,4.251037,3.8242173,0.6934918,0.9963028
O1_K8_sq_r24_c11.tif,O,O1,O1_K8_sq,24,11,5,0,14,131,0,0,0,3.2721798,2.9436407,0.8147568,0.9935582
O1_K8_sq_r24_c12.tif,O,O1,O1_K8_sq,24,12,1,0,14,105,0,2,2,1.1118585,3.6674867,1.0151068,0.9931247
O1_K8_sq_r24_c13.tif,O,O1,O1_K8_sq,24,13,4,0,11,67,0,0,0,4.8445263,5.326588,1.1692897,0.9228596
O1_K8_sq_r24_c14.tif,O,O1,O1_K8_sq,24,14,1,0,10,104,0,2,2,1.1593738,3.8242173,0.76649094,1.0257502
O1_K8_sq_r24_c15.tif,O,O1,O1_K8_sq,24,15,2,0,11,90,0,0,0,2.1531227,4.2612705,0.9354318,0.9898524
O1_K8_sq_r24_c16.tif,O,O1,O1_K8_sq,24,16,1,0,9,116,1,2,2,1.0597401,3.4955733,0.6338948,1.0452667
O1_K8_sq_r24_c17.tif,O,O1,O1_K8_sq,24,17,2,0,9,107,0,0,0,1.8839824,3.7286117,0.6761545,1.0288177
O1_K8_sq_r24_c22.tif,O,O1,O1_K8_sq,24,22,2,3,27,104,2,1,1,1.6382455,22.695896,1.7019906,0.86965775
O1_K8_sq_r24_c40.tif,O,O1,O1_K8_sq,24,40,0,2,21,101,2,1,1,0.35885382,17.755295,1.4573756,0.92513835
O1_K8_sq_r24_c41.tif,O,O1,O1_K8_sq,24,41,1,0,9,111,0,2,2,1.102819,3.6376698,0.6596629,1.0410725
O1_K8_sq_r24_c42.tif,O,O1,O1_K8_sq,24,42,3,0,1,60,0,0,0,4.795592,6.779294,0.19411133,1.0527437
O1_K8_sq_r23_c2.tif,O,O1,O1_K8_sq,23,2,6,0,2,84,0,0,0,6.253218,4.7599297,0.22715156,1.032381
O1_K8_sq_r23_c3.tif,O,O1,O1_K8_sq,23,3,5,0,0,62,0,0,0,7.2082806,6.484542,0.061890572,1.0402606
O1_K8_sq_r23_c8.tif,O,O1,O1_K8_sq,23,8,2,0,3,86,0,0,0,2.4309452,4.811112,0.32143167,1.0681797
O1_K8_sq_r23_c9.tif,O,O1,O1_K8_sq,23,9,7,0,0,112,0,0,0,5.6052365,3.6977966,0.03529297,1.0677716
O1_K8_sq_r23_c10.tif,O,O1,O1_K8_sq,23,10,5,0,5,94,0,0,0,4.6921825,4.22107,0.44315985,1.0238519
O1_K8_sq_r23_c11.tif,O,O1,O1_K8_sq,23,11,4,0,11,115,0,0,0,3.0828803,3.389647,0.7440934,1.0048916
O1_K8_sq_r23_c12.tif,O,O1,O1_K8_sq,23,12,1,0,18,145,1,2,2,0.817149,2.6953819,0.95184714,1.0066212
O1_K8_sq_r23_c13.tif,O,O1,O1_K8_sq,23,13,6,0,8,111,0,0,0,4.6283665,3.5230975,0.57163495,1.0082828
O1_K8_sq_r23_c14.tif,O,O1,O1_K8_sq,23,14,5,0,13,112,1,0,0,3.7679648,3.389647,0.873501,0.9787906
O1_K8_sq_r23_c15.tif,O,O1,O1_K8_sq,23,15,5,0,12,127,0,0,0,3.4066532,3.0646124,0.73124135,1.0029252
O1_K8_sq_r23_c16.tif,O,O1,O1_K8_sq,23,16,5,0,5,86,0,0,0,5.0752177,4.5656466,0.47933614,1.0136808
O1_K8_sq_r23_c17.tif,O,O1,O1_K8_sq,23,17,2,0,6,88,0,0,0,2.3069172,4.5656466,0.56648815,1.0371184
O1_K8_sq_r23_c18.tif,O,O1,O1_K8_sq,23,18,5,0,15,111,1,0,0,3.739634,3.364161,0.9953679,0.96279633
O1_K8_sq_r23_c19.tif,O,O1,O1_K8_sq,23,19,2,0,18,120,0,2,2,1.5920979,3.1509392,1.1127226,0.97456294
O1_K8_sq_r23_c20.tif,O,O1,O1_K8_sq,23,20,1,4,22,112,1,1,1,0.9620335,28.559578,1.3629093,0.9163146
O1_K8_sq_r23_c21.tif,O,O1,O1_K8_sq,23,21,3,1,18,165,2,1,1,1.674651,7.102118,0.83601385,1.0056512
O1_K8_sq_r23_c22.tif,O,O1,O1_K8_sq,23,22,1,1,23,114,2,1,1,0.9620335,9.519859,1.4234831,0.93260455
O1_K8_sq_r23_c40.tif,O,O1,O1_K8_sq,23,40,1,2,31,113,1,1,1,0.9103807,15.014544,1.8056262,0.87482417
O1_K8_sq_r23_c41.tif,O,O1,O1_K8_sq,23,41,2,0,32,125,1,2,2,1.4042104,2.7790895,1.7240944,0.89521843
O1_K8_sq_r23_c42.tif,O,O1,O1_K8_sq,23,42,2,0,3,109,0,0,0,1.9489473,3.8571844,0.25769952,1.0840949
O1_K8_sq_r22_c8.tif,O,O1,O1_K8_sq,22,8,3,0,0,79,0,0,0,3.7679648,5.326588,0.050838683,1.0869236
O1_K8_sq_r22_c9.tif,O,O1,O1_K8_sq,22,9,6,0,1,87,0,0,0,6.122943,4.6607647,0.13345154,1.0467621
O1_K8_sq_r22_c10.tif,O,O1,O1_K8_sq,22,10,4,0,5,118,0,0,0,3.1545753,3.4684758,0.36414686,1.0549693
O1_K8_sq_r22_c11.tif,O,O1,O1_K8_sq,22,11,3,0,12,125,0,0,0,2.228937,3.1509392,0.7518397,1.0150012
O1_K8_sq_r22_c12.tif,O,O1,O1_K8_sq,22,12,1,0,16,118,0,2,2,0.9901221,3.265937,1.0286484,0.9933653
O1_K8_sq_r22_c13.tif,O,O1,O1_K8_sq,22,13,6,0,9,100,1,0,0,5.023953,3.8242173,0.6934918,0.98648703
O1_K8_sq_r22_c14.tif,O,O1,O1_K8_sq,22,14,6,0,14,121,0,0,0,4.110507,3.1289048,0.86603516,0.9757789
O1_K8_sq_r22_c15.tif,O,O1,O1_K8_sq,22,15,2,3,15,154,1,1,1,1.2845335,17.795647,0.7521814,1.0081543
O1_K8_sq_r22_c16.tif,O,O1,O1_K8_sq,22,16,4,0,10,96,2,0,0,3.6333945,3.9949412,0.80070925,0.98951066
O1_K8_sq_r22_c17.tif,O,O1,O1_K8_sq,22,17,3,0,14,44,2,0,0,5.023953,7.102118,1.9657624,0.811205
O1_K8_sq_r22_c18.tif,O,O1,O1_K8_sq,22,18,2,0,14,81,1,0,0,2.2836149,4.5195293,1.2509397,0.9454392
O1_K8_sq_r22_c19.tif,O,O1,O1_K8_sq,22,19,4,0,4,86,0,0,0,4.2389603,4.6607647,0.40035462,1.0347991
O1_K8_sq_r22_c20.tif,O,O1,O1_K8_sq,22,20,3,0,19,139,1,0,0,1.9417733,2.74499,1.0217639,0.98287386
O1_K8_sq_r22_c21.tif,O,O1,O1_K8_sq,22,21,4,1,11,134,1,1,1,2.6772382,8.830922,0.6461864,1.016225
O1_K8_sq_r22_c22.tif,O,O1,O1_K8_sq,22,22,1,0,12,112,1,2,2,1.0680845,3.5230975,0.8406396,1.0173256
O1_K8_sq_r22_c34.tif,O,O1,O1_K8_sq,22,34,1,3,13,67,1,1,1,1.5772877,36.419,1.3407224,0.9013978
O1_K8_sq_r22_c40.tif,O,O1,O1_K8_sq,22,40,0,1,33,107,1,1,1,0.31619284,9.386715,2.00084,0.8633435
O1_K8_sq_r22_c41.tif,O,O1,O1_K8_sq,22,41,2,1,33,100,0,1,1,1.6382455,9.726813,2.0733342,0.83636945
O1_K8_sq_r22_c42.tif,O,O1,O1_K8_sq,22,42,1,0,22,131,1,2,2,0.8695304,2.8681629,1.2318604,0.9680824
O1_K8_sq_r22_c43.tif,O,O1,O1_K8_sq,22,43,3,0,1,50,0,0,0,5.651947,7.9898825,0.22877407,1.0356536
O1_K8_sq_r21_c9.tif,O,O1,O1_K8_sq,21,9,7,0,2,72,0,0,0,8.17149,5.3907638,0.257256,1.003162
O1_K8_sq_r21_c10.tif,O,O1,O1_K8_sq,21,10,4,0,1,105,0,0,0,3.6333945,3.9949412,0.114387035,1.0817966
O1_K8_sq_r21_c11.tif,O,O1,O1_K8_sq,21,11,4,0,9,90,1,0,0,3.875621,4.2612705,0.772748,0.9898524
O1_K8_sq_r21_c12.tif,O,O1,O1_K8_sq,21,12,1,0,13,125,1,2,2,0.9620335,3.1732864,0.8177456,1.0221997
O1_K8_sq_r21_c13.tif,O,O1,O1_K8_sq,21,13,2,0,6,110,1,0,0,1.8839824,3.7286117,0.462632,1.0575289
O1_K8_sq_r21_c14.tif,O,O1,O1_K8_sq,21,14,4,0,10,120,0,0,0,2.9922075,3.2899516,0.6594076,1.0175583
O1_K8_sq_r21_c15.tif,O,O1,O1_K8_sq,21,15,4,0,12,115,1,0,0,3.059701,3.364161,0.802716,0.9973361
O1_K8_sq_r21_c16.tif,O,O1,O1_K8_sq,21,16,1,0,25,159,2,2,2,0.7253836,2.392692,1.1646681,0.9795582
O1_K8_sq_r21_c17.tif,O,O1,O1_K8_sq,21,17,3,0,7,129,1,0,0,2.244745,3.1732864,0.45430312,1.0547799
O1_K8_sq_r21_c18.tif,O,O1,O1_K8_sq,21,18,2,0,10,90,1,0,0,2.173826,4.302244,0.86230224,0.9993702
O1_K8_sq_r21_c19.tif,O,O1,O1_K8_sq,21,19,1,0,7,37,0,1,1,2.8861008,9.519859,1.3629093,0.9163146
O1_K8_sq_r21_c20.tif,O,O1,O1_K8_sq,21,20,5,0,15,118,1,0,0,3.5526526,3.195953,0.9455995,0.97207886
O1_K8_sq_r21_c21.tif,O,O1,O1_K8_sq,21,21,5,0,16,128,1,0,0,3.29385,2.963135,0.933277,0.9773213
O1_K8_sq_r21_c22.tif,O,O1,O1_K8_sq,21,22,3,0,14,117,2,0,0,2.3272724,3.2899516,0.9106105,0.99222493
O1_K8_sq_r21_c23.tif,O,O1,O1_K8_sq,21,23,4,0,23,114,1,0,0,2.8457358,3.1289048,1.4035742,0.91956115
O1_K8_sq_r21_c24.tif,O,O1,O1_K8_sq,21,24,1,2,28,121,1,1,1,0.8808229,14.527059,1.5806209,0.9060804
O1_K8_sq_r21_c33.tif,O,O1,O1_K8_sq,21,33,0,1,13,95,1,1,1,0.40734756,12.092794,1.0387579,0.98807883
O1_K8_sq_r21_c34.tif,O,O1,O1_K8_sq,21,34,0,1,22,100,1,1,1,0.36172464,10.738401,1.5373619,0.9233519
O1_K8_sq_r21_c39.tif,O,O1,O1_K8_sq,21,39,0,0,25,101,0,2,2,0.3532467,3.4955733,1.7015071,0.91068304
O1_K8_sq_r21_c40.tif,O,O1,O1_K8_sq,21,40,1,0,27,102,1,2,2,1.0276268,3.389647,1.7793539,0.89178693
O1_K8_sq_r21_c41.tif,O,O1,O1_K8_sq,21,41,0,0,26,125,1,2,2,0.29552665,2.9244013,1.479306,0.9420273
O1_K8_sq_r21_c42.tif,O,O1,O1_K8_sq,21,42,3,0,14,113,0,0,0,2.397796,3.389647,0.93820477,0.98749095
O1_K8_sq_r20_c11.tif,O,O1,O1_K8_sq,20,11,3,0,4,81,0,0,0,3.5167673,4.9714823,0.42704493,1.039983
O1_K8_sq_r20_c12.tif,O,O1,O1_K8_sq,20,12,1,0,7,92,1,2,2,1.32987,4.386602,0.6280073,1.0414844
O1_K8_sq_r20_c13.tif,O,O1,O1_K8_sq,20,13,4,0,5,113,1,0,0,3.2817757,3.6083338,0.37883016,1.0512
O1_K8_sq_r20_c14.tif,O,O1,O1_K8_sq,20,14,6,0,9,111,0,0,0,4.592207,3.4955733,0.6338948,1.0004056
O1_K8_sq_r20_c15.tif,O,O1,O1_K8_sq,20,15,5,0,6,93,1,0,0,4.6921825,4.22107,0.52373433,1.0130174
O1_K8_sq_r20_c16.tif,O,O1,O1_K8_sq,20,16,1,0,17,132,1,2,2,0.89241266,2.9436407,0.98332715,1.0011139
O1_K8_sq_r20_c17.tif,O,O1,O1_K8_sq,20,17,1,0,6,99,1,2,2,1.2559882,4.142902,0.5140356,1.0580605
O1_K8_sq_r20_c19.tif,O,O1,O1_K8_sq,20,19,3,0,8,87,1,0,0,3.1650903,4.474334,0.7259764,1.0048916
O1_K8_sq_r20_c23.tif,O,O1,O1_K8_sq,20,23,2,0,10,102,1,0,0,1.9489473,3.8571844,0.7730985,1.0147921
O1_K8_sq_r20_c24.tif,O,O1,O1_K8_sq,20,24,0,2,19,120,1,1,1,0.31619284,15.644525,1.1646681,0.96774775
O1_K8_sq_r20_c25.tif,O,O1,O1_K8_sq,20,25,2,2,9,119,2,1,1,1.6871483,16.695276,0.6055115,1.0241753
O1_K8_sq_r20_c31.tif,O,O1,O1_K8_sq,20,31,2,3,28,104,2,1,1,1.6264597,22.532616,1.7511914,0.86340123
O1_K8_sq_r20_c34.tif,O,O1,O1_K8_sq,20,34,1,1,10,58,1,1,1,1.8839824,18.643059,1.2455477,0.93311363
O1_K8_sq_r20_c39.tif,O,O1,O1_K8_sq,20,39,1,0,21,114,1,2,2,0.98294735,3.242271,1.3306472,0.9528786
O1_K8_sq_r20_c40.tif,O,O1,O1_K8_sq,20,40,6,1,21,117,1,0,0,3.9986565,9.131293,1.249179,0.91797686
O1_K8_sq_r20_c41.tif,O,O1,O1_K8_sq,20,41,2,0,13,117,1,0,0,1.6871483,3.339055,0.8604637,1.0070343
O1_K8_sq_r20_c42.tif,O,O1,O1_K8_sq,20,42,2,0,7,75,0,0,0,2.6288128,5.202714,0.7448458,1.0082302
O1_K8_sq_r20_c43.tif,O,O1,O1_K8_sq,20,43,2,0,11,92,0,0,0,2.1128774,4.1816206,0.91794705,0.99281687
O1_K8_sq_r19_c12.tif,O,O1,O1_K8_sq,19,12,5,0,0,67,0,0,0,6.7212343,6.046397,0.057708777,1.0475705
O1_K8_sq_r19_c13.tif,O,O1,O1_K8_sq,19,13,2,0,3,114,0,0,0,1.8684123,3.6977966,0.24705079,1.0867542
O1_K8_sq_r19_c14.tif,O,O1,O1_K8_sq,19,14,7,0,3,98,0,0,0,6.1657605,4.0675764,0.27175587,1.0283825
O1_K8_sq_r19_c15.tif,O,O1,O1_K8_sq,19,15,4,0,11,166,0,0,0,2.223717,2.444991,0.53672314,1.044899
O1_K8_sq_r19_c16.tif,O,O1,O1_K8_sq,19,16,6,0,5,90,1,0,0,5.7068205,4.3440137,0.4560674,1.0090729
O1_K8_sq_r19_c17.tif,O,O1,O1_K8_sq,19,17,3,0,8,124,1,0,0,2.3102849,3.265937,0.5299098,1.0436622
O1_K8_sq_r19_c18.tif,O,O1,O1_K8_sq,19,18,2,0,15,156,2,2,2,1.2918737,2.5567622,0.7564796,1.0270402
O1_K8_sq_r19_c19.tif,O,O1,O1_K8_sq,19,19,3,0,12,169,1,0,0,1.7016616,2.405556,0.57398516,1.0465692
O1_K8_sq_r19_c24.tif,O,O1,O1_K8_sq,19,24,1,1,14,103,1,1,1,1.1210474,11.0933895,1.0234962,0.9823498
O1_K8_sq_r19_c25.tif,O,O1,O1_K8_sq,19,25,2,0,26,95,1,2,2,1.8086231,3.5794673,1.8106705,0.8774139
O1_K8_sq_r19_c26.tif,O,O1,O1_K8_sq,19,26,0,0,19,115,1,2,2,0.3324675,3.2899516,1.2246141,0.97533596
O1_K8_sq_r19_c27.tif,O,O1,O1_K8_sq,19,27,2,0,25,119,1,2,2,1.5275532,3.0231986,1.4715737,0.9272938
O1_K8_sq_r19_c28.tif,O,O1,O1_K8_sq,19,28,0,0,18,89,0,2,2,0.4148218,4.104893,1.4496021,0.9429913
O1_K8_sq_r19_c29.tif,O,O1,O1_K8_sq,19,29,3,0,16,80,2,0,0,3.133753,4.4300337,1.3952953,0.9153468
O1_K8_sq_r19_c30.tif,O,O1,O1_K8_sq,19,30,3,1,19,95,1,1,1,2.6375754,11.185835,1.387896,0.9139729
O1_K8_sq_r19_c31.tif,O,O1,O1_K8_sq,19,31,2,1,21,73,1,1,1,2.2836149,13.558588,1.8548416,0.8526353
O1_K8_sq_r19_c38.tif,O,O1,O1_K8_sq,19,38,0,1,11,73,1,1,1,0.5197193,15.428738,1.1289693,0.97024024
O1_K8_sq_r19_c39.tif,O,O1,O1_K8_sq,19,39,0,0,17,68,1,1,1,0.5197193,5.1429124,1.7179968,0.90423745
O1_K8_sq_r19_c40.tif,O,O1,O1_K8_sq,19,40,2,0,23,111,0,2,2,1.6382455,3.242271,1.4544284,0.92791235
O1_K8_sq_r19_c41.tif,O,O1,O1_K8_sq,19,41,1,0,35,133,0,2,2,0.79325575,2.6165695,1.7731105,0.89659506
O1_K8_sq_r19_c42.tif,O,O1,O1_K8_sq,19,42,0,1,50,122,1,1,1,0.25837472,7.6702867,2.4646592,0.8039133
O1_K8_sq_r19_c43.tif,O,O1,O1_K8_sq,19,43,3,5,41,116,1,1,1,1.8952638,29.471663,2.122439,0.80116254
O1_K8_sq_r19_c44.tif,O,O1,O1_K8_sq,19,44,0,0,14,98,0,1,1,0.39662787,3.9248543,1.0863425,0.99229896
O1_K8_sq_r18_c13.tif,O,O1,O1_K8_sq,18,13,3,0,5,58,0,0,0,4.654545,6.579903,0.690808,0.98800266
O1_K8_sq_r18_c14.tif,O,O1,O1_K8_sq,18,14,5,0,1,54,0,0,0,8.022119,7.2166677,0.20663464,1.0095224
O1_K8_sq_r18_c15.tif,O,O1,O1_K8_sq,18,15,4,0,2,61,1,0,0,5.897684,6.484542,0.30945283,1.0236163
O1_K8_sq_r18_c16.tif,O,O1,O1_K8_sq,18,16,5,0,4,114,0,0,0,3.9789708,3.5794673,0.30747235,1.051978
O1_K8_sq_r18_c17.tif,O,O1,O1_K8_sq,18,17,3,0,7,124,0,0,0,2.3272724,3.2899516,0.47100544,1.0513362
O1_K8_sq_r18_c18.tif,O,O1,O1_K8_sq,18,18,1,0,9,78,0,2,2,1.5071859,4.9714823,0.9015393,1.0017015
O1_K8_sq_r18_c19.tif,O,O1,O1_K8_sq,18,19,4,0,16,126,1,0,0,2.7495959,3.0231986,0.9521948,0.98161227
O1_K8_sq_r18_c20.tif,O,O1,O1_K8_sq,18,20,0,1,17,146,1,1,1,0.27238297,8.086145,0.90039593,1.0135396
O1_K8_sq_r18_c21.tif,O,O1,O1_K8_sq,18,21,0,0,15,109,1,2,2,0.35885382,3.551059,1.0506661,0.99805564
O1_K8_sq_r18_c23.tif,O,O1,O1_K8_sq,18,23,0,1,18,140,1,1,1,0.2808421,8.337269,0.9814076,1.0022167
O1_K8_sq_r18_c24.tif,O,O1,O1_K8_sq,18,24,0,0,24,130,1,2,2,0.28984344,2.8681629,1.341359,0.96072054
O1_K8_sq_r18_c25.tif,O,O1,O1_K8_sq,18,25,0,1,21,74,0,1,1,0.46138343,13.69694,1.8737686,0.87305456
O1_K8_sq_r18_c26.tif,O,O1,O1_K8_sq,18,26,2,4,22,74,1,1,1,2.173826,38.7202,1.8477906,0.822686
O1_K8_sq_r18_c27.tif,O,O1,O1_K8_sq,18,27,4,0,14,107,1,0,0,3.2042537,3.5230975,0.97514194,0.97211117
O1_K8_sq_r18_c28.tif,O,O1,O1_K8_sq,18,28,1,0,12,66,1,2,2,1.674651,5.523869,1.3180399,0.94286126
O1_K8_sq_r18_c29.tif,O,O1,O1_K8_sq,18,29,2,0,20,125,0,2,2,1.5173012,3.0029087,1.1750901,0.96731657
O1_K8_sq_r18_c30.tif,O,O1,O1_K8_sq,18,30,0,4,14,128,2,1,1,0.30551067,27.208788,0.83677727,0.9971318
O1_K8_sq_r18_c40.tif,O,O1,O1_K8_sq,18,40,0,0,19,133,1,2,2,0.29360765,2.9054117,1.0814774,0.9955698
O1_K8_sq_r18_c41.tif,O,O1,O1_K8_sq,18,41,2,0,18,110,1,2,2,1.7127113,3.389647,1.1970199,0.9613898
O1_K8_sq_r18_c42.tif,O,O1,O1_K8_sq,18,42,1,2,46,113,1,1,1,0.82711416,13.641262,2.4216573,0.79480976
O1_K8_sq_r18_c43.tif,O,O1,O1_K8_sq,18,43,0,3,59,103,0,1,1,0.27075198,18.754694,3.0430148,0.71176237
O1_K8_sq_r18_c44.tif,O,O1,O1_K8_sq,18,44,1,0,42,68,0,2,2,1.2004136,3.9595876,3.212285,0.6961828
O1_K8_sq_r17_c15.tif,O,O1,O1_K8_sq,17,15,4,0,1,57,0,0,0,6.3584404,6.9911466,0.20017731,1.0318084
O1_K8_sq_r17_c16.tif,O,O1,O1_K8_sq,17,16,5,0,4,107,0,0,0,4.2150116,3.7918084,0.32571223,1.0462552
O1_K8_sq_r17_c17.tif,O,O1,O1_K8_sq,17,17,6,0,7,89,1,0,0,5.651947,4.302244,0.6159302,0.9883275
O1_K8_sq_r17_c18.tif,O,O1,O1_K8_sq,17,18,3,0,11,109,1,0,0,2.5320723,3.5794673,0.78576267,1.0060401
O1_K8_sq_r17_c19.tif,O,O1,O1_K8_sq,17,19,5,0,11,93,0,0,0,4.480823,4.0309315,0.88486785,0.967386
O1_K8_sq_r17_c20.tif,O,O1,O1_K8_sq,17,20,4,1,30,97,2,1,1,3.0368674,10.017165,1.9440105,0.8356242
O1_K8_sq_r17_c21.tif,O,O1,O1_K8_sq,17,21,1,0,17,135,2,2,2,0.8751402,2.886667,0.96429497,1.0039655
O1_K8_sq_r17_c22.tif,O,O1,O1_K8_sq,17,22,6,0,8,84,1,0,0,5.878025,4.474334,0.7259764,0.97043824
O1_K8_sq_r17_c23.tif,O,O1,O1_K8_sq,17,23,2,1,15,99,2,1,1,1.8998142,11.279834,1.11247,0.9602566
O1_K8_sq_r17_c24.tif,O,O1,O1_K8_sq,17,24,1,0,21,154,2,2,2,0.7620603,2.5136707,1.0316254,0.99682665
O1_K8_sq_r17_c25.tif,O,O1,O1_K8_sq,17,25,1,1,25,80,1,1,1,1.2444655,12.314681,1.9981002,0.84816545
O1_K8_sq_r17_c26.tif,O,O1,O1_K8_sq,17,26,2,6,25,111,2,1,1,1.5484787,39.839962,1.4917324,0.87706786
O1_K8_sq_r17_c27.tif,O,O1,O1_K8_sq,17,27,3,0,25,119,1,0,0,2.1242218,3.0029087,1.4616975,0.92107034
O1_K8_sq_r17_c28.tif,O,O1,O1_K8_sq,17,28,0,2,26,123,1,1,1,0.29552665,14.622007,1.479306,0.9270149
O1_K8_sq_r17_c41.tif,O,O1,O1_K8_sq,17,41,0,2,32,121,1,1,1,0.2879973,14.249472,1.7680204,0.88876677
O1_K8_sq_r17_c42.tif,O,O1,O1_K8_sq,17,42,2,3,37,136,1,1,1,1.2559882,17.400188,1.7793539,0.87090605
O1_K8_sq_r17_c43.tif,O,O1,O1_K8_sq,17,43,2,0,28,128,1,2,2,1.4129868,2.7964587,1.5213475,0.922347
O1_K8_sq_r17_c44.tif,O,O1,O1_K8_sq,17,44,3,0,9,116,0,0,0,2.434685,3.4417953,0.62414265,1.0291858
O1_K8_sq_r17_c45.tif,O,O1,O1_K8_sq,17,45,1,0,1,59,0,1,1,2.1531227,7.102118,0.20335473,1.0846449
O1_K8_sq_r16_c18.tif,O,O1,O1_K8_sq,16,18,3,0,11,44,0,0,0,5.275151,7.4572234,1.6370056,0.8517653
O1_K8_sq_r16_c19.tif,O,O1,O1_K8_sq,16,19,4,0,5,112,0,0,0,3.3084567,3.6376698,0.3819101,1.0504094
O1_K8_sq_r16_c20.tif,O,O1,O1_K8_sq,16,20,4,0,4,100,0,0,0,3.6994562,4.0675764,0.34940037,1.0492635
O1_K8_sq_r16_c21.tif,O,O1,O1_K8_sq,16,21,1,0,8,108,2,2,2,1.1398885,3.7599447,0.6100642,1.0471139
O1_K8_sq_r16_c22.tif,O,O1,O1_K8_sq,16,22,1,0,17,121,1,2,2,0.9620335,3.1732864,1.0600406,0.98961973
O1_K8_sq_r16_c23.tif,O,O1,O1_K8_sq,16,23,4,0,20,103,1,0,0,3.1545753,3.4684758,1.3572747,0.9214289
O1_K8_sq_r16_c24.tif,O,O1,O1_K8_sq,16,24,2,1,24,111,1,1,1,1.6148422,9.587859,1.4946573,0.91465646
O1_K8_sq_r16_c25.tif,O,O1,O1_K8_sq,16,25,1,0,27,139,2,2,2,0.8026434,2.6475348,1.3897911,0.947979
O1_K8_sq_r16_c26.tif,O,O1,O1_K8_sq,16,26,0,2,24,122,2,1,1,0.3014372,14.914447,1.3950133,0.9378989
O1_K8_sq_r16_c27.tif,O,O1,O1_K8_sq,16,27,0,1,28,125,2,1,1,0.28984344,8.604488,1.5603565,0.92391133
O1_K8_sq_r16_c28.tif,O,O1,O1_K8_sq,16,28,1,4,49,132,2,1,1,0.7215252,21.419685,2.2488005,0.8094112
O1_K8_sq_r16_c41.tif,O,O1,O1_K8_sq,16,41,0,0,39,105,0,2,2,0.30969572,3.0646124,2.3107226,0.82987136
O1_K8_sq_r16_c42.tif,O,O1,O1_K8_sq,16,42,1,2,40,135,1,1,1,0.75359297,12.428705,1.9217021,0.8645258
O1_K8_sq_r16_c43.tif,O,O1,O1_K8_sq,16,43,1,1,63,83,1,1,1,0.90431154,8.948668,3.6156473,0.6393025
O1_K8_sq_r16_c44.tif,O,O1,O1_K8_sq,16,44,1,0,32,107,0,2,2,0.95525867,3.1509392,1.9547831,0.86942333
O1_K8_sq_r16_c45.tif,O,O1,O1_K8_sq,16,45,2,0,3,90,0,0,0,2.3307,4.6127152,0.30817676,1.0714898
O1_K8_sq_r15_c21.tif,O,O1,O1_K8_sq,15,21,5,0,3,47,1,0,0,8.725813,7.8497086,0.5244411,0.95703965
O1_K8_sq_r15_c22.tif,O,O1,O1_K8_sq,15,22,0,0,5,80,1,1,1,0.5197193,5.1429124,0.5399419,1.062644
O1_K8_sq_r15_c23.tif,O,O1,O1_K8_sq,15,23,2,0,4,57,0,0,0,3.4781215,6.8835907,0.59129304,1.0159343
O1_K8_sq_r15_c24.tif,O,O1,O1_K8_sq,15,24,5,0,2,68,1,0,0,6.4593687,5.8108234,0.2773019,1.0216709
O1_K8_sq_r15_c25.tif,O,O1,O1_K8_sq,15,25,4,2,19,95,2,1,1,3.3355753,18.337435,1.3651437,0.89898974
O1_K8_sq_r15_c26.tif,O,O1,O1_K8_sq,15,26,2,1,10,123,2,1,1,1.6382455,9.726813,0.64985096,1.0277774
O1_K8_sq_r15_c27.tif,O,O1,O1_K8_sq,15,27,2,2,25,117,2,1,1,1.5275532,15.115993,1.4715737,0.9117743
O1_K8_sq_r15_c28.tif,O,O1,O1_K8_sq,15,28,0,1,42,100,2,1,1,0.31183156,9.257242,2.503367,0.795993
O1_K8_sq_r15_c32.tif,O,O1,O1_K8_sq,15,32,1,6,40,116,1,1,1,0.82210135,35.252327,2.0964024,0.81087357
O1_K8_sq_r15_c33.tif,O,O1,O1_K8_sq,15,33,0,3,37,136,2,1,1,0.2540201,17.595695,1.7993466,0.8806915
O1_K8_sq_r15_c41.tif,O,O1,O1_K8_sq,15,41,0,3,17,96,0,1,1,0.38318285,26.542658,1.2666588,0.9391965
O1_K8_sq_r15_c42.tif,O,O1,O1_K8_sq,15,42,2,0,33,117,0,2,2,1.4680382,2.9054117,1.8579228,0.8762506
O1_K8_sq_r15_c43.tif,O,O1,O1_K8_sq,15,43,0,0,27,121,0,2,2,0.3014372,2.9828894,1.5658314,0.93024254
O1_K8_sq_r15_c44.tif,O,O1,O1_K8_sq,15,44,0,0,20,123,0,2,2,0.31183156,3.0857475,1.2075064,0.97816056
O1_K8_sq_r15_c45.tif,O,O1,O1_K8_sq,15,45,0,0,9,123,0,1,1,0.33742967,3.339055,0.6055115,1.0584573
O1_K8_sq_r15_c46.tif,O,O1,O1_K8_sq,15,46,0,0,0,51,0,1,1,0.85312414,8.44214,0.08057452,1.1159444
O1_K8_sq_r14_c25.tif,O,O1,O1_K8_sq,14,25,0,0,5,96,0,1,1,0.43898618,4.3440137,0.4560674,1.0759728
O1_K8_sq_r14_c26.tif,O,O1,O1_K8_sq,14,26,2,0,7,95,2,0,0,2.1328104,4.22107,0.60430884,1.0346863
O1_K8_sq_r14_c27.tif,O,O1,O1_K8_sq,14,27,2,1,8,132,0,1,1,1.5591578,9.257242,0.50067335,1.0494435
O1_K8_sq_r14_c28.tif,O,O1,O1_K8_sq,14,28,1,2,20,88,2,1,1,1.2004136,19.797937,1.549455,0.89944786
O1_K8_sq_r14_c29.tif,O,O1,O1_K8_sq,14,29,1,0,22,126,1,2,2,0.89832276,2.963135,1.2726505,0.96211004
O1_K8_sq_r14_c30.tif,O,O1,O1_K8_sq,14,30,3,0,29,121,2,0,0,2.0419939,2.886667,1.6255258,0.90023476
O1_K8_sq_r14_c31.tif,O,O1,O1_K8_sq,14,31,0,1,25,149,2,1,1,0.25545523,7.5836167,1.2304684,0.9700164
O1_K8_sq_r14_c32.tif,O,O1,O1_K8_sq,14,32,4,1,30,126,1,1,1,2.4965656,8.234971,1.5981436,0.8912799
O1_K8_sq_r14_c33.tif,O,O1,O1_K8_sq,14,33,1,3,31,150,2,1,1,0.7253836,16.748844,1.4387075,0.92428535
O1_K8_sq_r14_c34.tif,O,O1,O1_K8_sq,14,34,0,1,47,128,2,1,1,0.2540201,7.5410123,2.2791724,0.82907593
O1_K8_sq_r14_c35.tif,O,O1,O1_K8_sq,14,35,0,4,39,107,2,1,1,0.2974709,26.492767,2.2195098,0.81222445
O1_K8_sq_r14_c41.tif,O,O1,O1_K8_sq,14,41,0,3,20,120,1,1,1,0.31183156,21.600233,1.2075064,0.9543995
O1_K8_sq_r14_c42.tif,O,O1,O1_K8_sq,14,42,0,0,29,150,1,2,2,0.24980983,2.4720078,1.392025,0.95492464
O1_K8_sq_r14_c45.tif,O,O1,O1_K8_sq,14,45,0,0,17,135,1,2,2,0.29360765,2.9054117,0.9705567,1.0104847
O1_K8_sq_r14_c46.tif,O,O1,O1_K8_sq,14,46,2,0,6,118,0,0,0,1.7662334,3.4955733,0.43371752,1.0632112
O1_K8_sq_r14_c47.tif,O,O1,O1_K8_sq,14,47,1,0,2,57,0,1,1,2.1878505,7.2166677,0.34439108,1.0650926
O1_K8_sq_r13_c29.tif,O,O1,O1_K8_sq,13,29,2,0,7,85,1,0,0,2.3549778,4.6607647,0.6672577,1.0228361
O1_K8_sq_r13_c30.tif,O,O1,O1_K8_sq,13,30,5,0,6,99,1,0,0,4.4408154,3.9949412,0.49567714,1.0202726
O1_K8_sq_r13_c31.tif,O,O1,O1_K8_sq,13,31,2,0,12,107,1,0,0,1.8380315,3.6376698,0.8679775,1.0037246
O1_K8_sq_r13_c32.tif,O,O1,O1_K8_sq,13,32,2,1,19,100,2,1,1,1.8232087,10.825001,1.3431252,0.93079823
O1_K8_sq_r13_c33.tif,O,O1,O1_K8_sq,13,33,2,1,22,125,2,1,1,1.4873545,8.830922,1.2642778,0.94822484
O1_K8_sq_r13_c34.tif,O,O1,O1_K8_sq,13,34,1,0,32,157,2,2,2,0.7064934,2.3303823,1.445725,0.9420859
O1_K8_sq_r13_c35.tif,O,O1,O1_K8_sq,13,35,1,0,33,132,1,2,2,0.8074211,2.663294,1.7030958,0.90576965
O1_K8_sq_r13_c36.tif,O,O1,O1_K8_sq,13,36,1,0,19,70,1,2,2,1.474421,4.8634067,1.8102992,0.88006043
O1_K8_sq_r13_c37.tif,O,O1,O1_K8_sq,13,37,0,6,41,104,2,1,1,0.29552665,38.017216,2.3166492,0.7843972
O1_K8_sq_r13_c40.tif,O,O1,O1_K8_sq,13,40,0,7,41,126,2,1,1,0.2569067,38.13353,2.013905,0.8254467
O1_K8_sq_r13_c41.tif,O,O1,O1_K8_sq,13,41,0,2,35,122,1,1,1,0.2808421,13.895448,1.8832417,0.8738188
O1_K8_sq_r13_c42.tif,O,O1,O1_K8_sq,13,42,0,6,51,110,1,1,1,0.2675478,34.417953,2.6026998,0.750908
O1_K8_sq_r13_c46.tif,O,O1,O1_K8_sq,13,46,0,0,6,149,0,1,1,0.2879973,2.8498943,0.35360408,1.0935855
O1_K8_sq_r13_c47.tif,O,O1,O1_K8_sq,13,47,0,0,5,128,0,1,1,0.3349302,3.3143213,0.34796253,1.0931519
O1_K8_sq_r12_c33.tif,O,O1,O1_K8_sq,12,33,2,0,9,117,0,0,0,1.7390608,3.4417953,0.62414265,1.0380199
O1_K8_sq_r12_c34.tif,O,O1,O1_K8_sq,12,34,0,0,11,129,0,2,2,0.31841955,3.1509392,0.69169253,1.0473518
O1_K8_sq_r12_c35.tif,O,O1,O1_K8_sq,12,35,2,0,9,88,1,0,0,2.238395,4.4300337,0.8033519,1.006313
O1_K8_sq_r12_c36.tif,O,O1,O1_K8_sq,12,36,1,0,7,139,1,2,2,0.9103807,3.0029087,0.42991102,1.0752244
O1_K8_sq_r12_c37.tif,O,O1,O1_K8_sq,12,37,2,1,13,130,1,1,1,1.5275532,9.069595,0.7790684,1.0126514
O1_K8_sq_r12_c38.tif,O,O1,O1_K8_sq,12,38,0,0,11,126,2,2,2,0.32529193,3.2189453,0.7066211,1.04517
O1_K8_sq_r12_c39.tif,O,O1,O1_K8_sq,12,39,0,1,22,128,2,1,1,0.29552665,8.773204,1.2560146,0.96454585
O1_K8_sq_r12_c40.tif,O,O1,O1_K8_sq,12,40,0,6,30,135,2,1,1,0.26136172,33.62216,1.5057654,0.8995066
O1_K8_sq_r12_c41.tif,O,O1,O1_K8_sq,12,41,2,1,29,89,1,1,1,1.8380315,10.91301,2.0484269,0.835659
O1_K8_sq_r12_c42.tif,O,O1,O1_K8_sq,12,42,2,3,39,146,0,1,1,1.1774889,16.312675,1.757112,0.8762894
O1_K8_sq_r12_c46.tif,O,O1,O1_K8_sq,12,46,0,0,13,149,0,2,2,0.27570474,2.7282524,0.7030618,1.046908
O1_K8_sq_r12_c47.tif,O,O1,O1_K8_sq,12,47,0,0,6,145,0,1,1,0.29552665,2.9244013,0.36284864,1.092151
O1_K8_sq_r11_c39.tif,O,O1,O1_K8_sq,11,39,0,0,6,64,0,1,1,0.6279941,6.2143526,0.7710533,1.0288177
O1_K8_sq_r11_c40.tif,O,O1,O1_K8_sq,11,40,0,1,12,122,2,1,1,0.33004072,9.7978115,0.77927905,1.0268966
O1_K8_sq_r11_c41.tif,O,O1,O1_K8_sq,11,41,1,0,20,132,1,2,2,0.8751402,2.886667,1.1296027,0.9817375
O1_K8_sq_r11_c42.tif,O,O1,O1_K8_sq,11,42,0,1,25,128,1,1,1,0.28984344,8.604488,1.3961084,0.9459969
O1_K8_sq_r11_c46.tif,O,O1,O1_K8_sq,11,46,1,0,7,109,0,2,2,1.1398885,3.7599447,0.538292,1.0567647
O1_K8_sq_r11_c47.tif,O,O1,O1_K8_sq,11,47,0,0,3,117,0,1,1,0.37061948,3.6674867,0.24502577,1.1060869
O1_K8_sq_r10_c41.tif,O,O1,O1_K8_sq,10,41,1,0,25,75,1,2,2,1.3169585,4.3440137,2.1144943,0.8418232
O1_K8_sq_r10_c42.tif,O,O1,O1_K8_sq,10,42,2,0,15,67,0,0,0,2.6288128,5.202714,1.539348,0.9013978
O1_K8_sq_r10_c43.tif,O,O1,O1_K8_sq,10,43,1,0,8,79,0,2,2,1.5071859,4.9714823,0.80664045,1.014462
O1_K8_sq_r10_c44.tif,O,O1,O1_K8_sq,10,44,1,0,6,64,0,1,1,1.8581744,6.129225,0.760491,1.0147243
O1_K8_sq_r10_c45.tif,O,O1,O1_K8_sq,10,45,0,1,8,87,1,1,1,0.46138343,13.69694,0.7407923,1.0253996
O5_K8_sq_r65_c37.tif,O,O5,O5_K8_sq,65,37,0,0,0,55,0,1,1,0.79325575,7.8497086,0.07492016,1.1182252
O5_K8_sq_r64_c30.tif,O,O5,O5_K8_sq,64,30,0,0,0,53,2,1,1,0.82210135,8.135153,0.07764453,1.1171263
O5_K8_sq_r64_c31.tif,O,O5,O5_K8_sq,64,31,0,0,0,84,2,1,1,0.5257625,5.202714,0.049656387,1.1284165
O5_K8_sq_r64_c37.tif,O,O5,O5_K8_sq,64,37,1,0,1,100,1,1,1,1.3042955,4.302244,0.12318604,1.109798
O5_K8_sq_r63_c30.tif,O,O5,O5_K8_sq,63,30,0,0,0,101,2,1,1,0.43898618,4.3440137,0.041460674,1.1317227
O5_K8_sq_r63_c31.tif,O,O5,O5_K8_sq,63,31,0,0,1,134,1,1,1,0.33004072,3.265937,0.09351349,1.1274905
O5_K8_sq_r63_c36.tif,O,O5,O5_K8_sq,63,36,0,0,4,83,2,1,1,0.5080402,5.0273414,0.4318432,1.0774761
O5_K8_sq_r63_c37.tif,O,O5,O5_K8_sq,63,37,0,0,0,82,2,1,1,0.53828067,5.326588,0.050838683,1.1279396
O5_K8_sq_r63_c38.tif,O,O5,O5_K8_sq,63,38,1,0,0,54,1,1,1,2.3797672,7.8497086,0.07492016,1.098077
O5_K8_sq_r62_c29.tif,O,O5,O5_K8_sq,62,29,1,0,0,99,1,1,1,1.32987,4.386602,0.04186715,1.1202993
O5_K8_sq_r62_c30.tif,O,O5,O5_K8_sq,62,30,0,0,4,132,2,1,1,0.32764912,3.242271,0.27850756,1.1026762
O5_K8_sq_r62_c31.tif,O,O5,O5_K8_sq,62,31,0,0,9,137,1,1,1,0.30551067,3.0231986,0.54823333,1.0669699
O5_K8_sq_r62_c37.tif,O,O5,O5_K8_sq,62,37,1,0,5,138,0,2,2,0.9290872,3.0646124,0.3217462,1.089452
O5_K8_sq_r62_c38.tif,O,O5,O5_K8_sq,62,38,1,0,0,121,1,1,1,1.0939252,3.6083338,0.034439106,1.1252934
O5_K8_sq_r61_c29.tif,O,O5,O5_K8_sq,61,29,1,0,0,64,1,1,1,2.024578,6.67811,0.06373805,1.105595
O5_K8_sq_r61_c30.tif,O,O5,O5_K8_sq,61,30,0,0,10,153,2,2,2,0.27403378,2.7117174,0.54351175,1.0684043
O5_K8_sq_r61_c31.tif,O,O5,O5_K8_sq,61,31,0,0,4,98,1,1,1,0.4347652,4.302244,0.36955813,1.0877124
O5_K8_sq_r61_c32.tif,O,O5,O5_K8_sq,61,32,0,0,15,76,1,1,1,0.486189,4.811112,1.4234831,0.94469076
O5_K8_sq_r61_c36.tif,O,O5,O5_K8_sq,61,36,1,0,3,92,2,1,1,1.3841504,4.5656466,0.3050321,1.0839939
O5_K8_sq_r61_c37.tif,O,O5,O5_K8_sq,61,37,0,0,11,164,0,2,2,0.25545523,2.5278723,0.55491716,1.0673425
O5_K8_sq_r61_c38.tif,O,O5,O5_K8_sq,61,38,1,0,1,113,1,1,1,1.1593738,3.8242173,0.1094987,1.1140922
O5_K8_sq_r60_c29.tif,O,O5,O5_K8_sq,60,29,0,0,5,115,2,1,1,0.37061948,3.6674867,0.3850405,1.0872598
O5_K8_sq_r60_c30.tif,O,O5,O5_K8_sq,60,30,1,0,9,131,2,2,2,0.94857854,3.1289048,0.56740236,1.0560899
O5_K8_sq_r60_c37.tif,O,O5,O5_K8_sq,60,37,0,0,2,147,1,1,1,0.29944092,2.963135,0.1414056,1.121828
O5_K8_sq_r60_c38.tif,O,O5,O5_K8_sq,60,38,1,0,2,132,0,2,2,0.9901221,3.265937,0.1558558,1.1107249
O5_K8_sq_r60_c39.tif,O,O5,O5_K8_sq,60,39,1,0,1,47,1,1,1,2.65974,8.773204,0.2512029,1.0696325
O5_K8_sq_r59_c29.tif,O,O5,O5_K8_sq,59,29,0,0,1,99,2,1,1,0.44329,4.386602,0.12560146,1.1202993
O5_K8_sq_r59_c37.tif,O,O5,O5_K8_sq,59,37,2,0,2,75,1,0,0,2.791085,5.523869,0.26360798,1.0704665
O5_K8_sq_r59_c38.tif,O,O5,O5_K8_sq,59,38,1,0,1,90,1,1,1,1.4430504,4.7599297,0.13629094,1.1056862
O5_K8_sq_r59_c39.tif,O,O5,O5_K8_sq,59,39,0,0,0,100,1,1,1,0.44329,4.386602,0.04186715,1.1315587
O5_K8_sq_r58_c29.tif,O,O5,O5_K8_sq,58,29,1,0,5,96,2,1,1,1.3042955,4.302244,0.45168215,1.0656269
O5_K8_sq_r58_c39.tif,O,O5,O5_K8_sq,58,39,0,0,1,64,1,1,1,0.67485934,6.67811,0.19121414,1.105595
O5_K8_sq_r57_c29.tif,O,O5,O5_K8_sq,57,29,0,0,10,97,2,1,1,0.4148218,4.104893,0.8227471,1.0272812
O5_K8_sq_r56_c29.tif,O,O5,O5_K8_sq,56,29,0,0,2,131,2,1,1,0.3349302,3.3143213,0.15816478,1.118673
O5_K8_sq_r56_c30.tif,O,O5,O5_K8_sq,56,30,0,0,21,149,2,2,2,0.26288125,2.601357,1.0676123,0.9982146
O5_K8_sq_r56_c31.tif,O,O5,O5_K8_sq,56,31,1,0,22,113,1,2,2,0.98294735,3.242271,1.3925378,0.94455653
O5_K8_sq_r55_c29.tif,O,O5,O5_K8_sq,55,29,0,0,5,67,2,1,1,0.61102134,6.046397,0.6347965,1.0475705
O5_K8_sq_r55_c30.tif,O,O5,O5_K8_sq,55,30,1,0,22,135,2,2,2,0.8477921,2.7964587,1.2010639,0.9725916
O5_K8_sq_r55_c39.tif,O,O5,O5_K8_sq,55,39,1,0,6,91,1,2,2,1.3564672,4.474334,0.5551584,1.0508295
O5_K8_sq_r55_c40.tif,O,O5,O5_K8_sq,55,40,1,0,0,61,2,1,1,2.1194801,6.9911466,0.06672577,1.1035863
O5_K8_sq_r54_c29.tif,O,O5,O5_K8_sq,54,29,0,0,5,106,1,1,1,0.40013784,3.9595876,0.41570747,1.0823865
O5_K8_sq_r54_c30.tif,O,O5,O5_K8_sq,54,30,1,0,20,116,2,2,2,0.9758758,3.2189453,1.2596289,0.96254784
O5_K8_sq_r54_c40.tif,O,O5,O5_K8_sq,54,40,0,0,6,134,0,1,1,0.31841955,3.1509392,0.3909566,1.0877901
O5_K8_sq_r53_c28.tif,O,O5,O5_K8_sq,53,28,3,0,3,79,0,0,0,3.638035,5.1429124,0.34359938,1.0494435
O5_K8_sq_r53_c29.tif,O,O5,O5_K8_sq,53,29,2,0,4,145,1,0,0,1.4776334,2.9244013,0.2512029,1.092151
O5_K8_sq_r53_c30.tif,O,O5,O5_K8_sq,53,30,0,0,15,126,0,2,2,0.31619284,3.1289048,0.9257617,1.0159343
O5_K8_sq_r53_c31.tif,O,O5,O5_K8_sq,53,31,1,0,9,106,2,2,2,1.1495485,3.7918084,0.68761474,1.0365226
O5_K8_sq_r53_c35.tif,O,O5,O5_K8_sq,53,35,0,0,4,75,0,1,1,0.558217,5.523869,0.47449437,1.0704665
O5_K8_sq_r53_c40.tif,O,O5,O5_K8_sq,53,40,1,0,7,111,1,2,2,1.1210474,3.6977966,0.5293945,1.0582802
O5_K8_sq_r53_c41.tif,O,O5,O5_K8_sq,53,41,1,0,2,83,1,1,1,1.5414401,5.0844707,0.24263917,1.0897201
O5_K8_sq_r52_c28.tif,O,O5,O5_K8_sq,52,28,3,0,3,107,1,0,0,2.7522523,3.890725,0.2599404,1.0735488
O5_K8_sq_r52_c29.tif,O,O5,O5_K8_sq,52,29,0,0,22,166,1,2,2,0.23797673,2.3549128,1.0114223,1.0064027
O5_K8_sq_r52_c30.tif,O,O5,O5_K8_sq,52,30,2,0,13,104,1,0,0,1.8684123,3.6977966,0.9529102,0.99184114
O5_K8_sq_r52_c31.tif,O,O5,O5_K8_sq,52,31,0,0,12,109,2,1,1,0.3676063,3.6376698,0.8679775,1.0223985
O5_K8_sq_r52_c32.tif,O,O5,O5_K8_sq,52,32,1,0,30,130,1,2,2,0.83218855,2.74499,1.5981436,0.9194627
O5_K8_sq_r52_c35.tif,O,O5,O5_K8_sq,52,35,0,0,3,85,1,1,1,0.50239533,4.9714823,0.33214608,1.0910252
O5_K8_sq_r52_c40.tif,O,O5,O5_K8_sq,52,40,0,0,6,89,2,1,1,0.46613997,4.6127152,0.5723282,1.0596501
O5_K8_sq_r52_c41.tif,O,O5,O5_K8_sq,52,41,1,0,20,76,1,2,2,1.370169,4.5195293,1.76857,0.88743675
O5_K8_sq_r52_c42.tif,O,O5,O5_K8_sq,52,42,1,0,20,56,0,2,2,1.7170472,5.663714,2.2163093,0.8213581
O5_K8_sq_r51_c28.tif,O,O5,O5_K8_sq,51,28,1,0,5,160,1,2,2,0.8074211,2.663294,0.27961278,1.0971776
O5_K8_sq_r51_c29.tif,O,O5,O5_K8_sq,51,29,0,0,17,132,2,2,2,0.29944092,2.963135,0.98983926,1.0077437
O5_K8_sq_r51_c30.tif,O,O5,O5_K8_sq,51,30,0,2,50,123,2,1,1,0.25545523,12.639361,2.4368103,0.801318
O5_K8_sq_r51_c31.tif,O,O5,O5_K8_sq,51,31,3,0,24,126,1,0,0,2.0419939,2.886667,1.350013,0.9372814
O5_K8_sq_r51_c32.tif,O,O5,O5_K8_sq,51,32,0,0,9,112,1,1,1,0.3676063,3.6376698,0.6596629,1.0504094
O5_K8_sq_r51_c33.tif,O,O5,O5_K8_sq,51,33,2,0,9,93,0,0,0,2.1328104,4.22107,0.76545787,1.0130174
O5_K8_sq_r51_c35.tif,O,O5,O5_K8_sq,51,35,1,1,16,95,0,1,1,1.1795368,11.672175,1.2254332,0.95371085
O5_K8_sq_r51_c40.tif,O,O5,O5_K8_sq,51,40,1,0,21,138,1,2,2,0.8373255,2.7619345,1.1335143,0.9818518
O5_K8_sq_r51_c41.tif,O,O5,O5_K8_sq,51,41,0,0,5,64,2,1,1,0.6368391,6.3018785,0.6616189,1.043308
O5_K8_sq_r51_c42.tif,O,O5,O5_K8_sq,51,42,0,0,4,130,1,1,1,0.3324675,3.2899516,0.28260326,1.1020031
O5_K8_sq_r51_c43.tif,O,O5,O5_K8_sq,51,43,1,0,3,87,1,1,1,1.458567,4.811112,0.32143167,1.0805286
O5_K8_sq_r50_c28.tif,O,O5,O5_K8_sq,50,28,0,0,5,116,2,1,1,0.3676063,3.6376698,0.3819101,1.0877572
O5_K8_sq_r50_c29.tif,O,O5,O5_K8_sq,50,29,1,0,13,137,1,2,2,0.88658,2.9244013,0.7536087,1.0321015
O5_K8_sq_r50_c30.tif,O,O5,O5_K8_sq,50,30,0,0,18,105,2,2,2,0.36172464,3.5794673,1.264053,0.9692897
O5_K8_sq_r50_c31.tif,O,O5,O5_K8_sq,50,31,2,0,42,113,1,2,2,1.4218736,2.8140464,2.2829447,0.8198038
O5_K8_sq_r50_c32.tif,O,O5,O5_K8_sq,50,32,2,0,3,53,1,0,0,3.7679648,7.4572234,0.4982191,1.0240324
O5_K8_sq_r50_c33.tif,O,O5,O5_K8_sq,50,33,4,0,10,94,0,0,0,3.6994562,4.0675764,0.81526756,0.9866209
O5_K8_sq_r50_c41.tif,O,O5,O5_K8_sq,50,41,2,0,8,72,1,0,0,2.6914034,5.326588,0.86425763,0.99121964
O5_K8_sq_r50_c42.tif,O,O5,O5_K8_sq,50,42,0,0,10,112,1,1,1,0.36464176,3.6083338,0.72322124,1.0419384
O5_K8_sq_r50_c43.tif,O,O5,O5_K8_sq,50,43,2,0,6,114,2,0,0,1.8232087,3.6083338,0.44770837,1.0604616
O5_K8_sq_r50_c44.tif,O,O5,O5_K8_sq,50,44,0,0,4,112,1,1,1,0.38318285,3.7918084,0.32571223,1.0949183
O5_K8_sq_r49_c27.tif,O,O5,O5_K8_sq,49,27,3,0,1,66,1,0,0,4.395959,6.2143526,0.17793539,1.0607189
O5_K8_sq_r49_c28.tif,O,O5,O5_K8_sq,49,28,1,1,12,130,2,1,1,0.9290872,9.193837,0.73124135,1.0265234
O5_K8_sq_r49_c29.tif,O,O5,O5_K8_sq,49,29,1,0,13,121,2,2,2,0.9901221,3.265937,0.84162146,1.0185138
O5_K8_sq_r49_c32.tif,O,O5,O5_K8_sq,49,32,4,0,13,96,2,0,0,3.5386105,3.890725,1.0026273,0.9636974
O5_K8_sq_r49_c41.tif,O,O5,O5_K8_sq,49,41,0,0,9,129,2,1,1,0.32296842,3.195953,0.579561,1.062314
O5_K8_sq_r49_c42.tif,O,O5,O5_K8_sq,49,42,0,0,7,142,0,1,1,0.29944092,2.963135,0.42421684,1.0837998
O5_K8_sq_r49_c43.tif,O,O5,O5_K8_sq,49,43,1,0,3,124,2,2,2,1.0434364,3.4417953,0.22994727,1.0998595
O5_K8_sq_r49_c44.tif,O,O5,O5_K8_sq,49,44,0,0,6,114,1,1,1,0.37061948,3.6674867,0.45504788,1.0778463
O5_K8_sq_r49_c45.tif,O,O5,O5_K8_sq,49,45,1,0,2,105,1,1,1,1.2331522,4.0675764,0.19411133,1.1014656
O5_K8_sq_r48_c28.tif,O,O5,O5_K8_sq,48,28,1,0,4,136,1,2,2,0.94857854,3.1289048,0.26876956,1.0962454
O5_K8_sq_r48_c29.tif,O,O5,O5_K8_sq,48,29,0,0,13,105,2,1,1,0.37679648,3.7286117,0.9608511,1.0096768
O5_K8_sq_r48_c32.tif,O,O5,O5_K8_sq,48,32,1,0,12,106,1,2,2,1.1210474,3.6977966,0.8823243,1.0108237
O5_K8_sq_r48_c33.tif,O,O5,O5_K8_sq,48,33,4,0,15,115,1,0,0,2.9922075,3.2899516,0.9734112,0.97533596
O5_K8_sq_r48_c44.tif,O,O5,O5_K8_sq,48,44,1,0,7,106,2,2,2,1.1693684,3.8571844,0.55221325,1.0543936
O5_K8_sq_r48_c45.tif,O,O5,O5_K8_sq,48,45,1,0,7,140,1,2,2,0.90431154,2.9828894,0.42704493,1.0757126
O5_K8_sq_r47_c28.tif,O,O5,O5_K8_sq,47,28,0,0,13,122,2,2,2,0.33004072,3.265937,0.84162146,1.0268966
O5_K8_sq_r47_c33.tif,O,O5,O5_K8_sq,47,33,1,0,15,108,1,2,2,1.0765613,3.551059,1.0506661,0.98894095
O5_K8_sq_r47_c45.tif,O,O5,O5_K8_sq,47,45,0,0,4,109,2,1,1,0.3931789,3.890725,0.33420908,1.0935218
O5_K8_sq_r47_c46.tif,O,O5,O5_K8_sq,47,46,0,0,2,65,0,1,1,0.65529823,6.484542,0.30945283,1.090193
O5_K8_sq_r46_c28.tif,O,O5,O5_K8_sq,46,28,1,0,8,121,2,2,2,1.0276268,3.389647,0.5499821,1.0570939
O5_K8_sq_r46_c33.tif,O,O5,O5_K8_sq,46,33,3,0,9,92,1,0,0,2.9859345,4.22107,0.76545787,1.0021831
O5_K8_sq_r46_c44.tif,O,O5,O5_K8_sq,46,44,0,0,16,152,0,2,2,0.265974,2.631961,0.8289696,1.030225
O5_K8_sq_r46_c45.tif,O,O5,O5_K8_sq,46,45,1,0,11,162,0,2,2,0.77072006,2.5422354,0.55807006,1.0603564
O5_K8_sq_r46_c46.tif,O,O5,O5_K8_sq,46,46,0,0,3,105,1,1,1,0.41105068,4.0675764,0.27175587,1.1014656
O5_K8_sq_r45_c28.tif,O,O5,O5_K8_sq,45,28,2,0,10,148,2,0,0,1.3955425,2.7619345,0.55357677,1.0527437
O5_K8_sq_r45_c33.tif,O,O5,O5_K8_sq,45,33,0,1,21,120,1,1,1,0.31399706,9.321529,1.2752036,0.9610273
O5_K8_sq_r45_c43.tif,O,O5,O5_K8_sq,45,43,2,1,10,90,0,1,1,2.1531227,12.783812,0.85408986,0.9898524
O5_K8_sq_r45_c44.tif,O,O5,O5_K8_sq,45,44,2,0,10,81,0,0,0,2.3797672,4.7098255,0.94399405,0.98524714
O5_K8_sq_r45_c45.tif,O,O5,O5_K8_sq,45,45,0,0,15,82,0,1,1,0.456723,4.5195293,1.3372114,0.95703965
O5_K8_sq_r45_c46.tif,O,O5,O5_K8_sq,45,46,1,0,5,154,0,2,2,0.8373255,2.7619345,0.28996876,1.0952787
O5_K8_sq_r45_c47.tif,O,O5,O5_K8_sq,45,47,3,0,1,108,0,0,0,2.776395,3.9248543,0.112380244,1.09304
O5_K8_sq_r44_c23.tif,O,O5,O5_K8_sq,44,23,2,0,2,55,0,0,0,3.7061949,7.3349733,0.35003683,1.044899
O5_K8_sq_r44_c24.tif,O,O5,O5_K8_sq,44,24,4,0,2,97,1,0,0,3.875621,4.2612705,0.20335473,1.0664155
O5_K8_sq_r44_c25.tif,O,O5,O5_K8_sq,44,25,1,0,3,76,0,1,1,1.6542283,5.456505,0.36455056,1.0714176
O5_K8_sq_r44_c28.tif,O,O5,O5_K8_sq,44,28,0,0,10,148,2,2,2,0.28259736,2.7964587,0.56049645,1.065903
O5_K8_sq_r44_c29.tif,O,O5,O5_K8_sq,44,29,0,1,22,127,2,1,1,0.2974709,8.830922,1.2642778,0.963336
O5_K8_sq_r44_c32.tif,O,O5,O5_K8_sq,44,32,3,1,23,137,2,1,1,1.906681,8.086145,1.2091031,0.95127434
O5_K8_sq_r44_c33.tif,O,O5,O5_K8_sq,44,33,1,0,28,124,2,2,2,0.8751402,2.886667,1.5704234,0.92246276
O5_K8_sq_r44_c42.tif,O,O5,O5_K8_sq,44,42,1,1,20,111,1,1,1,1.0047907,9.942965,1.2969513,0.94853264
O5_K8_sq_r44_c43.tif,O,O5,O5_K8_sq,44,43,2,0,4,53,1,0,0,3.7061949,7.3349733,0.6300663,1.0072451
O5_K8_sq_r44_c44.tif,O,O5,O5_K8_sq,44,44,0,0,8,15,0,1,1,1.8086231,17.897335,2.9039056,0.7120375
O5_K8_sq_r44_c45.tif,O,O5,O5_K8_sq,44,45,0,0,8,21,0,1,1,1.458567,14.433335,2.3418593,0.79650396
O5_K8_sq_r44_c46.tif,O,O5,O5_K8_sq,44,46,1,0,17,109,1,2,2,1.051525,3.4684758,1.1586491,0.97484505
O5_K8_sq_r44_c47.tif,O,O5,O5_K8_sq,44,47,2,0,0,91,1,0,0,2.3797672,4.7098255,0.0449521,1.1061363
O5_K8_sq_r43_c23.tif,O,O5,O5_K8_sq,43,23,0,0,2,111,1,1,1,0.3931789,3.890725,0.18567172,1.1134949
O5_K8_sq_r43_c24.tif,O,O5,O5_K8_sq,43,24,0,0,5,118,2,1,1,0.36172464,3.5794673,0.37579954,1.0887283
O5_K8_sq_r43_c25.tif,O,O5,O5_K8_sq,43,25,2,0,6,109,2,0,0,1.8998142,3.7599447,0.46651968,1.0567647
O5_K8_sq_r43_c26.tif,O,O5,O5_K8_sq,43,26,1,0,0,74,1,1,1,1.7616458,5.8108234,0.055460382,1.1111603
O5_K8_sq_r43_c28.tif,O,O5,O5_K8_sq,43,28,2,1,23,130,1,1,1,1.4308727,8.49557,1.2703235,0.9485596
O5_K8_sq_r43_c29.tif,O,O5,O5_K8_sq,43,29,1,1,25,112,1,1,1,0.9620335,9.519859,1.5446305,0.9163146
O5_K8_sq_r43_c30.tif,O,O5,O5_K8_sq,43,30,0,2,38,125,2,1,1,0.27075198,13.396209,1.9690095,0.86305493
O5_K8_sq_r43_c31.tif,O,O5,O5_K8_sq,43,31,2,1,32,111,2,1,1,1.5275532,9.069595,1.8755352,0.8652156
O5_K8_sq_r43_c32.tif,O,O5,O5_K8_sq,43,32,2,0,15,114,1,0,0,1.6998336,3.364161,0.9953679,0.9887011
O5_K8_sq_r43_c33.tif,O,O5,O5_K8_sq,43,33,0,0,19,93,1,2,2,0.39662787,3.9248543,1.4609432,0.94192845
O5_K8_sq_r43_c34.tif,O,O5,O5_K8_sq,43,34,3,0,15,118,0,0,0,2.2935438,3.242271,0.95930386,0.9861669
O5_K8_sq_r43_c42.tif,O,O5,O5_K8_sq,43,42,0,0,13,116,1,2,2,0.3451571,3.415522,0.880169,1.0213294
O5_K8_sq_r43_c43.tif,O,O5,O5_K8_sq,43,43,1,0,8,132,2,2,2,0.94857854,3.1289048,0.5076758,1.064121
O5_K8_sq_r43_c44.tif,O,O5,O5_K8_sq,43,44,0,1,10,80,0,1,1,0.486189,14.433335,0.96429497,0.9940864
O5_K8_sq_r43_c45.tif,O,O5,O5_K8_sq,43,45,0,0,12,156,0,2,2,0.265974,2.631961,0.6280073,1.0572474
O5_K8_sq_r43_c46.tif,O,O5,O5_K8_sq,43,46,2,0,13,124,0,0,0,1.6033893,3.1732864,0.8177456,1.0140548
O5_K8_sq_r43_c47.tif,O,O5,O5_K8_sq,43,47,4,0,1,82,1,0,0,4.5723615,5.0273414,0.14394772,1.0645722
O5_K8_sq_r42_c21.tif,O,O5,O5_K8_sq,42,21,2,0,0,82,1,0,0,2.6288128,5.202714,0.049656387,1.1017084
O5_K8_sq_r42_c22.tif,O,O5,O5_K8_sq,42,22,1,0,1,75,2,1,1,1.7170472,5.663714,0.16216895,1.0975671
O5_K8_sq_r42_c23.tif,O,O5,O5_K8_sq,42,23,1,0,2,97,1,1,1,1.32987,4.386602,0.20933576,1.0977808
O5_K8_sq_r42_c24.tif,O,O5,O5_K8_sq,42,24,0,0,12,121,2,2,2,0.3349302,3.3143213,0.79082394,1.0336028
O5_K8_sq_r42_c25.tif,O,O5,O5_K8_sq,42,25,1,0,11,130,2,2,2,0.9419912,3.1071763,0.68208563,1.0407807
O5_K8_sq_r42_c26.tif,O,O5,O5_K8_sq,42,26,0,0,10,100,1,1,1,0.40371054,3.9949412,0.80070925,1.0305266
O5_K8_sq_r42_c28.tif,O,O5,O5_K8_sq,42,28,0,1,9,132,1,1,1,0.31399706,9.321529,0.5634621,1.0567313
O5_K8_sq_r42_c29.tif,O,O5,O5_K8_sq,42,29,0,2,34,124,2,1,1,0.2791085,13.809672,1.8188951,0.8826032
O5_K8_sq_r42_c30.tif,O,O5,O5_K8_sq,42,30,1,1,45,104,2,1,1,0.88658,8.773204,2.5399406,0.7843972
O5_K8_sq_r42_c31.tif,O,O5,O5_K8_sq,42,31,2,1,21,51,1,1,1,2.9360764,17.43247,2.3847964,0.76811755
O5_K8_sq_r42_c32.tif,O,O5,O5_K8_sq,42,32,0,0,14,94,1,1,1,0.41105068,4.0675764,1.1258457,0.9866209
O5_K8_sq_r42_c33.tif,O,O5,O5_K8_sq,42,33,0,0,22,121,2,2,2,0.31183156,3.0857475,1.3253118,0.96231985
O5_K8_sq_r42_c34.tif,O,O5,O5_K8_sq,42,34,3,0,20,137,2,0,0,1.9537596,2.7619345,1.0807927,0.9747626
O5_K8_sq_r42_c35.tif,O,O5,O5_K8_sq,42,35,1,2,18,126,0,1,1,0.9103807,15.014544,1.0604471,0.9750243
O5_K8_sq_r42_c42.tif,O,O5,O5_K8_sq,42,42,2,0,17,114,2,2,2,1.674651,3.3143213,1.1071535,0.97405374
O5_K8_sq_r42_c43.tif,O,O5,O5_K8_sq,42,43,1,0,17,158,2,2,2,0.7620603,2.5136707,0.8396951,1.0226345
O5_K8_sq_r42_c44.tif,O,O5,O5_K8_sq,42,44,1,1,22,120,0,1,1,0.9290872,9.193837,1.3162344,0.94786257
O5_K8_sq_r42_c45.tif,O,O5,O5_K8_sq,42,45,2,0,7,105,1,0,0,1.9489473,3.8571844,0.55221325,1.0444933
O5_K8_sq_r42_c46.tif,O,O5,O5_K8_sq,42,46,3,0,3,91,1,0,0,3.1970608,4.5195293,0.30195096,1.061444
O5_K8_sq_r42_c47.tif,O,O5,O5_K8_sq,42,47,3,0,1,70,1,0,0,4.1645927,5.8872814,0.16857035,1.0653362
O5_K8_sq_r41_c20.tif,O,O5,O5_K8_sq,41,20,2,0,1,81,0,0,0,2.6288128,5.202714,0.14896917,1.0883543
O5_K8_sq_r41_c21.tif,O,O5,O5_K8_sq,41,21,1,0,3,97,2,1,1,1.3169585,4.3440137,0.2902247,1.0871227
O5_K8_sq_r41_c22.tif,O,O5,O5_K8_sq,41,22,0,0,1,100,1,1,1,0.43898618,4.3440137,0.12438202,1.1205727
O5_K8_sq_r41_c23.tif,O,O5,O5_K8_sq,41,23,0,0,2,119,2,1,1,0.3676063,3.6376698,0.17359549,1.1157682
O5_K8_sq_r41_c25.tif,O,O5,O5_K8_sq,41,25,0,0,7,115,2,1,1,0.36464176,3.6083338,0.5165866,1.0697234
O5_K8_sq_r41_c26.tif,O,O5,O5_K8_sq,41,26,2,0,4,123,1,0,0,1.7257854,3.415522,0.29338965,1.0826968
O5_K8_sq_r41_c28.tif,O,O5,O5_K8_sq,41,28,0,0,13,98,1,1,1,0.40013784,3.9595876,1.0203729,1.0010804
O5_K8_sq_r41_c29.tif,O,O5,O5_K8_sq,41,29,1,3,16,76,2,1,1,1.3841504,31.95953,1.4380084,0.89649224
O5_K8_sq_r41_c30.tif,O,O5,O5_K8_sq,41,30,0,1,29,136,2,1,1,0.26914033,7.9898825,1.4997411,0.93311363
O5_K8_sq_r41_c31.tif,O,O5,O5_K8_sq,41,31,1,1,23,77,2,1,1,1.3042955,12.906733,1.9299146,0.8558143
O5_K8_sq_r41_c32.tif,O,O5,O5_K8_sq,41,32,0,1,18,80,0,1,1,0.44767898,13.290101,1.564422,0.9153468
O5_K8_sq_r41_c33.tif,O,O5,O5_K8_sq,41,33,3,1,26,126,2,1,1,2.0032218,8.49557,1.4324925,0.9194849
O5_K8_sq_r41_c34.tif,O,O5,O5_K8_sq,41,34,2,0,11,98,0,0,0,2.0006893,3.9595876,0.8692065,1.0010804
O5_K8_sq_r41_c35.tif,O,O5,O5_K8_sq,41,35,2,0,13,121,1,0,0,1.6382455,3.242271,0.8355227,1.0111332
O5_K8_sq_r41_c36.tif,O,O5,O5_K8_sq,41,36,4,0,14,152,0,0,0,2.3659313,2.601357,0.7200177,1.0182457
O5_K8_sq_r41_c40.tif,O,O5,O5_K8_sq,41,40,1,1,16,106,2,1,1,1.0765613,10.653176,1.1184511,0.97071165
O5_K8_sq_r41_c41.tif,O,O5,O5_K8_sq,41,41,0,0,30,105,2,2,2,0.33004072,3.265937,1.901441,0.88438845
O5_K8_sq_r41_c42.tif,O,O5,O5_K8_sq,41,42,0,1,17,125,2,1,1,0.31183156,9.257242,1.0307981,0.9940012
O5_K8_sq_r41_c43.tif,O,O5,O5_K8_sq,41,43,0,0,10,129,2,1,1,0.32067785,3.1732864,0.63602436,1.0547799
O5_K8_sq_r41_c44.tif,O,O5,O5_K8_sq,41,44,3,0,7,87,1,0,0,3.1970608,4.5195293,0.6470378,1.0150421
O5_K8_sq_r41_c45.tif,O,O5,O5_K8_sq,41,45,1,0,10,95,1,2,2,1.2559882,4.142902,0.8303652,1.0155255
O5_K8_sq_r41_c46.tif,O,O5,O5_K8_sq,41,46,3,0,10,145,0,0,0,1.9781815,2.7964587,0.56049645,1.0443696
O5_K8_sq_r41_c47.tif,O,O5,O5_K8_sq,41,47,1,0,1,101,0,1,1,1.2918737,4.2612705,0.12201284,1.110166
O5_K8_sq_r40_c20.tif,O,O5,O5_K8_sq,40,20,4,0,2,89,1,0,0,4.1952596,4.6127152,0.22012626,1.0596501
O5_K8_sq_r40_c21.tif,O,O5,O5_K8_sq,40,21,1,0,7,120,2,2,2,1.0434364,3.4417953,0.49274415,1.0645226
O5_K8_sq_r40_c22.tif,O,O5,O5_K8_sq,40,22,1,0,12,117,2,2,2,1.0276268,3.389647,0.80879724,1.0222924
O5_K8_sq_r40_c23.tif,O,O5,O5_K8_sq,40,23,1,0,15,116,1,2,2,1.012289,3.339055,0.9879398,0.9984638
O5_K8_sq_r40_c24.tif,O,O5,O5_K8_sq,40,24,1,0,11,135,2,2,2,0.9103807,3.0029087,0.65919685,1.0443937
O5_K8_sq_r40_c25.tif,O,O5,O5_K8_sq,40,25,0,0,9,134,2,1,1,0.31183156,3.0857475,0.5595761,1.0652841
O5_K8_sq_r40_c26.tif,O,O5,O5_K8_sq,40,26,0,0,9,121,1,1,1,0.34254226,3.389647,0.6146859,1.0570939
O5_K8_sq_r40_c27.tif,O,O5,O5_K8_sq,40,27,0,0,5,58,1,1,1,0.6956243,6.8835907,0.7226914,1.0336028
O5_K8_sq_r40_c28.tif,O,O5,O5_K8_sq,40,28,3,0,2,52,1,0,0,5.36456,7.5836167,0.3619025,1.0219238
O5_K8_sq_r40_c29.tif,O,O5,O5_K8_sq,40,29,1,0,17,124,2,2,2,0.9419912,3.1071763,1.0379564,0.9929286
O5_K8_sq_r40_c30.tif,O,O5,O5_K8_sq,40,30,1,2,21,133,1,1,1,0.85312414,14.070233,1.1549014,0.96426255
O5_K8_sq_r40_c31.tif,O,O5,O5_K8_sq,40,31,1,4,41,97,1,1,1,0.9354947,27.771729,2.4444642,0.772232
O5_K8_sq_r40_c32.tif,O,O5,O5_K8_sq,40,32,0,0,15,66,1,1,1,0.54476595,5.3907638,1.594987,0.9201417
O5_K8_sq_r40_c33.tif,O,O5,O5_K8_sq,40,33,0,0,14,101,1,2,2,0.38645795,3.8242173,1.0584874,0.9963028
O5_K8_sq_r40_c34.tif,O,O5,O5_K8_sq,40,34,2,0,3,68,2,0,0,3.0143719,5.965779,0.39857528,1.0489155
O5_K8_sq_r40_c35.tif,O,O5,O5_K8_sq,40,35,1,0,8,69,1,1,1,1.6955842,5.5929174,0.9074705,0.9977138
O5_K8_sq_r40_c36.tif,O,O5,O5_K8_sq,40,36,1,0,12,95,0,2,2,1.2331522,4.0675764,0.9705567,0.9970613
O5_K8_sq_r40_c37.tif,O,O5,O5_K8_sq,40,37,2,0,5,62,0,0,0,3.1841958,6.3018785,0.6616189,1.0109574
O5_K8_sq_r40_c41.tif,O,O5,O5_K8_sq,40,41,0,0,18,148,1,2,2,0.26914033,2.663294,0.9405156,1.0151457
O5_K8_sq_r40_c42.tif,O,O5,O5_K8_sq,40,42,0,0,21,115,2,2,2,0.32764912,3.242271,1.3306472,0.96120065
O5_K8_sq_r40_c43.tif,O,O5,O5_K8_sq,40,43,1,0,9,142,2,2,2,0.8808229,2.9054117,0.5268736,1.0626869
O5_K8_sq_r40_c44.tif,O,O5,O5_K8_sq,40,44,2,0,9,136,2,0,0,1.5173012,3.0029087,0.54455394,1.0521013
O5_K8_sq_r40_c45.tif,O,O5,O5_K8_sq,40,45,0,0,7,108,0,1,1,0.38645795,3.8242173,0.5474935,1.0650133
O5_K8_sq_r40_c46.tif,O,O5,O5_K8_sq,40,46,0,1,12,157,1,1,1,0.26288125,7.8040714,0.6207048,1.0516309
O5_K8_sq_r40_c47.tif,O,O5,O5_K8_sq,40,47,2,0,8,162,0,0,0,1.2992982,2.5714562,0.4172278,1.0725445
O5_K8_sq_r39_c19.tif,O,O5,O5_K8_sq,39,19,2,0,2,70,1,0,0,2.974709,5.8872814,0.28095064,1.0653362
O5_K8_sq_r39_c20.tif,O,O5,O5_K8_sq,39,20,0,0,12,122,1,2,2,0.3324675,3.2899516,0.785009,1.0344473
O5_K8_sq_r39_c21.tif,O,O5,O5_K8_sq,39,21,0,0,21,147,1,2,2,0.265974,2.631961,1.0801725,0.99644715
O5_K8_sq_r39_c22.tif,O,O5,O5_K8_sq,39,22,3,0,17,115,2,0,0,2.3102849,3.265937,1.0909907,0.9682167
O5_K8_sq_r39_c23.tif,O,O5,O5_K8_sq,39,23,1,0,25,133,2,2,2,0.8425263,2.7790895,1.352751,0.95228416
O5_K8_sq_r39_c24.tif,O,O5,O5_K8_sq,39,24,0,0,23,131,2,2,2,0.28984344,2.8681629,1.2866098,0.9680824
O5_K8_sq_r39_c25.tif,O,O5,O5_K8_sq,39,25,0,0,5,154,2,1,1,0.2808421,2.7790895,0.29176983,1.1020817
O5_K8_sq_r39_c26.tif,O,O5,O5_K8_sq,39,26,1,0,7,127,2,2,2,0.9901221,3.265937,0.46756744,1.0688107
O5_K8_sq_r39_c27.tif,O,O5,O5_K8_sq,39,27,1,0,4,53,1,1,1,2.260779,7.4572234,0.6405674,1.0240324
O5_K8_sq_r39_c29.tif,O,O5,O5_K8_sq,39,29,0,0,17,91,2,2,2,0.41105068,4.0675764,1.3587793,0.95529956
O5_K8_sq_r39_c30.tif,O,O5,O5_K8_sq,39,30,1,0,10,139,2,2,2,0.89241266,2.9436407,0.5899963,1.0540029
O5_K8_sq_r39_c31.tif,O,O5,O5_K8_sq,39,31,0,0,24,115,1,2,2,0.32067785,3.1732864,1.4840568,0.94074965
O5_K8_sq_r39_c32.tif,O,O5,O5_K8_sq,39,32,0,1,21,83,1,1,1,0.42257547,12.544861,1.7161618,0.8962184
O5_K8_sq_r39_c33.tif,O,O5,O5_K8_sq,39,33,1,0,6,74,2,1,1,1.634298,5.3907638,0.66886556,1.0308355
O5_K8_sq_r39_c36.tif,O,O5,O5_K8_sq,39,36,0,0,3,47,0,1,1,0.8695304,8.604488,0.5748682,1.0490627
O5_K8_sq_r39_c37.tif,O,O5,O5_K8_sq,39,37,0,1,25,95,0,1,1,0.3676063,10.91301,1.7706741,0.89168084
O5_K8_sq_r39_c38.tif,O,O5,O5_K8_sq,39,38,1,0,7,87,0,2,2,1.39842,4.6127152,0.66037875,1.0359708
O5_K8_sq_r39_c39.tif,O,O5,O5_K8_sq,39,39,0,0,8,77,1,1,1,0.5197193,5.1429124,0.8344556,1.0230423
O5_K8_sq_r39_c40.tif,O,O5,O5_K8_sq,39,40,0,1,24,126,2,1,1,0.29552665,8.773204,1.3676603,0.94953346
O5_K8_sq_r39_c44.tif,O,O5,O5_K8_sq,39,44,0,0,10,139,1,2,2,0.29944092,2.963135,0.59390354,1.0609831
O5_K8_sq_r39_c45.tif,O,O5,O5_K8_sq,39,45,2,0,6,153,0,0,0,1.3869809,2.74499,0.34058797,1.0815135
O5_K8_sq_r39_c46.tif,O,O5,O5_K8_sq,39,46,3,0,13,131,0,0,0,2.1242218,3.0029087,0.77383983,1.0135628
O5_K8_sq_r39_c47.tif,O,O5,O5_K8_sq,39,47,2,0,9,145,0,0,0,1.4308727,2.831857,0.5135351,1.0575894
O5_K8_sq_r39_c48.tif,O,O5,O5_K8_sq,39,48,5,0,1,67,0,0,0,6.6316175,5.965779,0.17081797,1.0336028
O5_K8_sq_r38_c19.tif,O,O5,O5_K8_sq,38,19,3,0,7,123,0,0,0,2.3445113,3.3143213,0.47449437,1.0506169
O5_K8_sq_r38_c20.tif,O,O5,O5_K8_sq,38,20,1,0,10,127,2,2,2,0.96890527,3.195953,0.6405674,1.0459076
O5_K8_sq_r38_c21.tif,O,O5,O5_K8_sq,38,21,1,1,13,109,2,1,1,1.0765613,10.653176,0.9150963,0.99805564
O5_K8_sq_r38_c22.tif,O,O5,O5_K8_sq,38,22,0,0,17,109,2,2,2,0.3532467,3.4955733,1.167701,0.98246104
O5_K8_sq_r38_c23.tif,O,O5,O5_K8_sq,38,23,0,0,9,134,2,1,1,0.31183156,3.0857475,0.5595761,1.0652841
O5_K8_sq_r38_c24.tif,O,O5,O5_K8_sq,38,24,0,0,11,130,2,2,2,0.31619284,3.1289048,0.68685544,1.0480587
O5_K8_sq_r38_c25.tif,O,O5,O5_K8_sq,38,25,0,0,13,121,2,2,2,0.3324675,3.2899516,0.8478098,1.0260029
O5_K8_sq_r38_c26.tif,O,O5,O5_K8_sq,38,26,4,1,6,103,1,1,1,3.508105,11.571553,0.47858483,1.0246924
O5_K8_sq_r38_c27.tif,O,O5,O5_K8_sq,38,27,2,0,10,60,1,0,0,3.0551064,6.046397,1.2118843,0.93893355
O5_K8_sq_r38_c29.tif,O,O5,O5_K8_sq,38,29,1,0,17,131,2,2,2,0.89832276,2.963135,0.98983926,1.0001382
O5_K8_sq_r38_c32.tif,O,O5,O5_K8_sq,38,32,0,2,15,91,1,1,1,0.41105068,20.337883,1.2034903,0.95529956
O5_K8_sq_r38_c38.tif,O,O5,O5_K8_sq,38,38,1,0,13,71,0,2,2,1.5591578,5.1429124,1.3253118,0.94383913
O5_K8_sq_r38_c39.tif,O,O5,O5_K8_sq,38,39,1,0,2,94,2,1,1,1.370169,4.5195293,0.21567926,1.0962454
O5_K8_sq_r38_c44.tif,O,O5,O5_K8_sq,38,44,0,1,9,87,2,1,1,0.456723,13.558588,0.8195812,1.0150421
O5_K8_sq_r38_c45.tif,O,O5,O5_K8_sq,38,45,1,0,10,124,1,2,2,0.9901221,3.265937,0.6545944,1.0436622
O5_K8_sq_r38_c46.tif,O,O5,O5_K8_sq,38,46,0,0,13,147,1,2,2,0.2791085,2.7619345,0.71174157,1.0456544
O5_K8_sq_r38_c47.tif,O,O5,O5_K8_sq,38,47,0,0,12,105,2,1,1,0.37996286,3.7599447,0.8971532,1.0181615
O5_K8_sq_r38_c48.tif,O,O5,O5_K8_sq,38,48,4,0,1,63,0,0,0,5.8134317,6.391906,0.18301927,1.0418061
O5_K8_sq_r37_c19.tif,O,O5,O5_K8_sq,37,19,5,0,4,128,1,0,0,3.5782113,3.2189453,0.2765039,1.0616944
O5_K8_sq_r37_c20.tif,O,O5,O5_K8_sq,37,20,0,0,13,147,1,2,2,0.2791085,2.7619345,0.71174157,1.0456544
O5_K8_sq_r37_c21.tif,O,O5,O5_K8_sq,37,21,2,0,13,95,2,0,0,2.0185525,3.9949412,1.0294833,0.9792567
O5_K8_sq_r37_c22.tif,O,O5,O5_K8_sq,37,22,0,0,19,134,1,2,2,0.2917134,2.886667,1.0745001,0.99655616
O5_K8_sq_r37_c23.tif,O,O5,O5_K8_sq,37,23,0,0,5,118,2,1,1,0.36172464,3.5794673,0.37579954,1.0887283
O5_K8_sq_r37_c24.tif,O,O5,O5_K8_sq,37,24,0,0,23,110,2,2,2,0.3349302,3.3143213,1.4867489,0.9400256
O5_K8_sq_r37_c25.tif,O,O5,O5_K8_sq,37,25,2,1,16,104,2,1,1,1.8086231,10.738401,1.1273986,0.9601022
O5_K8_sq_r37_c26.tif,O,O5,O5_K8_sq,37,26,0,0,17,161,1,2,2,0.25119767,2.4857411,0.8303652,1.0304127
O5_K8_sq_r37_c27.tif,O,O5,O5_K8_sq,37,27,2,0,13,125,2,0,0,1.5920979,3.1509392,0.81198686,1.0150012
O5_K8_sq_r37_c28.tif,O,O5,O5_K8_sq,37,28,0,0,9,76,1,1,1,0.5197193,5.1429124,0.9326269,1.0098419
O5_K8_sq_r37_c29.tif,O,O5,O5_K8_sq,37,29,1,0,30,128,1,2,2,0.8425263,2.7790895,1.6179963,0.9166181
O5_K8_sq_r37_c38.tif,O,O5,O5_K8_sq,37,38,1,1,22,64,1,1,1,1.5071859,14.914447,2.1352246,0.8230541
O5_K8_sq_r37_c39.tif,O,O5,O5_K8_sq,37,39,0,0,4,82,2,1,1,0.5138134,5.0844707,0.4367505,1.0766696
O5_K8_sq_r37_c40.tif,O,O5,O5_K8_sq,37,40,1,0,21,108,1,2,2,1.0276268,3.389647,1.3911312,0.9439891
O5_K8_sq_r37_c44.tif,O,O5,O5_K8_sq,37,44,0,0,12,112,0,1,1,0.35885382,3.551059,0.8473114,1.0253996
O5_K8_sq_r37_c45.tif,O,O5,O5_K8_sq,37,45,2,0,6,108,1,0,0,1.9159143,3.7918084,0.47047323,1.0559878
O5_K8_sq_r37_c46.tif,O,O5,O5_K8_sq,37,46,2,0,14,165,1,2,2,1.2353983,2.444991,0.67673784,1.0386233
O5_K8_sq_r37_c47.tif,O,O5,O5_K8_sq,37,47,3,0,10,154,0,0,0,1.8728346,2.6475348,0.5306476,1.0499122
O5_K8_sq_r37_c48.tif,O,O5,O5_K8_sq,37,48,5,0,0,68,0,0,0,6.6316175,5.965779,0.056939326,1.0489155
O5_K8_sq_r36_c19.tif,O,O5,O5_K8_sq,36,19,4,0,2,99,2,0,0,3.8031795,4.1816206,0.19955371,1.0679489
O5_K8_sq_r36_c20.tif,O,O5,O5_K8_sq,36,20,1,0,12,107,2,2,2,1.1118585,3.6674867,0.875092,1.0119518
O5_K8_sq_r36_c21.tif,O,O5,O5_K8_sq,36,21,1,2,9,116,2,1,1,1.0434364,17.208977,0.62414265,1.0291858
O5_K8_sq_r36_c22.tif,O,O5,O5_K8_sq,36,22,1,2,18,75,2,1,1,1.3841504,22.828236,1.6123124,0.8847734
O5_K8_sq_r36_c23.tif,O,O5,O5_K8_sq,36,23,0,0,13,122,2,2,2,0.33004072,3.265937,0.84162146,1.0268966
O5_K8_sq_r36_c24.tif,O,O5,O5_K8_sq,36,24,1,0,4,107,2,2,2,1.1898836,3.9248543,0.3371407,1.0829659
O5_K8_sq_r36_c25.tif,O,O5,O5_K8_sq,36,25,1,0,10,101,2,2,2,1.1898836,3.9248543,0.7866617,1.0225213
O5_K8_sq_r36_c26.tif,O,O5,O5_K8_sq,36,26,0,2,6,160,1,1,1,0.265974,13.159806,0.32656378,1.0842696
O5_K8_sq_r36_c27.tif,O,O5,O5_K8_sq,36,27,3,0,19,132,1,0,0,2.0289042,2.8681629,1.0676123,0.97544426
O5_K8_sq_r36_c28.tif,O,O5,O5_K8_sq,36,28,3,0,9,64,1,0,0,4.0578084,5.7363257,1.0402377,0.9496778
O5_K8_sq_r36_c29.tif,O,O5,O5_K8_sq,36,29,1,0,18,86,1,2,2,1.2677264,4.1816206,1.4766973,0.9284179
O5_K8_sq_r36_c37.tif,O,O5,O5_K8_sq,36,37,1,4,18,92,0,1,1,1.1593738,34.417953,1.350484,0.90796065
O5_K8_sq_r36_c38.tif,O,O5,O5_K8_sq,36,38,0,0,24,117,1,2,2,0.31619284,3.1289048,1.4633008,0.9436545
O5_K8_sq_r36_c39.tif,O,O5,O5_K8_sq,36,39,1,0,17,103,1,2,2,1.102819,3.6376698,1.2151685,0.9663766
O5_K8_sq_r36_c40.tif,O,O5,O5_K8_sq,36,40,2,0,23,117,1,2,2,1.5699854,3.1071763,1.3938272,0.9371013
O5_K8_sq_r36_c41.tif,O,O5,O5_K8_sq,36,41,1,1,18,110,2,1,1,1.0276268,10.1689415,1.1970199,0.9613898
O5_K8_sq_r36_c42.tif,O,O5,O5_K8_sq,36,42,0,0,11,131,2,2,2,0.31399706,3.1071763,0.68208563,1.0487559
O5_K8_sq_r36_c43.tif,O,O5,O5_K8_sq,36,43,2,1,19,135,2,1,1,1.4218736,8.44214,1.0474687,0.9787085
O5_K8_sq_r36_c44.tif,O,O5,O5_K8_sq,36,44,1,0,11,101,2,2,2,1.1795368,3.890725,0.85408986,1.0136298
O5_K8_sq_r36_c45.tif,O,O5,O5_K8_sq,36,45,2,2,6,100,1,1,1,2.0185525,19.974705,0.49567714,1.0305266
O5_K8_sq_r36_c46.tif,O,O5,O5_K8_sq,36,46,0,0,12,126,0,2,2,0.32296842,3.195953,0.7625803,1.0377045
O5_K8_sq_r36_c47.tif,O,O5,O5_K8_sq,36,47,1,0,3,134,0,2,2,0.96890527,3.195953,0.21352246,1.10333
O5_K8_sq_r36_c48.tif,O,O5,O5_K8_sq,36,48,5,0,0,62,1,0,0,7.2082806,6.484542,0.061890572,1.0402606
O5_K8_sq_r35_c19.tif,O,O5,O5_K8_sq,35,19,1,0,3,130,2,2,2,0.9974025,3.2899516,0.21980254,1.1020031
O5_K8_sq_r35_c20.tif,O,O5,O5_K8_sq,35,20,0,0,14,131,2,2,2,0.30758896,3.0437646,0.84246963,1.0273528
O5_K8_sq_r35_c21.tif,O,O5,O5_K8_sq,35,21,0,1,14,115,2,1,1,0.34254226,10.1689415,0.93820477,1.0048916
O5_K8_sq_r35_c22.tif,O,O5,O5_K8_sq,35,22,0,0,14,87,2,1,1,0.43898618,4.3440137,1.2023594,0.97562295
O5_K8_sq_r35_c23.tif,O,O5,O5_K8_sq,35,23,0,0,19,131,2,2,2,0.2974709,2.9436407,1.0957074,0.9935582
O5_K8_sq_r35_c24.tif,O,O5,O5_K8_sq,35,24,1,0,13,136,2,2,2,0.89241266,2.9436407,0.7585666,1.0313361
O5_K8_sq_r35_c25.tif,O,O5,O5_K8_sq,35,25,0,1,30,130,1,1,1,0.27739617,8.234971,1.5981436,0.9194627
O5_K8_sq_r35_c26.tif,O,O5,O5_K8_sq,35,26,1,2,27,94,1,1,1,1.0765613,17.755295,1.8640851,0.8613357
O5_K8_sq_r35_c27.tif,O,O5,O5_K8_sq,35,27,0,3,15,63,1,1,1,0.54476595,37.735344,1.594987,0.8786316
O5_K8_sq_r35_c28.tif,O,O5,O5_K8_sq,35,28,1,3,18,98,1,1,1,1.1118585,25.672407,1.2951362,0.92723024
O5_K8_sq_r35_c38.tif,O,O5,O5_K8_sq,35,38,0,1,18,122,2,1,1,0.31619284,9.386715,1.1049415,0.98381
O5_K8_sq_r35_c39.tif,O,O5,O5_K8_sq,35,39,0,1,31,114,1,1,1,0.30551067,9.069595,1.8178265,0.8884949
O5_K8_sq_r35_c40.tif,O,O5,O5_K8_sq,35,40,1,0,12,126,2,2,2,0.9620335,3.1732864,0.75717187,1.0303448
O5_K8_sq_r35_c41.tif,O,O5,O5_K8_sq,35,41,2,0,19,119,1,2,2,1.5920979,3.1509392,1.1728699,0.96647525
O5_K8_sq_r35_c42.tif,O,O5,O5_K8_sq,35,42,2,0,12,112,2,0,0,1.7662334,3.4955733,0.8340721,1.0093777
O5_K8_sq_r35_c43.tif,O,O5,O5_K8_sq,35,43,1,0,17,81,2,2,2,1.343037,4.4300337,1.4798586,0.92671764
O5_K8_sq_r35_c44.tif,O,O5,O5_K8_sq,35,44,5,0,16,107,1,0,0,3.8259337,3.4417953,1.0840372,0.9496778
O5_K8_sq_r35_c45.tif,O,O5,O5_K8_sq,35,45,1,0,14,105,1,2,2,1.1118585,3.6674867,1.0151068,0.9931247
O5_K8_sq_r35_c46.tif,O,O5,O5_K8_sq,35,46,0,0,5,131,1,1,1,0.32764912,3.242271,0.34039816,1.094354
O5_K8_sq_r35_c47.tif,O,O5,O5_K8_sq,35,47,4,0,1,115,2,0,0,3.3355753,3.6674867,0.10501105,1.0872598
O5_K8_sq_r34_c18.tif,O,O5,O5_K8_sq,34,18,2,0,5,104,1,0,0,2.0006893,3.9595876,0.41570747,1.0620599
O5_K8_sq_r34_c19.tif,O,O5,O5_K8_sq,34,19,0,4,18,113,2,1,1,0.33004072,29.393435,1.1533331,0.95145106
O5_K8_sq_r34_c20.tif,O,O5,O5_K8_sq,34,20,1,1,23,119,2,1,1,0.9290872,9.193837,1.3747337,0.9399965
O5_K8_sq_r34_c21.tif,O,O5,O5_K8_sq,34,21,0,2,13,119,2,1,1,0.3324675,16.449759,0.8478098,1.0091139
O5_K8_sq_r34_c22.tif,O,O5,O5_K8_sq,34,22,0,0,29,89,2,2,2,0.37679648,3.7286117,2.0996375,0.8565505
O5_K8_sq_r34_c23.tif,O,O5,O5_K8_sq,34,23,2,3,19,73,2,1,1,2.2836149,31.636703,1.6822983,0.8526353
O5_K8_sq_r34_c24.tif,O,O5,O5_K8_sq,34,24,2,1,21,122,2,1,1,1.5275532,9.069595,1.2407386,0.95057315
O5_K8_sq_r34_c25.tif,O,O5,O5_K8_sq,34,25,0,2,30,124,2,1,1,0.28617454,14.159285,1.6487178,0.9049476
O5_K8_sq_r34_c26.tif,O,O5,O5_K8_sq,34,26,1,1,29,86,1,1,1,1.1398885,11.279834,2.1172817,0.8347959
O5_K8_sq_r34_c27.tif,O,O5,O5_K8_sq,34,27,0,7,22,85,0,1,1,0.38978946,57.857765,1.6566399,0.8464851
O5_K8_sq_r34_c28.tif,O,O5,O5_K8_sq,34,28,1,3,22,112,0,1,1,0.96890527,22.37167,1.3726444,0.9228596
O5_K8_sq_r34_c40.tif,O,O5,O5_K8_sq,34,40,0,0,22,115,2,2,2,0.32529193,3.2189453,1.3825196,0.95428556
O5_K8_sq_r34_c41.tif,O,O5,O5_K8_sq,34,41,0,0,20,140,2,2,2,0.2791085,2.7619345,1.0807927,0.99603015
O5_K8_sq_r34_c42.tif,O,O5,O5_K8_sq,34,42,2,0,19,105,2,2,2,1.7662334,3.4955733,1.3011525,0.946572
O5_K8_sq_r34_c43.tif,O,O5,O5_K8_sq,34,43,2,0,9,86,2,0,0,2.2836149,4.5195293,0.8195812,1.0034416
O5_K8_sq_r34_c44.tif,O,O5,O5_K8_sq,34,44,1,0,6,125,2,2,2,1.012289,3.339055,0.4142973,1.0755984
O5_K8_sq_r34_c45.tif,O,O5,O5_K8_sq,34,45,1,0,8,99,1,2,2,1.2331522,4.0675764,0.6599785,1.038823
O5_K8_sq_r34_c46.tif,O,O5,O5_K8_sq,34,46,6,0,7,100,1,0,0,5.111326,3.890725,0.5570151,1.0036433
O5_K8_sq_r34_c47.tif,O,O5,O5_K8_sq,34,47,3,0,2,86,1,0,0,3.4033232,4.811112,0.22959405,1.0681797
O5_K8_sq_r33_c18.tif,O,O5,O5_K8_sq,33,18,1,0,13,113,2,2,2,1.051525,3.4684758,0.893815,1.0104558
O5_K8_sq_r33_c19.tif,O,O5,O5_K8_sq,33,19,1,0,14,145,2,2,2,0.8373255,2.7619345,0.7644631,1.031476
O5_K8_sq_r33_c20.tif,O,O5,O5_K8_sq,33,20,0,1,8,103,2,1,1,0.39662787,11.774563,0.6368214,1.0426695
O5_K8_sq_r33_c21.tif,O,O5,O5_K8_sq,33,21,0,1,19,110,2,1,1,0.34254226,10.1689415,1.2617236,0.9613898
O5_K8_sq_r33_c22.tif,O,O5,O5_K8_sq,33,22,0,0,12,128,1,2,2,0.31841955,3.1509392,0.7518397,1.0392642
O5_K8_sq_r33_c23.tif,O,O5,O5_K8_sq,33,23,1,1,23,113,2,1,1,0.96890527,9.587859,1.4336509,0.9310629
O5_K8_sq_r33_c24.tif,O,O5,O5_K8_sq,33,24,1,1,16,119,2,1,1,0.9758758,9.656836,1.0138477,0.98733443
O5_K8_sq_r33_c25.tif,O,O5,O5_K8_sq,33,25,1,2,24,135,2,1,1,0.82711416,13.641262,1.275927,0.94886976
O5_K8_sq_r33_c40.tif,O,O5,O5_K8_sq,33,40,0,1,13,72,2,1,1,0.5138134,15.253411,1.3102515,0.9461642
O5_K8_sq_r33_c41.tif,O,O5,O5_K8_sq,33,41,1,2,18,113,2,1,1,0.9974025,16.449759,1.1618134,0.9584471
O5_K8_sq_r33_c42.tif,O,O5,O5_K8_sq,33,42,0,0,16,111,2,2,2,0.35050836,3.4684758,1.0924405,0.99265045
O5_K8_sq_r33_c43.tif,O,O5,O5_K8_sq,33,43,2,0,5,80,2,0,0,2.540201,5.0273414,0.52780837,1.0387644
O5_K8_sq_r33_c44.tif,O,O5,O5_K8_sq,33,44,0,0,14,93,2,1,1,0.4148218,4.104893,1.1361746,0.9851362
O5_K8_sq_r33_c45.tif,O,O5,O5_K8_sq,33,45,2,0,13,108,1,0,0,1.8086231,3.5794673,0.9224171,0.99685246
O5_K8_sq_r33_c46.tif,O,O5,O5_K8_sq,33,46,1,0,11,141,1,2,2,0.8751402,2.886667,0.63367957,1.0484215
O5_K8_sq_r33_c47.tif,O,O5,O5_K8_sq,33,47,2,0,3,173,1,0,0,1.2559882,2.4857411,0.16607304,1.1069759
O5_K8_sq_r32_c18.tif,O,O5,O5_K8_sq,32,18,4,0,6,112,1,0,0,3.2817757,3.6083338,0.44770837,1.0419384
O5_K8_sq_r32_c19.tif,O,O5,O5_K8_sq,32,19,0,1,14,137,2,1,1,0.29360765,8.716235,0.8041755,1.0253996
O5_K8_sq_r32_c20.tif,O,O5,O5_K8_sq,32,20,0,0,24,116,2,2,2,0.31841955,3.1509392,1.4736058,0.9422123
O5_K8_sq_r32_c21.tif,O,O5,O5_K8_sq,32,21,0,0,19,97,2,2,2,0.38318285,3.7918084,1.4114196,0.94892913
O5_K8_sq_r32_c22.tif,O,O5,O5_K8_sq,32,22,1,0,21,139,2,2,2,0.83218855,2.74499,1.1265603,0.98287386
O5_K8_sq_r32_c23.tif,O,O5,O5_K8_sq,32,23,0,0,23,95,1,2,2,0.37679648,3.7286117,1.6725928,0.9139729
O5_K8_sq_r32_c24.tif,O,O5,O5_K8_sq,32,24,0,1,14,109,2,1,1,0.35885382,10.653176,0.9828812,0.99805564
O5_K8_sq_r32_c25.tif,O,O5,O5_K8_sq,32,25,0,2,23,128,2,1,1,0.2917134,14.433335,1.2949104,0.9521001
O5_K8_sq_r32_c40.tif,O,O5,O5_K8_sq,32,40,0,0,21,93,2,2,2,0.38978946,3.8571844,1.5830114,0.9256884
O5_K8_sq_r32_c41.tif,O,O5,O5_K8_sq,32,41,1,1,18,133,2,1,1,0.8751402,8.660001,1.0193976,0.9891468
O5_K8_sq_r32_c42.tif,O,O5,O5_K8_sq,32,42,1,1,12,64,2,1,1,1.6955842,16.778753,1.3345155,0.92593586
O5_K8_sq_r32_c43.tif,O,O5,O5_K8_sq,32,43,1,2,8,109,2,1,1,1.1118585,18.337435,0.5950626,1.0307788
O5_K8_sq_r32_c44.tif,O,O5,O5_K8_sq,32,44,1,0,19,98,2,2,2,1.1303895,3.7286117,1.387896,0.94268405
O5_K8_sq_r32_c45.tif,O,O5,O5_K8_sq,32,45,1,1,16,155,1,1,1,0.77512413,7.6702867,0.8052847,1.0204778
O5_K8_sq_r32_c46.tif,O,O5,O5_K8_sq,32,46,1,1,9,149,0,1,1,0.8373255,8.285804,0.50085515,1.0598328
O5_K8_sq_r32_c47.tif,O,O5,O5_K8_sq,32,47,3,0,9,134,0,0,0,2.1385746,3.0231986,0.54823333,1.0436906
O5_K8_sq_r31_c18.tif,O,O5,O5_K8_sq,31,18,1,0,9,150,2,2,2,0.8373255,2.7619345,0.50085515,1.066922
O5_K8_sq_r31_c19.tif,O,O5,O5_K8_sq,31,19,2,0,11,160,1,0,0,1.2918737,2.5567622,0.56125903,1.0532905
O5_K8_sq_r31_c20.tif,O,O5,O5_K8_sq,31,20,2,1,20,114,2,1,1,1.6264597,9.656836,1.2596289,0.9460234
O5_K8_sq_r31_c21.tif,O,O5,O5_K8_sq,31,21,1,1,39,115,2,1,1,0.8585236,8.49557,2.1352246,0.8395297
O5_K8_sq_r31_c22.tif,O,O5,O5_K8_sq,31,22,0,7,51,74,1,1,1,0.33742967,50.08583,3.2825096,0.63850254
O5_K8_sq_r31_c23.tif,O,O5,O5_K8_sq,31,23,0,1,3,27,2,1,1,1.370169,40.675766,0.9058529,0.95703965
O5_K8_sq_r31_c24.tif,O,O5,O5_K8_sq,31,24,0,3,26,102,2,1,1,0.33996674,23.549126,1.701758,0.88508177
O5_K8_sq_r31_c25.tif,O,O5,O5_K8_sq,31,25,0,2,23,86,1,1,1,0.40013784,19.797937,1.7762046,0.87912136
O5_K8_sq_r31_c40.tif,O,O5,O5_K8_sq,31,40,2,1,25,100,2,1,1,1.7390608,10.325386,1.6753302,0.88783836
O5_K8_sq_r31_c41.tif,O,O5,O5_K8_sq,31,41,0,2,26,115,2,1,1,0.31183156,15.428738,1.5609227,0.9147979
O5_K8_sq_r31_c42.tif,O,O5,O5_K8_sq,31,42,0,0,21,85,2,2,2,0.41866276,4.142902,1.7002715,0.9091877
O5_K8_sq_r31_c43.tif,O,O5,O5_K8_sq,31,43,1,0,15,89,2,2,2,1.2677264,4.1816206,1.2372329,0.96061736
O5_K8_sq_r31_c44.tif,O,O5,O5_K8_sq,31,44,1,0,17,99,2,2,2,1.1398885,3.7599447,1.2560146,0.9602566
O5_K8_sq_r31_c45.tif,O,O5,O5_K8_sq,31,45,2,0,19,123,0,2,2,1.5484787,3.0646124,1.1407365,0.9714608
O5_K8_sq_r31_c46.tif,O,O5,O5_K8_sq,31,46,2,0,14,137,1,2,2,1.458567,2.886667,0.79898727,1.0187842
O5_K8_sq_r31_c47.tif,O,O5,O5_K8_sq,31,47,5,0,7,117,1,0,0,3.796728,3.415522,0.48898274,1.030096
O5_K8_sq_r30_c17.tif,O,O5,O5_K8_sq,30,17,3,0,4,85,1,0,0,3.3671174,4.7599297,0.4088728,1.0445986
O5_K8_sq_r30_c18.tif,O,O5,O5_K8_sq,30,18,1,0,17,126,0,2,2,0.9290872,3.0646124,1.0237378,0.995059
O5_K8_sq_r30_c19.tif,O,O5,O5_K8_sq,30,19,0,1,21,148,2,1,1,0.26288125,7.8040714,1.0676123,0.9915376
O5_K8_sq_r30_c20.tif,O,O5,O5_K8_sq,30,20,0,6,25,102,2,1,1,0.3349302,43.086178,1.6132809,0.8719695
O5_K8_sq_r30_c21.tif,O,O5,O5_K8_sq,30,21,0,1,29,110,2,1,1,0.31841955,9.452818,1.7743416,0.89368635
O5_K8_sq_r30_c22.tif,O,O5,O5_K8_sq,30,22,0,1,42,111,2,1,1,0.28984344,8.604488,2.3268476,0.8208456
O5_K8_sq_r30_c23.tif,O,O5,O5_K8_sq,30,23,0,2,60,95,2,1,1,0.28437468,14.070233,3.2498388,0.68979084
O5_K8_sq_r30_c24.tif,O,O5,O5_K8_sq,30,24,1,4,26,122,2,1,1,0.8751402,25.980003,1.4602182,0.9076441
O5_K8_sq_r30_c40.tif,O,O5,O5_K8_sq,30,40,1,2,22,101,2,1,1,1.0597401,17.477867,1.5013298,0.91068304
O5_K8_sq_r30_c41.tif,O,O5,O5_K8_sq,30,41,1,0,30,67,2,2,2,1.3564672,4.474334,2.604974,0.77520216
O5_K8_sq_r30_c42.tif,O,O5,O5_K8_sq,30,42,0,1,18,73,2,1,1,0.48101676,14.279789,1.6809216,0.89798826
O5_K8_sq_r30_c43.tif,O,O5,O5_K8_sq,30,43,1,3,23,105,2,1,1,1.012289,23.373386,1.4978442,0.9041882
O5_K8_sq_r30_c44.tif,O,O5,O5_K8_sq,30,44,1,0,19,76,1,2,2,1.3841504,4.5656466,1.6994644,0.89649224
O5_K8_sq_r30_c45.tif,O,O5,O5_K8_sq,30,45,0,0,2,7,1,1,1,4.110507,40.675766,1.9411134,0.7830325
O5_K8_sq_r30_c46.tif,O,O5,O5_K8_sq,30,46,0,1,9,146,0,1,1,0.28617454,8.49557,0.5135351,1.0648581
O5_K8_sq_r30_c47.tif,O,O5,O5_K8_sq,30,47,5,0,8,119,0,0,0,3.7117264,3.339055,0.54177344,1.0241753
O5_K8_sq_r29_c17.tif,O,O5,O5_K8_sq,29,17,3,0,8,77,1,0,0,3.5167673,4.9714823,0.80664045,0.98894095
O5_K8_sq_r29_c18.tif,O,O5,O5_K8_sq,29,18,3,0,14,123,2,0,0,2.228937,3.1509392,0.872134,0.9988259
O5_K8_sq_r29_c19.tif,O,O5,O5_K8_sq,29,19,1,0,11,134,2,2,2,0.9165319,3.0231986,0.6636509,1.0436906
O5_K8_sq_r29_c20.tif,O,O5,O5_K8_sq,29,20,1,5,25,114,2,1,1,0.92276686,33.481407,1.4815845,0.8945391
O5_K8_sq_r29_c21.tif,O,O5,O5_K8_sq,29,21,0,3,30,72,2,1,1,0.42257547,29.271343,2.4345553,0.7781538
O5_K8_sq_r29_c22.tif,O,O5,O5_K8_sq,29,22,1,1,33,100,2,1,1,0.9901221,9.7978115,2.0884678,0.84247434
O5_K8_sq_r29_c39.tif,O,O5,O5_K8_sq,29,39,1,0,11,79,1,2,2,1.458567,4.811112,1.0561327,0.9817375
O5_K8_sq_r29_c40.tif,O,O5,O5_K8_sq,29,40,2,1,12,76,1,1,1,2.4309452,14.433335,1.1479703,0.94469076
O5_K8_sq_r29_c41.tif,O,O5,O5_K8_sq,29,41,0,1,6,47,1,1,1,0.8074211,23.969646,0.9913543,0.9741296
O5_K8_sq_r29_c42.tif,O,O5,O5_K8_sq,29,42,0,2,34,97,2,1,1,0.3349302,16.571608,2.1826742,0.82943434
O5_K8_sq_r29_c43.tif,O,O5,O5_K8_sq,29,43,1,0,24,105,2,2,2,1.0276268,3.389647,1.5852425,0.91788805
O5_K8_sq_r29_c44.tif,O,O5,O5_K8_sq,29,44,0,1,10,77,2,1,1,0.50239533,14.914447,0.9964382,0.98894095
O5_K8_sq_r29_c45.tif,O,O5,O5_K8_sq,29,45,0,0,11,89,1,1,1,0.44329,4.386602,0.96294445,1.0077065
O5_K8_sq_r29_c46.tif,O,O5,O5_K8_sq,29,46,1,0,8,157,1,2,2,0.8074211,2.663294,0.43212882,1.0766696
O5_K8_sq_r29_c47.tif,O,O5,O5_K8_sq,29,47,5,0,1,107,0,0,0,4.3249683,3.890725,0.111403026,1.0735488
O5_K8_sq_r28_c17.tif,O,O5,O5_K8_sq,28,17,2,0,3,75,1,0,0,2.7570474,5.456505,0.36455056,1.0574121
O5_K8_sq_r28_c18.tif,O,O5,O5_K8_sq,28,18,3,0,15,102,2,0,0,2.5943363,3.6674867,1.0851141,0.9648843
O5_K8_sq_r28_c20.tif,O,O5,O5_K8_sq,28,20,1,3,26,128,2,1,1,0.8477921,19.57521,1.4145864,0.922347
O5_K8_sq_r28_c21.tif,O,O5,O5_K8_sq,28,21,0,1,30,102,2,1,1,0.3349302,9.942965,1.9296104,0.8719695
O5_K8_sq_r28_c40.tif,O,O5,O5_K8_sq,28,40,0,4,42,86,1,1,1,0.33742967,30.051498,2.708867,0.7413487
O5_K8_sq_r28_c46.tif,O,O5,O5_K8_sq,28,46,2,0,9,112,0,0,0,1.8086231,3.5794673,0.6491083,1.0336028
O5_K8_sq_r27_c17.tif,O,O5,O5_K8_sq,27,17,2,0,9,84,2,0,0,2.3307,4.6127152,0.8364797,1.0004518
O5_K8_sq_r27_c18.tif,O,O5,O5_K8_sq,27,18,1,1,16,137,2,1,1,0.8639919,8.549683,0.89761037,1.0058061
O5_K8_sq_r27_c21.tif,O,O5,O5_K8_sq,27,21,0,0,7,105,2,1,1,0.39662787,3.9248543,0.5619013,1.0628177
O5_K8_sq_r27_c40.tif,O,O5,O5_K8_sq,27,40,1,1,18,93,2,1,1,1.1795368,11.672175,1.3739706,0.9337378
O5_K8_sq_r27_c46.tif,O,O5,O5_K8_sq,27,46,1,0,5,98,0,2,2,1.2796862,4.22107,0.44315985,1.0671895
O5_K8_sq_r26_c17.tif,O,O5,O5_K8_sq,26,17,2,0,3,126,1,0,0,1.6998336,3.364161,0.22476049,1.0923204
O5_K8_sq_r26_c18.tif,O,O5,O5_K8_sq,26,18,0,1,9,117,2,1,1,0.35050836,10.405428,0.6289809,1.0460666
O5_K8_sq_r26_c19.tif,O,O5,O5_K8_sq,26,19,0,1,9,141,2,1,1,0.29552665,8.773204,0.53031725,1.0621263
O5_K8_sq_r26_c20.tif,O,O5,O5_K8_sq,26,20,1,0,16,103,2,2,2,1.1118585,3.6674867,1.1551216,0.97429776
O5_K8_sq_r26_c21.tif,O,O5,O5_K8_sq,26,21,0,0,18,86,2,2,2,0.42656207,4.22107,1.4906285,0.9371765
O5_K8_sq_r26_c22.tif,O,O5,O5_K8_sq,26,22,0,1,24,137,2,1,1,0.27570474,8.184757,1.275927,0.96287525
O5_K8_sq_r26_c44.tif,O,O5,O5_K8_sq,26,44,0,1,12,83,2,1,1,0.46138343,13.69694,1.0894003,0.9785242
O5_K8_sq_r26_c45.tif,O,O5,O5_K8_sq,26,45,3,0,10,89,2,0,0,3.0433564,4.302244,0.86230224,0.9883275
O5_K8_sq_r26_c46.tif,O,O5,O5_K8_sq,26,46,5,0,2,89,0,0,0,5.0752177,4.5656466,0.21788007,1.0488373
O5_K8_sq_r25_c17.tif,O,O5,O5_K8_sq,25,17,2,0,7,104,2,0,0,1.9658947,3.890725,0.5570151,1.0435894
O5_K8_sq_r25_c18.tif,O,O5,O5_K8_sq,25,18,3,0,4,111,2,0,0,2.6375754,3.7286117,0.3202837,1.0670992
O5_K8_sq_r25_c19.tif,O,O5,O5_K8_sq,25,19,1,0,9,101,2,2,2,1.2004136,3.9595876,0.7180401,1.0315702
O5_K8_sq_r25_c20.tif,O,O5,O5_K8_sq,25,20,1,1,6,130,2,1,1,0.96890527,9.587859,0.39654174,1.0705172
O5_K8_sq_r25_c21.tif,O,O5,O5_K8_sq,25,21,0,0,19,108,2,2,2,0.35050836,3.4684758,1.291066,0.9659423
O5_K8_sq_r25_c22.tif,O,O5,O5_K8_sq,25,22,1,0,18,106,2,2,2,1.0680845,3.5230975,1.2441467,0.96306825
O5_K8_sq_r25_c43.tif,O,O5,O5_K8_sq,25,43,0,2,22,128,2,1,1,0.29360765,14.527059,1.2478585,0.95828253
O5_K8_sq_r25_c45.tif,O,O5,O5_K8_sq,25,45,1,0,14,142,1,2,2,0.85312414,2.8140464,0.778887,1.0292691
O5_K8_sq_r25_c46.tif,O,O5,O5_K8_sq,25,46,2,1,4,120,0,1,1,1.7525418,10.405428,0.29793835,1.0727748
O5_K8_sq_r24_c17.tif,O,O5,O5_K8_sq,24,17,5,0,7,108,1,0,0,4.076814,3.6674867,0.5250552,1.0213653
O5_K8_sq_r24_c18.tif,O,O5,O5_K8_sq,24,18,3,0,7,126,2,0,0,2.2935438,3.242271,0.46417925,1.0527437
O5_K8_sq_r24_c20.tif,O,O5,O5_K8_sq,24,20,0,1,6,80,2,1,1,0.5080402,15.082025,0.62377346,1.0387644
O5_K8_sq_r24_c21.tif,O,O5,O5_K8_sq,24,21,0,0,13,126,2,2,2,0.32067785,3.1732864,0.8177456,1.0303448
O5_K8_sq_r24_c22.tif,O,O5,O5_K8_sq,24,22,2,0,18,113,2,2,2,1.674651,3.3143213,1.1704195,0.96554667
O5_K8_sq_r24_c45.tif,O,O5,O5_K8_sq,24,45,6,0,3,110,0,0,0,4.857872,3.6977966,0.24705079,1.0487889
O5_K8_sq_r23_c18.tif,O,O5,O5_K8_sq,23,18,2,0,12,71,0,0,0,2.5985963,5.1429124,1.2271405,0.94383913
O5_K8_sq_r23_c19.tif,O,O5,O5_K8_sq,23,19,2,0,5,76,2,0,0,2.65974,5.263922,0.5526464,1.0336028
O5_K8_sq_r23_c20.tif,O,O5,O5_K8_sq,23,20,2,0,4,103,2,0,0,2.0367377,4.0309315,0.34625262,1.0708498
O5_K8_sq_r23_c21.tif,O,O5,O5_K8_sq,23,21,1,1,8,119,2,1,1,1.0354713,10.246567,0.55418044,1.0476297
O5_K8_sq_r23_c22.tif,O,O5,O5_K8_sq,23,22,1,0,13,101,2,2,2,1.1593738,3.8242173,0.9854883,0.9963028
O5_K8_sq_r23_c23.tif,O,O5,O5_K8_sq,23,23,0,1,17,79,2,1,1,0.456723,13.558588,1.5097548,0.92223823
O5_K8_sq_r23_c45.tif,O,O5,O5_K8_sq,23,45,2,0,2,144,0,0,0,1.5071859,2.9828894,0.14234832,1.1063378
O5_K8_sq_r22_c18.tif,O,O5,O5_K8_sq,22,18,6,0,4,96,0,0,0,5.442616,4.142902,0.35587078,1.0261592
O5_K8_sq_r22_c19.tif,O,O5,O5_K8_sq,22,19,0,0,7,101,1,1,1,0.41105068,4.0675764,0.58233404,1.059704
O5_K8_sq_r22_c20.tif,O,O5,O5_K8_sq,22,20,1,0,9,95,2,2,2,1.2677264,4.1816206,0.75830406,1.0250163
O5_K8_sq_r22_c21.tif,O,O5,O5_K8_sq,22,21,1,0,8,112,2,2,2,1.102819,3.6376698,0.5902247,1.0504094
O5_K8_sq_r22_c22.tif,O,O5,O5_K8_sq,22,22,3,0,8,80,2,0,0,3.4033232,4.811112,0.7806198,0.9940864
O5_K8_sq_r22_c23.tif,O,O5,O5_K8_sq,22,23,1,0,13,111,2,2,2,1.0680845,3.5230975,0.9078908,1.0082828
O5_K8_sq_r22_c24.tif,O,O5,O5_K8_sq,22,24,0,1,14,99,2,1,1,0.38978946,11.571553,1.0676123,0.98509085
O5_K8_sq_r22_c25.tif,O,O5,O5_K8_sq,22,25,0,0,32,112,2,2,2,0.30969572,3.0646124,1.9012275,0.8849339
O5_K8_sq_r22_c26.tif,O,O5,O5_K8_sq,22,26,2,3,31,110,1,1,1,1.5275532,21.162392,1.8178265,0.8574558
O5_K8_sq_r22_c45.tif,O,O5,O5_K8_sq,22,45,1,0,1,92,1,1,1,1.4129868,4.6607647,0.13345154,1.1065772
O5_K8_sq_r21_c19.tif,O,O5,O5_K8_sq,21,19,4,0,0,68,0,0,0,5.4991918,6.046397,0.057708777,1.06309
O5_K8_sq_r21_c20.tif,O,O5,O5_K8_sq,21,20,1,0,3,85,1,1,1,1.4906235,4.9168506,0.3284961,1.0790359
O5_K8_sq_r21_c21.tif,O,O5,O5_K8_sq,21,21,2,0,3,86,2,0,0,2.4309452,4.811112,0.32143167,1.0681797
O5_K8_sq_r21_c22.tif,O,O5,O5_K8_sq,21,22,1,0,9,115,2,2,2,1.0680845,3.5230975,0.63888615,1.0444543
O5_K8_sq_r21_c23.tif,O,O5,O5_K8_sq,21,23,0,0,17,113,2,2,2,0.34254226,3.389647,1.132316,0.98749095
O5_K8_sq_r21_c24.tif,O,O5,O5_K8_sq,21,24,0,0,24,115,2,2,2,0.32067785,3.1732864,1.4840568,0.94074965
O5_K8_sq_r21_c25.tif,O,O5,O5_K8_sq,21,25,0,2,30,98,2,1,1,0.34254226,16.948235,1.9734652,0.8569855
O5_K8_sq_r21_c26.tif,O,O5,O5_K8_sq,21,26,0,1,32,86,2,1,1,0.37368244,11.0933895,2.294043,0.82099766
O5_K8_sq_r21_c27.tif,O,O5,O5_K8_sq,21,27,0,2,46,100,2,1,1,0.3014372,14.914447,2.6476786,0.7694599
O5_K8_sq_r21_c43.tif,O,O5,O5_K8_sq,21,43,0,0,37,139,1,2,2,0.2540201,2.5136707,1.7993466,0.9000474
O5_K8_sq_r21_c44.tif,O,O5,O5_K8_sq,21,44,1,0,6,156,0,2,2,0.82210135,2.7117174,0.33645964,1.0892851
O5_K8_sq_r20_c19.tif,O,O5,O5_K8_sq,20,19,0,0,0,47,0,1,1,0.92276686,9.131293,0.08715203,1.113291
O5_K8_sq_r20_c20.tif,O,O5,O5_K8_sq,20,20,1,0,0,59,1,1,1,2.1878505,7.2166677,0.06887821,1.1021392
O5_K8_sq_r20_c21.tif,O,O5,O5_K8_sq,20,21,4,0,6,107,2,0,0,3.4196656,3.7599447,0.46651968,1.0374631
O5_K8_sq_r20_c22.tif,O,O5,O5_K8_sq,20,22,1,0,10,101,2,2,2,1.1898836,3.9248543,0.7866617,1.0225213
O5_K8_sq_r20_c23.tif,O,O5,O5_K8_sq,20,23,2,0,13,104,2,0,0,1.8684123,3.6977966,0.9529102,0.99184114
O5_K8_sq_r20_c24.tif,O,O5,O5_K8_sq,20,24,0,0,18,122,2,2,2,0.31841955,3.1509392,1.1127226,0.9907383
O5_K8_sq_r20_c25.tif,O,O5,O5_K8_sq,20,25,1,3,26,97,2,1,1,1.051525,24.279331,1.7545257,0.8680127
O5_K8_sq_r20_c26.tif,O,O5,O5_K8_sq,20,26,0,4,28,125,2,1,1,0.28437468,25.32642,1.5309157,0.90647906
O5_K8_sq_r20_c27.tif,O,O5,O5_K8_sq,20,27,0,1,39,103,2,1,1,0.31183156,9.257242,2.3266585,0.81975394
O5_K8_sq_r20_c43.tif,O,O5,O5_K8_sq,20,43,0,0,5,129,0,1,1,0.3324675,3.2899516,0.345404,1.0935585
O5_K8_sq_r20_c44.tif,O,O5,O5_K8_sq,20,44,3,0,2,117,0,0,0,2.5524921,3.6083338,0.17219554,1.0882467
O5_K8_sq_r19_c20.tif,O,O5,O5_K8_sq,19,20,3,0,1,41,1,0,0,6.734235,9.519859,0.27258188,1.0140548
O5_K8_sq_r19_c21.tif,O,O5,O5_K8_sq,19,21,1,0,8,115,1,2,2,1.0765613,3.551059,0.57617176,1.0527437
O5_K8_sq_r19_c22.tif,O,O5,O5_K8_sq,19,22,2,0,24,105,2,2,2,1.6998336,3.364161,1.5733234,0.91098666
O5_K8_sq_r19_c23.tif,O,O5,O5_K8_sq,19,23,2,0,34,104,2,2,2,1.5920979,3.1509392,2.0750775,0.84516037
O5_K8_sq_r19_c24.tif,O,O5,O5_K8_sq,19,24,1,4,29,117,2,1,1,0.88658,26.319613,1.6467746,0.8819777
O5_K8_sq_r19_c25.tif,O,O5,O5_K8_sq,19,25,1,2,32,110,2,1,1,0.92276686,15.218823,1.888294,0.8632889
O5_K8_sq_r19_c26.tif,O,O5,O5_K8_sq,19,26,2,4,27,105,2,1,1,1.6148422,28.763577,1.6776764,0.8654373
O5_K8_sq_r19_c27.tif,O,O5,O5_K8_sq,19,27,0,0,55,103,2,2,2,0.28259736,2.7964587,2.9626243,0.74290204
O5_K8_sq_r19_c32.tif,O,O5,O5_K8_sq,19,32,0,3,25,115,1,1,1,0.31183156,21.600233,1.5020201,0.9147979
O5_K8_sq_r19_c40.tif,O,O5,O5_K8_sq,19,40,1,0,28,90,2,2,2,1.1210474,3.6977966,2.0116992,0.85896283
O5_K8_sq_r19_c43.tif,O,O5,O5_K8_sq,19,43,2,0,6,112,0,0,0,1.8530974,3.6674867,0.45504788,1.0590192
O5_K8_sq_r18_c21.tif,O,O5,O5_K8_sq,18,21,1,0,9,40,0,1,1,2.608591,8.604488,1.5603565,0.89446396
O5_K8_sq_r18_c22.tif,O,O5,O5_K8_sq,18,22,0,0,5,104,0,1,1,0.40734756,4.0309315,0.4231977,1.0811961
O5_K8_sq_r18_c23.tif,O,O5,O5_K8_sq,18,23,3,1,15,120,0,1,1,2.244745,9.519859,0.9388931,0.9814747
O5_K8_sq_r18_c24.tif,O,O5,O5_K8_sq,18,24,1,0,21,131,2,2,2,0.8751402,2.886667,1.1847053,0.97432816
O5_K8_sq_r18_c25.tif,O,O5,O5_K8_sq,18,25,1,3,19,89,1,1,1,1.1898836,27.47398,1.4609432,0.9016321
O5_K8_sq_r18_c26.tif,O,O5,O5_K8_sq,18,26,0,0,15,130,2,2,2,0.30758896,3.0437646,0.9005709,1.0195402
O5_K8_sq_r18_c27.tif,O,O5,O5_K8_sq,18,27,1,0,29,120,2,2,2,0.89241266,2.9436407,1.6576086,0.91044694
O5_K8_sq_r18_c28.tif,O,O5,O5_K8_sq,18,28,0,3,28,98,2,1,1,0.3451571,23.908653,1.8581344,0.8635274
O5_K8_sq_r18_c29.tif,O,O5,O5_K8_sq,18,29,2,1,29,107,2,1,1,1.6033893,9.519859,1.7869256,0.8755895
O5_K8_sq_r18_c30.tif,O,O5,O5_K8_sq,18,30,0,4,28,123,2,1,1,0.2879973,25.649048,1.5504179,0.90339667
O5_K8_sq_r18_c31.tif,O,O5,O5_K8_sq,18,31,1,1,18,127,2,1,1,0.9103807,9.008726,1.0604471,0.982732
O5_K8_sq_r18_c32.tif,O,O5,O5_K8_sq,18,32,2,1,15,109,1,1,1,1.7525418,10.405428,1.026232,0.97484505
O5_K8_sq_r18_c33.tif,O,O5,O5_K8_sq,18,33,0,0,15,92,2,1,1,0.4148218,4.104893,1.2145315,0.9746
O5_K8_sq_r18_c41.tif,O,O5,O5_K8_sq,18,41,1,0,17,113,1,2,2,1.0199002,3.364161,1.1238025,0.9800662
O5_K8_sq_r18_c42.tif,O,O5,O5_K8_sq,18,42,2,0,14,89,1,0,0,2.1128774,4.1816206,1.1574115,0.96061736
O5_K8_sq_r18_c43.tif,O,O5,O5_K8_sq,18,43,4,0,9,95,0,0,0,3.6994562,4.0675764,0.73762304,0.9970613
O5_K8_sq_r17_c24.tif,O,O5,O5_K8_sq,17,24,2,0,2,43,0,0,0,4.6138344,9.131293,0.43576014,1.0195402
O5_K8_sq_r17_c25.tif,O,O5,O5_K8_sq,17,25,2,1,15,112,2,1,1,1.7127113,10.1689415,1.0029086,0.9787906
O5_K8_sq_r17_c26.tif,O,O5,O5_K8_sq,17,26,2,0,18,130,2,2,2,1.4873545,2.9436407,1.0395173,0.9860027
O5_K8_sq_r17_c27.tif,O,O5,O5_K8_sq,17,27,2,1,14,125,2,1,1,1.5699854,9.321529,0.86002105,1.000904
O5_K8_sq_r17_c28.tif,O,O5,O5_K8_sq,17,28,1,0,21,111,2,2,2,1.0047907,3.3143213,1.3602172,0.94853264
O5_K8_sq_r17_c29.tif,O,O5,O5_K8_sq,17,29,0,0,14,117,2,2,2,0.33996674,3.364161,0.9311506,1.014606
O5_K8_sq_r17_c30.tif,O,O5,O5_K8_sq,17,30,0,0,10,126,2,1,1,0.32764912,3.242271,0.64985096,1.0527437
O5_K8_sq_r17_c31.tif,O,O5,O5_K8_sq,17,31,3,0,7,64,2,0,0,4.1645927,5.8872814,0.8428519,0.97466934
O5_K8_sq_r17_c32.tif,O,O5,O5_K8_sq,17,32,2,0,13,82,1,0,0,2.2836149,4.5195293,1.1646681,0.95703965
O5_K8_sq_r17_c41.tif,O,O5,O5_K8_sq,17,41,2,1,14,138,0,1,1,1.4399866,8.549683,0.7888091,1.013121
O5_K8_sq_r17_c42.tif,O,O5,O5_K8_sq,17,42,2,0,10,70,0,0,0,2.6914034,5.326588,1.0676123,0.96387565
O5_K8_sq_r16_c24.tif,O,O5,O5_K8_sq,16,24,5,0,0,48,1,0,0,9.043116,8.135153,0.07764453,1.0127219
O5_K8_sq_r16_c25.tif,O,O5,O5_K8_sq,16,25,3,0,7,111,2,0,0,2.5732443,3.6376698,0.5207865,1.0410725
O5_K8_sq_r16_c26.tif,O,O5,O5_K8_sq,16,26,3,0,4,99,2,0,0,2.9306393,4.142902,0.35587078,1.0580605
O5_K8_sq_r16_c27.tif,O,O5,O5_K8_sq,16,27,2,0,23,132,2,2,2,1.4218736,2.8140464,1.2623341,0.95703965
O5_K8_sq_r16_c28.tif,O,O5,O5_K8_sq,16,28,1,0,15,113,2,2,2,1.0354713,3.415522,1.0105643,0.99502903
O5_K8_sq_r16_c29.tif,O,O5,O5_K8_sq,16,29,0,0,10,120,1,1,1,0.34254226,3.389647,0.67938966,1.0483935
O5_K8_sq_r16_c30.tif,O,O5,O5_K8_sq,16,30,2,0,7,91,2,0,0,2.21645,4.386602,0.6280073,1.030225
O5_K8_sq_r16_c31.tif,O,O5,O5_K8_sq,16,31,8,0,16,79,1,0,0,7.3206177,4.2612705,1.3421413,0.86953884
O5_K8_sq_r16_c32.tif,O,O5,O5_K8_sq,16,32,4,0,20,130,2,0,0,2.608591,2.8681629,1.1223617,0.96072054
O5_K8_sq_r16_c33.tif,O,O5,O5_K8_sq,16,33,1,1,25,115,2,1,1,0.9419912,9.321529,1.5124508,0.9211506
O5_K8_sq_r16_c40.tif,O,O5,O5_K8_sq,16,40,1,0,21,129,2,2,2,0.88658,2.9244013,1.2001917,0.97205204
O5_K8_sq_r16_c41.tif,O,O5,O5_K8_sq,16,41,1,0,9,132,0,2,2,0.9419912,3.1071763,0.5634621,1.0567313
O5_K8_sq_r15_c25.tif,O,O5,O5_K8_sq,15,25,1,0,4,97,2,1,1,1.3042955,4.302244,0.36955813,1.0766696
O5_K8_sq_r15_c26.tif,O,O5,O5_K8_sq,15,26,0,0,5,129,2,1,1,0.3324675,3.2899516,0.345404,1.0935585
O5_K8_sq_r15_c27.tif,O,O5,O5_K8_sq,15,27,1,0,6,87,1,1,1,1.4129868,4.6607647,0.57829005,1.0467621
O5_K8_sq_r15_c28.tif,O,O5,O5_K8_sq,15,28,0,0,3,68,2,1,1,0.61939144,6.129225,0.40949515,1.0776528
O5_K8_sq_r15_c29.tif,O,O5,O5_K8_sq,15,29,4,0,12,87,2,0,0,3.875621,4.2612705,1.0167737,0.95703965
O5_K8_sq_r15_c30.tif,O,O5,O5_K8_sq,15,30,3,0,10,98,2,0,0,2.800965,3.9595876,0.7936233,1.0010804
O5_K8_sq_r15_c31.tif,O,O5,O5_K8_sq,15,31,2,0,15,132,2,2,2,1.4972045,2.963135,0.8767147,1.0077437
O5_K8_sq_r15_c32.tif,O,O5,O5_K8_sq,15,32,3,1,21,123,2,1,1,2.1100602,8.948668,1.2241955,0.94555515
O5_K8_sq_r15_c33.tif,O,O5,O5_K8_sq,15,33,0,2,17,92,2,1,1,0.40013784,19.797937,1.3227056,0.9401009
O5_K8_sq_r15_c34.tif,O,O5,O5_K8_sq,15,34,2,3,21,93,2,1,1,1.8684123,25.884577,1.5175977,0.88743675
O5_K8_sq_r15_c35.tif,O,O5,O5_K8_sq,15,35,1,1,16,77,2,1,1,1.39842,13.838146,1.4528332,0.9175741
O5_K8_sq_r15_c40.tif,O,O5,O5_K8_sq,15,40,2,3,30,126,0,1,1,1.3869809,19.214931,1.5981436,0.8912799
O5_K8_sq_r15_c41.tif,O,O5,O5_K8_sq,15,41,3,0,5,92,0,0,0,3.10303,4.386602,0.46053866,1.0414844
O5_K8_sq_r14_c25.tif,O,O5,O5_K8_sq,14,25,8,0,2,60,0,0,0,10.6758995,6.2143526,0.296559,0.965015
O5_K8_sq_r14_c26.tif,O,O5,O5_K8_sq,14,26,7,0,5,78,0,0,0,7.372105,4.8634067,0.5105972,0.9799254
O5_K8_sq_r14_c27.tif,O,O5,O5_K8_sq,14,27,6,0,6,104,1,0,0,4.981377,3.7918084,0.47047323,1.0170574
O5_K8_sq_r14_c28.tif,O,O5,O5_K8_sq,14,28,5,0,11,136,1,0,0,3.2296844,2.9054117,0.6377944,1.0179422
O5_K8_sq_r14_c29.tif,O,O5,O5_K8_sq,14,29,2,0,4,120,1,0,0,1.7662334,3.4955733,0.30026597,1.0811558
O5_K8_sq_r14_c30.tif,O,O5,O5_K8_sq,14,30,1,0,11,96,2,2,2,1.2331522,4.0675764,0.8929121,1.0075017
O5_K8_sq_r14_c31.tif,O,O5,O5_K8_sq,14,31,1,0,20,127,2,2,2,0.90431154,2.9828894,1.1672562,0.9761805
O5_K8_sq_r14_c32.tif,O,O5,O5_K8_sq,14,32,0,0,23,103,2,2,2,0.3532467,3.4955733,1.5680556,0.92862755
O5_K8_sq_r14_c40.tif,O,O5,O5_K8_sq,14,40,2,0,3,100,0,0,0,2.1128774,4.1816206,0.2793752,1.0786821
O5_K8_sq_r13_c26.tif,O,O5,O5_K8_sq,13,26,5,0,1,45,0,0,0,9.384365,8.44214,0.24172355,0.98593146
O5_K8_sq_r13_c27.tif,O,O5,O5_K8_sq,13,27,2,0,1,67,1,0,0,3.1399708,6.2143526,0.17793539,1.0766696
O5_K8_sq_r13_c28.tif,O,O5,O5_K8_sq,13,28,0,0,7,141,2,1,1,0.3014372,2.9828894,0.42704493,1.0833689
O5_K8_sq_r13_c29.tif,O,O5,O5_K8_sq,13,29,2,0,7,133,2,0,0,1.5699854,3.1071763,0.44483846,1.0647066
O5_K8_sq_r13_c30.tif,O,O5,O5_K8_sq,13,30,3,0,24,127,2,0,0,2.0289042,2.8681629,1.341359,0.93863505
O5_K8_sq_r13_c31.tif,O,O5,O5_K8_sq,13,31,1,0,33,118,2,2,2,0.8808229,2.9054117,1.8579228,0.88370806
O5_K8_sq_r13_c39.tif,O,O5,O5_K8_sq,13,39,2,0,11,96,0,0,0,2.0367377,4.0309315,0.88486785,0.9984252
O5_K8_sq_r13_c40.tif,O,O5,O5_K8_sq,13,40,2,0,1,74,0,0,0,2.8617454,5.663714,0.16216895,1.0830297
O5_K8_sq_r12_c28.tif,O,O5,O5_K8_sq,12,28,7,0,4,118,0,0,0,5.1773562,3.415522,0.29338965,1.038863
O5_K8_sq_r12_c29.tif,O,O5,O5_K8_sq,12,29,3,0,16,139,2,0,0,1.9781815,2.7964587,0.88078016,1.0013027
O5_K8_sq_r12_c30.tif,O,O5,O5_K8_sq,12,30,2,0,26,116,2,2,2,1.5484787,3.0646124,1.5502316,0.9163982
O5_K8_sq_r12_c31.tif,O,O5,O5_K8_sq,12,31,0,1,29,106,2,1,1,0.32764912,9.726813,1.8257718,0.88630193
O5_K8_sq_r12_c35.tif,O,O5,O5_K8_sq,12,35,1,1,33,95,2,1,1,1.0276268,10.1689415,2.1675766,0.83088446
O5_K8_sq_r12_c36.tif,O,O5,O5_K8_sq,12,36,1,4,14,64,2,1,1,1.595844,47.3753,1.4569769,0.871469
O5_K8_sq_r12_c37.tif,O,O5,O5_K8_sq,12,37,2,3,18,80,1,1,1,2.1531227,29.828894,1.504825,0.8804765
O5_K8_sq_r12_c38.tif,O,O5,O5_K8_sq,12,38,1,2,29,130,1,1,1,0.82711416,13.641262,1.5363202,0.91385615
O5_K8_sq_r12_c39.tif,O,O5,O5_K8_sq,12,39,4,0,9,88,0,0,0,3.9508758,4.3440137,0.7877528,0.98677295
O5_K8_sq_r11_c29.tif,O,O5,O5_K8_sq,11,29,2,0,14,124,1,0,0,1.5920979,3.1509392,0.872134,1.0069135
O5_K8_sq_r11_c30.tif,O,O5,O5_K8_sq,11,30,3,1,11,104,2,1,1,2.6157773,11.0933895,0.81173825,0.99184114
O5_K8_sq_r11_c31.tif,O,O5,O5_K8_sq,11,31,0,0,18,112,2,2,2,0.34254226,3.389647,1.1970199,0.9787906
O5_K8_sq_r11_c35.tif,O,O5,O5_K8_sq,11,35,1,0,23,114,2,2,2,0.96890527,3.195953,1.4336509,0.9392661
O5_K8_sq_r11_c36.tif,O,O5,O5_K8_sq,11,36,2,4,17,67,1,1,1,2.4573684,43.770657,1.6246275,0.84261096
O5_K8_sq_r11_c37.tif,O,O5,O5_K8_sq,11,37,2,0,24,89,2,2,2,1.9322897,3.8242173,1.7884789,0.8785133
O5_K8_sq_r11_c38.tif,O,O5,O5_K8_sq,11,38,1,0,14,96,1,2,2,1.2004136,3.9595876,1.095956,0.98075396
O5_K8_sq_r10_c31.tif,O,O5,O5_K8_sq,10,31,1,0,3,72,0,1,1,1.7390608,5.7363257,0.38324547,1.0674673
O5_K8_sq_r10_c32.tif,O,O5,O5_K8_sq,10,32,1,0,25,134,2,2,2,0.8373255,2.7619345,1.3444006,0.9534951
O5_K8_sq_r10_c33.tif,O,O5,O5_K8_sq,10,33,0,0,23,108,2,2,2,0.33996674,3.364161,1.5091062,0.93689144
O5_K8_sq_r10_c34.tif,O,O5,O5_K8_sq,10,34,0,1,24,110,2,1,1,0.33004072,9.7978115,1.5273869,0.9263026
O5_K8_sq_r10_c35.tif,O,O5,O5_K8_sq,10,35,1,0,17,124,2,2,2,0.9419912,3.1071763,1.0379564,0.9929286
O5_K8_sq_r10_c36.tif,O,O5,O5_K8_sq,10,36,0,0,21,87,2,2,2,0.41105068,4.0675764,1.6693575,0.91353786
O5_K8_sq_r10_c37.tif,O,O5,O5_K8_sq,10,37,0,0,8,81,1,1,1,0.49687448,4.9168506,0.7977763,1.0285547
O5_K8_sq_r10_c38.tif,O,O5,O5_K8_sq,10,38,3,0,13,101,0,0,0,2.65974,3.7599447,0.9689255,0.9795582
O5_K8_sq_r9_c31.tif,O,O5,O5_K8_sq,9,31,2,0,3,65,1,0,0,3.1399708,6.2143526,0.4151826,1.0447683
O5_K8_sq_r9_c32.tif,O,O5,O5_K8_sq,9,32,1,0,15,123,2,2,2,0.9620335,3.1732864,0.9388931,1.0059097
O5_K8_sq_r9_c33.tif,O,O5,O5_K8_sq,9,33,2,1,10,113,2,1,1,1.7662334,10.48672,0.7006206,1.01835
O5_K8_sq_r9_c34.tif,O,O5,O5_K8_sq,9,34,1,0,20,123,2,2,2,0.9290872,3.0646124,1.1992358,0.9714608
O5_K8_sq_r9_c35.tif,O,O5,O5_K8_sq,9,35,1,1,22,97,2,1,1,1.102819,10.91301,1.5623596,0.9103548
O5_K8_sq_r9_c36.tif,O,O5,O5_K8_sq,9,36,2,1,23,100,0,1,1,1.7662334,10.48672,1.5680556,0.9017108
O5_K8_sq_r9_c37.tif,O,O5,O5_K8_sq,9,37,3,0,13,74,0,0,0,3.4403155,4.8634067,1.253284,0.9299929
O5_K8_sq_r9_c38.tif,O,O5,O5_K8_sq,9,38,3,1,8,97,0,1,1,2.8514328,12.092794,0.65403277,1.0087715
O5_K8_sq_r8_c32.tif,O,O5,O5_K8_sq,8,32,2,1,1,87,1,1,1,2.4309452,14.433335,0.13775642,1.0805286
O5_K8_sq_r8_c33.tif,O,O5,O5_K8_sq,8,33,2,0,9,118,2,0,0,1.7257854,3.415522,0.61937815,1.038863
O5_K8_sq_r8_c34.tif,O,O5,O5_K8_sq,8,34,0,0,16,126,2,2,2,0.31399706,3.1071763,0.97864467,1.0088793
O5_K8_sq_r8_c35.tif,O,O5,O5_K8_sq,8,35,0,0,21,106,1,2,2,0.35050836,3.4684758,1.4234831,0.9481369
O5_K8_sq_r8_c36.tif,O,O5,O5_K8_sq,8,36,2,2,9,62,1,1,1,2.9360764,29.054117,1.0537472,0.9321815
O5_K8_sq_r8_c37.tif,O,O5,O5_K8_sq,8,37,2,0,14,138,0,2,2,1.4492173,2.8681629,0.7938656,1.0196154
O5_K8_sq_r8_c38.tif,O,O5,O5_K8_sq,8,38,0,0,5,99,0,1,1,0.42656207,4.22107,0.44315985,1.0780239
O5_K8_sq_r7_c32.tif,O,O5,O5_K8_sq,7,32,2,0,7,103,1,0,0,1.9831394,3.9248543,0.5619013,1.0426695
O5_K8_sq_r7_c33.tif,O,O5,O5_K8_sq,7,33,1,1,6,143,1,1,1,0.88658,8.773204,0.36284864,1.0771387
O5_K8_sq_r7_c36.tif,O,O5,O5_K8_sq,7,36,2,0,4,71,1,0,0,2.8617454,5.663714,0.48650688,1.0394177
O5_K8_sq_r7_c37.tif,O,O5,O5_K8_sq,7,37,1,0,8,137,0,2,2,0.9165319,3.0231986,0.4905246,1.0669699
O5_K8_sq_r7_c38.tif,O,O5,O5_K8_sq,7,38,1,0,3,59,0,1,1,2.0868728,6.8835907,0.45989454,1.0512712
O5_K8_sq_r6_c32.tif,O,O5,O5_K8_sq,6,32,1,0,0,88,0,1,1,1.4906235,4.9168506,0.046928015,1.1168967
O5_K8_sq_r6_c33.tif,O,O5,O5_K8_sq,6,33,1,0,2,121,1,2,2,1.0765613,3.551059,0.16946228,1.1074317
O5_K8_sq_r5_c32.tif,O,O5,O5_K8_sq,5,32,1,0,0,49,0,1,1,2.608591,8.604488,0.082124025,1.0932337
O5_K8_sq_r5_c33.tif,O,O5,O5_K8_sq,5,33,2,0,4,108,0,0,0,1.9489473,3.8571844,0.33132794,1.0741946
O5_K8_sq_r5_c37.tif,O,O5,O5_K8_sq,5,37,4,0,13,99,0,0,0,3.4486456,3.7918084,0.97713673,0.9683944
O5_K8_sq_r4_c33.tif,O,O5,O5_K8_sq,4,33,3,0,0,108,0,0,0,2.800965,3.9595876,0.037791587,1.102713
O5_K8_sq_r4_c34.tif,O,O5,O5_K8_sq,4,34,3,0,6,126,1,0,0,2.3102849,3.265937,0.40522513,1.0604279
O4_K8_sq_r54_c33.tif,O,O4,O4_K8_sq,54,33,1,0,1,56,2,1,1,2.260779,7.4572234,0.21352246,1.0814548
O4_K8_sq_r54_c34.tif,O,O4,O4_K8_sq,54,34,0,0,1,56,1,1,1,0.7663657,7.5836167,0.21714148,1.0997845
O4_K8_sq_r54_c35.tif,O,O4,O4_K8_sq,54,35,1,0,0,74,1,1,1,1.7616458,5.8108234,0.055460382,1.1111603
O4_K8_sq_r53_c31.tif,O,O4,O4_K8_sq,53,31,1,0,1,87,1,1,1,1.4906235,4.9168506,0.14078405,1.1042765
O4_K8_sq_r53_c32.tif,O,O4,O4_K8_sq,53,32,2,0,2,85,2,0,0,2.4843724,4.9168506,0.23464008,1.0790359
O4_K8_sq_r53_c34.tif,O,O4,O4_K8_sq,53,34,1,0,4,108,2,2,2,1.1795368,3.890725,0.33420908,1.0835353
O4_K8_sq_r53_c35.tif,O,O4,O4_K8_sq,53,35,1,0,1,112,1,1,1,1.1693684,3.8571844,0.11044266,1.1137961
O4_K8_sq_r52_c26.tif,O,O4,O4_K8_sq,52,26,1,0,2,62,0,1,1,2.024578,6.67811,0.31869024,1.071313
O4_K8_sq_r52_c27.tif,O,O4,O4_K8_sq,52,27,0,0,0,67,1,1,1,0.65529823,6.484542,0.061890572,1.1234814
O4_K8_sq_r52_c28.tif,O,O4,O4_K8_sq,52,28,4,0,2,102,1,0,0,3.6994562,4.0675764,0.19411133,1.0701443
O4_K8_sq_r52_c29.tif,O,O4,O4_K8_sq,52,29,3,0,2,116,2,0,0,2.5732443,3.6376698,0.17359549,1.0877572
O4_K8_sq_r52_c30.tif,O,O4,O4_K8_sq,52,30,0,0,3,78,2,1,1,0.54476595,5.3907638,0.36015835,1.0861824
O4_K8_sq_r52_c31.tif,O,O4,O4_K8_sq,52,31,0,0,5,84,1,1,1,0.49687448,4.9168506,0.5162082,1.0664155
O4_K8_sq_r52_c32.tif,O,O4,O4_K8_sq,52,32,1,0,13,99,2,2,2,1.1795368,3.890725,1.0026273,0.9936568
O4_K8_sq_r52_c33.tif,O,O4,O4_K8_sq,52,33,0,0,7,94,2,1,1,0.43898618,4.3440137,0.6219101,1.0536728
O4_K8_sq_r52_c34.tif,O,O4,O4_K8_sq,52,34,0,0,11,122,1,1,1,0.3349302,3.3143213,0.727558,1.0421098
O4_K8_sq_r52_c35.tif,O,O4,O4_K8_sq,52,35,0,0,4,48,1,1,1,0.8373255,8.285804,0.71174157,1.031476
O4_K8_sq_r51_c24.tif,O,O4,O4_K8_sq,51,24,1,0,0,85,0,1,1,1.5414401,5.0844707,0.048527833,1.1158212
O4_K8_sq_r51_c25.tif,O,O4,O4_K8_sq,51,25,2,0,1,139,1,0,0,1.5699854,3.1071763,0.088967696,1.1125586
O4_K8_sq_r51_c26.tif,O,O4,O4_K8_sq,51,26,1,0,3,94,2,1,1,1.3564672,4.474334,0.29893145,1.0852829
O4_K8_sq_r51_c27.tif,O,O4,O4_K8_sq,51,27,0,0,2,78,1,1,1,0.5514095,5.456505,0.26039326,1.0994284
O4_K8_sq_r51_c28.tif,O,O4,O4_K8_sq,51,28,1,0,4,134,1,2,2,0.9620335,3.1732864,0.27258188,1.095505
O4_K8_sq_r51_c29.tif,O,O4,O4_K8_sq,51,29,2,0,10,123,2,0,0,1.6502035,3.265937,0.6545944,1.0352794
O4_K8_sq_r51_c30.tif,O,O4,O4_K8_sq,51,30,0,0,13,121,1,2,2,0.3324675,3.2899516,0.8478098,1.0260029
O4_K8_sq_r51_c33.tif,O,O4,O4_K8_sq,51,33,0,0,12,69,1,1,1,0.54476595,5.3907638,1.2862799,0.9616519
O4_K8_sq_r51_c34.tif,O,O4,O4_K8_sq,51,34,1,0,13,85,0,2,2,1.343037,4.4300337,1.1416053,0.9722007
O4_K8_sq_r51_c37.tif,O,O4,O4_K8_sq,51,37,0,0,5,92,1,1,1,0.456723,4.5195293,0.47449437,1.0730445
O4_K8_sq_r50_c23.tif,O,O4,O4_K8_sq,50,23,4,0,1,89,1,0,0,4.2389603,4.6607647,0.13345154,1.0706881
O4_K8_sq_r50_c24.tif,O,O4,O4_K8_sq,50,24,2,0,9,116,1,0,0,1.7525418,3.4684758,0.6289809,1.037164
O4_K8_sq_r50_c25.tif,O,O4,O4_K8_sq,50,25,2,0,0,103,2,0,0,2.1128774,4.1816206,0.03991074,1.1108816
O4_K8_sq_r50_c26.tif,O,O4,O4_K8_sq,50,26,0,0,5,109,2,1,1,0.38978946,3.8571844,0.4049564,1.0840949
O4_K8_sq_r50_c28.tif,O,O4,O4_K8_sq,50,28,1,2,13,109,2,1,1,1.0680845,17.615488,0.9078908,0.99019694
O4_K8_sq_r50_c37.tif,O,O4,O4_K8_sq,50,37,0,1,4,42,1,1,1,0.92276686,27.39388,0.7843683,0.9961025
O4_K8_sq_r49_c21.tif,O,O4,O4_K8_sq,49,21,3,0,1,66,1,0,0,4.395959,6.2143526,0.17793539,1.0607189
O4_K8_sq_r49_c22.tif,O,O4,O4_K8_sq,49,22,2,0,0,113,2,0,0,1.9322897,3.8242173,0.036499567,1.1140922
O4_K8_sq_r49_c23.tif,O,O4,O4_K8_sq,49,23,0,0,2,106,2,1,1,0.41105068,4.0675764,0.19411133,1.111906
O4_K8_sq_r49_c24.tif,O,O4,O4_K8_sq,49,24,0,0,5,113,1,1,1,0.37679648,3.7286117,0.39145786,1.08624
O4_K8_sq_r49_c25.tif,O,O4,O4_K8_sq,49,25,0,0,12,95,2,1,1,0.4148218,4.104893,0.97946084,1.0062087
O4_K8_sq_r49_c27.tif,O,O4,O4_K8_sq,49,27,0,2,18,121,1,1,1,0.31619284,15.644525,1.1049415,0.9757789
O4_K8_sq_r49_c28.tif,O,O4,O4_K8_sq,49,28,0,1,12,101,1,1,1,0.38978946,11.571553,0.92035544,1.0048916
O4_K8_sq_r48_c20.tif,O,O4,O4_K8_sq,48,20,0,0,2,69,1,1,1,0.61939144,6.129225,0.29249653,1.093385
O4_K8_sq_r48_c21.tif,O,O4,O4_K8_sq,48,21,1,0,1,100,1,1,1,1.3042955,4.302244,0.12318604,1.109798
O4_K8_sq_r48_c22.tif,O,O4,O4_K8_sq,48,22,0,0,7,135,2,1,1,0.31399706,3.1071763,0.44483846,1.0806572
O4_K8_sq_r48_c36.tif,O,O4,O4_K8_sq,48,36,0,0,2,21,1,1,1,1.8086231,17.897335,0.85408986,0.98766494
O4_K8_sq_r48_c37.tif,O,O4,O4_K8_sq,48,37,0,0,2,15,2,1,1,2.3797672,23.549126,1.1238025,0.93689144
O4_K8_sq_r47_c19.tif,O,O4,O4_K8_sq,47,19,2,0,18,51,2,0,0,3.0969574,6.129225,2.1644742,0.8102062
O4_K8_sq_r47_c20.tif,O,O4,O4_K8_sq,47,20,1,0,9,89,1,2,2,1.343037,4.4300337,0.8033519,1.0176837
O4_K8_sq_r47_c21.tif,O,O4,O4_K8_sq,47,21,0,1,9,74,2,1,1,0.5257625,15.608143,0.9434714,0.9948761
O4_K8_sq_r47_c22.tif,O,O4,O4_K8_sq,47,22,0,3,21,110,1,1,1,0.3324675,23.029661,1.3502156,0.93311363
O4_K8_sq_r47_c29.tif,O,O4,O4_K8_sq,47,29,0,0,5,63,0,1,1,0.64593685,6.391906,0.67107064,1.0418061
O4_K8_sq_r46_c19.tif,O,O4,O4_K8_sq,46,19,1,0,21,117,2,2,2,0.9620335,3.1732864,1.3023356,0.95703965
O4_K8_sq_r46_c20.tif,O,O4,O4_K8_sq,46,20,1,0,18,94,2,2,2,1.1795368,3.890725,1.3739706,0.94372433
O4_K8_sq_r46_c29.tif,O,O4,O4_K8_sq,46,29,0,0,2,43,0,1,1,0.9620335,9.519859,0.45430312,1.0629249
O4_K8_sq_r45_c18.tif,O,O4,O4_K8_sq,45,18,1,0,1,80,2,1,1,1.6148422,5.326588,0.15251605,1.1005956
O4_K8_sq_r45_c19.tif,O,O4,O4_K8_sq,45,19,0,0,18,146,2,2,2,0.27238297,2.6953819,0.95184714,1.0135396
O4_K8_sq_r45_c20.tif,O,O4,O4_K8_sq,45,20,0,0,21,124,1,2,2,0.30758896,3.0437646,1.249179,0.97266483
O4_K8_sq_r45_c29.tif,O,O4,O4_K8_sq,45,29,0,0,3,29,1,1,1,1.32987,13.159806,0.8792102,0.99644715
O4_K8_sq_r45_c30.tif,O,O4,O4_K8_sq,45,30,3,0,5,90,1,0,0,3.1650903,4.474334,0.46974942,1.039345
O4_K8_sq_r45_c37.tif,O,O4,O4_K8_sq,45,37,0,0,7,96,1,1,1,0.43062457,4.2612705,0.6100642,1.055478
O4_K8_sq_r44_c17.tif,O,O4,O4_K8_sq,44,17,1,0,1,99,1,1,1,1.3169585,4.3440137,0.12438202,1.1094227
O4_K8_sq_r44_c18.tif,O,O4,O4_K8_sq,44,18,0,0,6,128,1,1,1,0.3324675,3.2899516,0.40820473,1.0851141
O4_K8_sq_r44_c19.tif,O,O4,O4_K8_sq,44,19,1,0,15,118,1,2,2,0.9974025,3.2899516,0.9734112,1.0006694
O4_K8_sq_r44_c20.tif,O,O4,O4_K8_sq,44,20,1,0,16,103,1,2,2,1.1118585,3.6674867,1.1551216,0.97429776
O4_K8_sq_r44_c21.tif,O,O4,O4_K8_sq,44,21,1,1,26,111,0,1,1,0.9620335,9.519859,1.6052043,0.9081695
O4_K8_sq_r44_c22.tif,O,O4,O4_K8_sq,44,22,2,1,15,123,0,1,1,1.5809642,9.386715,0.9257617,0.99184114
O4_K8_sq_r44_c30.tif,O,O4,O4_K8_sq,44,30,1,0,12,121,1,2,2,0.9974025,3.2899516,0.785009,1.0260029
O4_K8_sq_r44_c31.tif,O,O4,O4_K8_sq,44,31,1,0,19,87,1,2,2,1.2444655,4.104893,1.5279589,0.921919
O4_K8_sq_r44_c36.tif,O,O4,O4_K8_sq,44,36,0,0,18,123,0,2,2,0.31619284,3.1289048,1.1049415,0.99184114
O4_K8_sq_r44_c37.tif,O,O4,O4_K8_sq,44,37,3,0,6,103,0,0,0,2.776395,3.9248543,0.48698106,1.0426695
O4_K8_sq_r43_c16.tif,O,O4,O4_K8_sq,43,16,1,0,2,54,1,1,1,2.299097,7.5836167,0.3619025,1.0608542
O4_K8_sq_r43_c17.tif,O,O4,O4_K8_sq,43,17,1,0,8,131,0,2,2,0.95525867,3.1509392,0.511251,1.0635271
O4_K8_sq_r43_c18.tif,O,O4,O4_K8_sq,43,18,0,0,13,128,0,2,2,0.31619284,3.1289048,0.80630857,1.0319966
O4_K8_sq_r43_c19.tif,O,O4,O4_K8_sq,43,19,1,0,24,137,0,2,2,0.82711416,2.7282524,1.275927,0.96287525
O4_K8_sq_r43_c20.tif,O,O4,O4_K8_sq,43,20,1,0,10,107,1,2,2,1.1303895,3.7286117,0.74732864,1.0288177
O4_K8_sq_r43_c21.tif,O,O4,O4_K8_sq,43,21,3,0,15,130,1,0,0,2.1100602,2.9828894,0.88255954,0.9991494
O4_K8_sq_r43_c22.tif,O,O4,O4_K8_sq,43,22,3,1,14,114,0,1,1,2.3620079,10.017165,0.9242017,0.9813227
O4_K8_sq_r43_c30.tif,O,O4,O4_K8_sq,43,30,0,0,15,131,2,2,2,0.30551067,3.0231986,0.894486,1.0204111
O4_K8_sq_r43_c31.tif,O,O4,O4_K8_sq,43,31,0,0,8,99,2,1,1,0.4148218,4.104893,0.6660334,1.0483536
O4_K8_sq_r43_c36.tif,O,O4,O4_K8_sq,43,36,0,0,20,138,1,2,2,0.28259736,2.7964587,1.0943027,0.99412495
O4_K8_sq_r43_c37.tif,O,O4,O4_K8_sq,43,37,0,0,3,59,1,1,1,0.7064934,6.9911466,0.46708038,1.0676974
O4_K8_sq_r42_c16.tif,O,O4,O4_K8_sq,42,16,1,0,4,96,2,1,1,1.3169585,4.3440137,0.37314606,1.0759728
O4_K8_sq_r42_c17.tif,O,O4,O4_K8_sq,42,17,0,0,6,148,2,1,1,0.28984344,2.8681629,0.35587078,1.0932337
O4_K8_sq_r42_c18.tif,O,O4,O4_K8_sq,42,18,3,0,10,134,0,0,0,2.1242218,3.0029087,0.60187536,1.036686
O4_K8_sq_r42_c19.tif,O,O4,O4_K8_sq,42,19,1,0,8,104,0,2,2,1.1795368,3.890725,0.6312838,1.0435894
O4_K8_sq_r42_c20.tif,O,O4,O4_K8_sq,42,20,2,0,4,117,1,0,0,1.8086231,3.5794673,0.30747235,1.0795407
O4_K8_sq_r42_c21.tif,O,O4,O4_K8_sq,42,21,1,0,10,140,1,2,2,0.88658,2.9244013,0.58614016,1.0546201
O4_K8_sq_r42_c22.tif,O,O4,O4_K8_sq,42,22,5,0,10,130,1,0,0,3.3834784,3.0437646,0.6100642,1.0195402
O4_K8_sq_r42_c23.tif,O,O4,O4_K8_sq,42,23,5,0,15,120,0,0,0,3.5026152,3.1509392,0.9322812,0.97456294
O4_K8_sq_r42_c24.tif,O,O4,O4_K8_sq,42,24,1,0,4,70,0,1,1,1.7616458,5.8108234,0.49914342,1.0515008
O4_K8_sq_r42_c29.tif,O,O4,O4_K8_sq,42,29,1,0,11,158,2,2,2,0.78864384,2.601357,0.5710485,1.0583079
O4_K8_sq_r42_c30.tif,O,O4,O4_K8_sq,42,30,1,0,12,132,2,2,2,0.92276686,3.0437646,0.72626686,1.0351654
O4_K8_sq_r42_c31.tif,O,O4,O4_K8_sq,42,31,0,0,13,135,1,2,2,0.3014372,2.9828894,0.76868093,1.037431
O4_K8_sq_r42_c37.tif,O,O4,O4_K8_sq,42,37,2,0,0,83,0,0,0,2.5985963,5.1429124,0.049085625,1.1022457
O4_K8_sq_r41_c15.tif,O,O4,O4_K8_sq,41,15,0,0,1,92,1,1,1,0.47595346,4.7098255,0.1348563,1.1182252
O4_K8_sq_r41_c16.tif,O,O4,O4_K8_sq,41,16,1,0,17,133,1,2,2,0.88658,2.9244013,0.97690016,1.0020767
O4_K8_sq_r41_c17.tif,O,O4,O4_K8_sq,41,17,0,0,17,168,0,2,2,0.24179454,2.392692,0.799282,1.0348312
O4_K8_sq_r41_c18.tif,O,O4,O4_K8_sq,41,18,0,0,15,122,1,2,2,0.32529193,3.2189453,0.95240235,1.0121211
O4_K8_sq_r41_c19.tif,O,O4,O4_K8_sq,41,19,0,0,5,96,0,1,1,0.43898618,4.3440137,0.4560674,1.0759728
O4_K8_sq_r41_c20.tif,O,O4,O4_K8_sq,41,20,3,0,5,110,1,0,0,2.6375754,3.7286117,0.39145786,1.0575289
O4_K8_sq_r41_c21.tif,O,O4,O4_K8_sq,41,21,1,0,10,120,0,2,2,1.0199002,3.364161,0.6742814,1.0405108
O4_K8_sq_r41_c31.tif,O,O4,O4_K8_sq,41,31,0,2,26,127,0,1,1,0.2879973,14.249472,1.4416167,0.93265647
O4_K8_sq_r41_c36.tif,O,O4,O4_K8_sq,41,36,1,0,19,149,2,2,2,0.79325575,2.6165695,0.9739621,1.0040522
O4_K8_sq_r41_c37.tif,O,O4,O4_K8_sq,41,37,0,0,3,137,0,1,1,0.31841955,3.1509392,0.21051511,1.1120532
O4_K8_sq_r40_c15.tif,O,O4,O4_K8_sq,40,15,0,0,4,145,1,1,1,0.29944092,2.963135,0.2545301,1.1066167
O4_K8_sq_r40_c20.tif,O,O4,O4_K8_sq,40,20,0,0,7,129,1,1,1,0.32764912,3.242271,0.46417925,1.0777099
O4_K8_sq_r40_c21.tif,O,O4,O4_K8_sq,40,21,1,0,10,152,1,2,2,0.82210135,2.7117174,0.54351175,1.061444
O4_K8_sq_r40_c36.tif,O,O4,O4_K8_sq,40,36,2,0,5,93,0,0,0,2.21645,4.386602,0.46053866,1.0527437
O4_K8_sq_r40_c37.tif,O,O4,O4_K8_sq,40,37,0,0,4,74,1,1,1,0.5651947,5.5929174,0.48042554,1.0694917
O4_K8_sq_r39_c14.tif,O,O4,O4_K8_sq,39,14,1,0,3,68,1,1,1,1.8330638,6.046397,0.40396145,1.06309
O4_K8_sq_r39_c15.tif,O,O4,O4_K8_sq,39,15,0,0,6,144,1,1,1,0.2974709,2.9436407,0.3652358,1.0917808
O4_K8_sq_r39_c20.tif,O,O4,O4_K8_sq,39,20,2,0,16,129,0,2,2,1.5173012,3.0029087,0.94580424,0.99814737
O4_K8_sq_r39_c21.tif,O,O4,O4_K8_sq,39,21,3,0,9,140,1,0,0,2.0552535,2.9054117,0.5268736,1.0477719
O4_K8_sq_r38_c14.tif,O,O4,O4_K8_sq,38,14,3,0,1,60,1,0,0,4.795592,6.779294,0.19411133,1.0527437
O4_K8_sq_r38_c15.tif,O,O4,O4_K8_sq,38,15,0,0,1,93,2,1,1,0.4709956,4.6607647,0.13345154,1.11854
O4_K8_sq_r38_c22.tif,O,O4,O4_K8_sq,38,22,3,1,26,145,0,1,1,1.7881866,7.5836167,1.278722,0.9440628
O4_K8_sq_r37_c14.tif,O,O4,O4_K8_sq,37,14,0,0,1,136,2,1,1,0.32529193,3.2189453,0.09216797,1.1277921
O4_K8_sq_r37_c15.tif,O,O4,O4_K8_sq,37,15,0,0,9,168,1,2,2,0.252601,2.4996278,0.4532879,1.0810806
O4_K8_sq_r37_c16.tif,O,O4,O4_K8_sq,37,16,0,0,19,135,2,2,2,0.28984344,2.8681629,1.0676123,0.9975298
O4_K8_sq_r37_c17.tif,O,O4,O4_K8_sq,37,17,0,1,19,114,1,1,1,0.3324675,9.869855,1.2246141,0.9668916
O4_K8_sq_r37_c18.tif,O,O4,O4_K8_sq,37,18,1,0,10,71,0,2,2,1.6148422,5.326588,1.0676123,0.9775476
O4_K8_sq_r37_c22.tif,O,O4,O4_K8_sq,37,22,4,0,10,134,2,0,0,2.7129345,2.9828894,0.5978629,1.0297747
O4_K8_sq_r36_c14.tif,O,O4,O4_K8_sq,36,14,0,0,8,78,2,1,1,0.5138134,5.0844707,0.82497317,1.0244675
O4_K8_sq_r36_c15.tif,O,O4,O4_K8_sq,36,15,0,0,24,150,2,2,2,0.2569067,2.5422354,1.188932,0.98205316
O4_K8_sq_r36_c16.tif,O,O4,O4_K8_sq,36,16,1,0,20,144,1,2,2,0.8122559,2.679242,1.0484337,0.99371666
O4_K8_sq_r36_c17.tif,O,O4,O4_K8_sq,36,17,0,0,35,118,1,2,2,0.2917134,2.886667,1.9561414,0.8780067
O4_K8_sq_r36_c18.tif,O,O4,O4_K8_sq,36,18,0,0,10,80,1,1,1,0.49147367,4.8634067,0.9747765,1.0048916
O4_K8_sq_r36_c19.tif,O,O4,O4_K8_sq,36,19,1,0,12,96,0,2,2,1.2220427,4.0309315,0.9618129,0.9984252
O4_K8_sq_r36_c20.tif,O,O4,O4_K8_sq,36,20,6,0,9,75,2,0,0,6.3891573,4.8634067,0.8819406,0.94247603
O4_K8_sq_r36_c21.tif,O,O4,O4_K8_sq,36,21,5,1,11,120,0,1,1,3.5782113,9.656836,0.7066211,0.99559665
O4_K8_sq_r36_c22.tif,O,O4,O4_K8_sq,36,22,5,0,9,97,2,0,0,4.4015164,3.9595876,0.7180401,0.99091715
O4_K8_sq_r36_c37.tif,O,O4,O4_K8_sq,36,37,2,0,10,67,0,0,0,2.791085,5.523869,1.1071535,0.95703965
O4_K8_sq_r35_c13.tif,O,O4,O4_K8_sq,35,13,3,0,2,91,0,0,0,3.2296844,4.5656466,0.21788007,1.072275
O4_K8_sq_r35_c14.tif,O,O4,O4_K8_sq,35,14,1,1,13,130,0,1,1,0.92276686,9.131293,0.7843683,1.0195402
O4_K8_sq_r35_c15.tif,O,O4,O4_K8_sq,35,15,0,0,20,112,2,2,2,0.33742967,3.339055,1.30663,0.9641817
O4_K8_sq_r35_c16.tif,O,O4,O4_K8_sq,35,16,0,0,26,131,1,2,2,0.28437468,2.8140464,1.4234831,0.9498167
O4_K8_sq_r35_c17.tif,O,O4,O4_K8_sq,35,17,0,2,32,137,1,1,1,0.26136172,12.931601,1.6045041,0.91278344
O4_K8_sq_r35_c18.tif,O,O4,O4_K8_sq,35,18,1,0,14,125,1,2,2,0.95525867,3.1509392,0.872134,1.0150012
O4_K8_sq_r35_c19.tif,O,O4,O4_K8_sq,35,19,3,0,8,83,0,0,0,3.2969692,4.6607647,0.7562254,0.9989102
O4_K8_sq_r35_c20.tif,O,O4,O4_K8_sq,35,20,3,0,5,92,1,0,0,3.10303,4.386602,0.46053866,1.0414844
O4_K8_sq_r35_c21.tif,O,O4,O4_K8_sq,35,21,0,0,10,121,1,1,1,0.33996674,3.364161,0.6742814,1.0491457
O4_K8_sq_r35_c22.tif,O,O4,O4_K8_sq,35,22,2,0,11,118,0,0,0,1.6998336,3.364161,0.73849875,1.0232409
O4_K8_sq_r35_c35.tif,O,O4,O4_K8_sq,35,35,5,1,8,62,0,1,1,6.376556,17.208977,0.930739,0.92023045
O4_K8_sq_r35_c36.tif,O,O4,O4_K8_sq,35,36,2,0,14,113,0,0,0,1.7257854,3.415522,0.9453667,0.99502903
O4_K8_sq_r35_c37.tif,O,O4,O4_K8_sq,35,37,1,0,23,123,1,2,2,0.9103807,3.0029087,1.3470545,0.95190114
O4_K8_sq_r35_c38.tif,O,O4,O4_K8_sq,35,38,2,0,8,109,0,0,0,1.8684123,3.6977966,0.5999805,1.0392976
O4_K8_sq_r34_c13.tif,O,O4,O4_K8_sq,34,13,2,0,2,75,2,0,0,2.791085,5.523869,0.26360798,1.0704665
O4_K8_sq_r34_c14.tif,O,O4,O4_K8_sq,34,14,1,1,3,93,1,1,1,1.3564672,13.423001,0.29893145,1.0737985
O4_K8_sq_r34_c15.tif,O,O4,O4_K8_sq,34,15,1,0,9,95,2,2,2,1.2677264,4.1816206,0.75830406,1.0250163
O4_K8_sq_r34_c17.tif,O,O4,O4_K8_sq,34,17,2,0,18,97,1,2,2,1.8998142,3.7599447,1.3277868,0.9409549
O4_K8_sq_r34_c18.tif,O,O4,O4_K8_sq,34,18,2,0,7,80,0,0,0,2.4843724,4.9168506,0.70392025,1.0159343
O4_K8_sq_r34_c19.tif,O,O4,O4_K8_sq,34,19,2,0,5,54,1,0,0,3.588538,7.102118,0.745634,0.99349827
O4_K8_sq_r34_c20.tif,O,O4,O4_K8_sq,34,20,2,0,16,131,1,2,2,1.4972045,2.963135,0.933277,1.0001382
O4_K8_sq_r34_c21.tif,O,O4,O4_K8_sq,34,21,3,0,13,113,1,0,0,2.4160995,3.415522,0.880169,0.99502903
O4_K8_sq_r34_c22.tif,O,O4,O4_K8_sq,34,22,1,0,21,117,1,2,2,0.9620335,3.1732864,1.3023356,0.95703965
O4_K8_sq_r34_c36.tif,O,O4,O4_K8_sq,34,36,0,1,27,143,1,1,1,0.26136172,7.7589602,1.3576573,0.952614
O4_K8_sq_r34_c37.tif,O,O4,O4_K8_sq,34,37,1,0,31,147,1,2,2,0.74942946,2.4720078,1.4863995,0.9358896
O4_K8_sq_r34_c38.tif,O,O4,O4_K8_sq,34,38,0,0,13,118,1,2,2,0.33996674,3.364161,0.86693335,1.0232409
O4_K8_sq_r33_c13.tif,O,O4,O4_K8_sq,33,13,2,0,6,121,1,0,0,1.7257854,3.415522,0.42378506,1.0651633
O4_K8_sq_r33_c14.tif,O,O4,O4_K8_sq,33,14,0,0,26,114,2,2,2,0.31841955,3.1509392,1.5939001,0.92603695
O4_K8_sq_r33_c15.tif,O,O4,O4_K8_sq,33,15,1,0,19,131,2,2,2,0.88658,2.9244013,1.0885459,0.9870644
O4_K8_sq_r33_c16.tif,O,O4,O4_K8_sq,33,16,0,1,3,73,1,1,1,0.5723491,16.99114,0.37839425,1.0684924
O4_K8_sq_r33_c17.tif,O,O4,O4_K8_sq,33,17,0,0,2,22,2,1,1,1.7390608,17.208977,0.82124025,0.9938489
O4_K8_sq_r33_c18.tif,O,O4,O4_K8_sq,33,18,0,0,18,89,1,2,2,0.4148218,4.104893,1.4496021,0.9429913
O4_K8_sq_r33_c19.tif,O,O4,O4_K8_sq,33,19,1,1,7,95,1,1,1,1.2796862,12.66321,0.60430884,1.0346863
O4_K8_sq_r33_c20.tif,O,O4,O4_K8_sq,33,20,2,0,11,98,2,0,0,2.0006893,3.9595876,0.8692065,1.0010804
O4_K8_sq_r33_c21.tif,O,O4,O4_K8_sq,33,21,0,2,18,113,1,1,1,0.3349302,16.571608,1.1704195,0.96554667
O4_K8_sq_r33_c37.tif,O,O4,O4_K8_sq,33,37,0,1,54,117,1,1,1,0.25985965,7.714369,2.6751664,0.7755321
O4_K8_sq_r33_c38.tif,O,O4,O4_K8_sq,33,38,1,1,37,139,0,1,1,0.75359297,7.4572234,1.7793539,0.89004683
O4_K8_sq_r33_c39.tif,O,O4,O4_K8_sq,33,39,0,0,3,110,1,1,1,0.3931789,3.890725,0.2599404,1.1035084
O4_K8_sq_r32_c13.tif,O,O4,O4_K8_sq,32,13,1,0,15,116,1,2,2,1.012289,3.339055,0.9879398,0.9984638
O4_K8_sq_r32_c14.tif,O,O4,O4_K8_sq,32,14,0,0,34,147,1,2,2,0.24707966,2.444991,1.6101694,0.92566127
O4_K8_sq_r32_c15.tif,O,O4,O4_K8_sq,32,15,1,0,18,132,1,2,2,0.88658,2.9244013,1.0327231,0.9945706
O4_K8_sq_r32_c16.tif,O,O4,O4_K8_sq,32,16,2,0,15,98,0,0,0,1.9322897,3.8242173,1.1314867,0.9668554
O4_K8_sq_r32_c17.tif,O,O4,O4_K8_sq,32,17,1,1,19,74,1,1,1,1.39842,13.838146,1.7169847,0.8820551
O4_K8_sq_r32_c18.tif,O,O4,O4_K8_sq,32,18,0,1,35,140,2,1,1,0.2540201,7.5410123,1.7033814,0.9064993
O4_K8_sq_r32_c19.tif,O,O4,O4_K8_sq,32,19,1,0,28,76,1,2,2,1.2677264,4.1816206,2.274912,0.82108635
O4_K8_sq_r32_c20.tif,O,O4,O4_K8_sq,32,20,2,0,22,90,1,2,2,1.9489473,3.8571844,1.6566399,0.8959871
O4_K8_sq_r32_c35.tif,O,O4,O4_K8_sq,32,35,2,2,25,139,2,1,1,1.32987,13.159806,1.2811348,0.9424026
O4_K8_sq_r32_c36.tif,O,O4,O4_K8_sq,32,36,0,1,32,120,2,1,1,0.2917134,8.660001,1.7908335,0.89282537
O4_K8_sq_r32_c37.tif,O,O4,O4_K8_sq,32,37,0,2,24,72,1,1,1,0.45215577,22.37167,2.0925202,0.83262455
O4_K8_sq_r32_c38.tif,O,O4,O4_K8_sq,32,38,1,1,22,122,2,1,1,0.9165319,9.069595,1.2984474,0.95057315
O4_K8_sq_r32_c39.tif,O,O4,O4_K8_sq,32,39,2,0,7,116,1,0,0,1.7801409,3.5230975,0.5043838,1.0534972
O4_K8_sq_r31_c13.tif,O,O4,O4_K8_sq,31,13,4,0,7,104,0,0,0,3.4781215,3.8242173,0.5474935,1.0257502
O4_K8_sq_r31_c14.tif,O,O4,O4_K8_sq,31,14,1,0,13,124,2,2,2,0.96890527,3.195953,0.82358664,1.021298
O4_K8_sq_r31_c15.tif,O,O4,O4_K8_sq,31,15,0,0,12,134,2,2,2,0.30551067,3.0231986,0.72135967,1.0436906
O4_K8_sq_r31_c16.tif,O,O4,O4_K8_sq,31,16,2,0,14,118,1,0,0,1.6623374,3.2899516,0.9106105,1.0006694
O4_K8_sq_r31_c17.tif,O,O4,O4_K8_sq,31,17,3,0,5,79,0,0,0,3.5562816,5.0273414,0.52780837,1.0258605
O4_K8_sq_r31_c18.tif,O,O4,O4_K8_sq,31,18,0,0,22,119,2,2,2,0.31619284,3.1289048,1.3438476,0.9597167
O4_K8_sq_r31_c19.tif,O,O4,O4_K8_sq,31,19,1,0,15,98,1,2,2,1.1693684,3.8571844,1.1412408,0.9751904
O4_K8_sq_r31_c20.tif,O,O4,O4_K8_sq,31,20,0,1,11,111,0,1,1,0.36172464,10.738401,0.78576267,1.0244153
O4_K8_sq_r31_c32.tif,O,O4,O4_K8_sq,31,32,0,3,48,100,1,1,1,0.29552665,20.47081,2.7074091,0.7543724
O4_K8_sq_r31_c33.tif,O,O4,O4_K8_sq,31,33,0,1,22,123,2,1,1,0.30551067,9.069595,1.2984474,0.95833296
O4_K8_sq_r31_c34.tif,O,O4,O4_K8_sq,31,34,0,1,23,150,2,1,1,0.2569067,7.6267056,1.1404041,0.98205316
O4_K8_sq_r31_c35.tif,O,O4,O4_K8_sq,31,35,0,1,17,169,2,1,1,0.23923585,7.102118,0.79082394,1.0299569
O4_K8_sq_r31_c36.tif,O,O4,O4_K8_sq,31,36,0,0,14,125,2,2,2,0.32067785,3.1732864,0.8783193,1.0221997
O4_K8_sq_r31_c37.tif,O,O4,O4_K8_sq,31,37,0,2,17,128,2,1,1,0.30346024,15.014544,1.0031257,0.99043965
O4_K8_sq_r31_c38.tif,O,O4,O4_K8_sq,31,38,0,0,17,94,1,2,2,0.40013784,3.9595876,1.3227056,0.9604274
O4_K8_sq_r31_c39.tif,O,O4,O4_K8_sq,31,39,2,0,9,104,1,0,0,1.9322897,3.8242173,0.6934918,1.0257502
O4_K8_sq_r30_c14.tif,O,O4,O4_K8_sq,30,14,1,0,2,111,1,1,1,1.1693684,3.8571844,0.1840711,1.1038958
O4_K8_sq_r30_c15.tif,O,O4,O4_K8_sq,30,15,0,0,15,161,1,2,2,0.2540201,2.5136707,0.74372995,1.0419904
O4_K8_sq_r30_c16.tif,O,O4,O4_K8_sq,30,16,2,0,10,110,1,0,0,1.8232087,3.6083338,0.72322124,1.023415
O4_K8_sq_r30_c17.tif,O,O4,O4_K8_sq,30,17,3,0,7,67,1,0,0,4.0064435,5.663714,0.8108448,0.9812685
O4_K8_sq_r30_c18.tif,O,O4,O4_K8_sq,30,18,2,0,19,124,1,2,2,1.5379449,3.0437646,1.1329763,0.97266483
O4_K8_sq_r30_c19.tif,O,O4,O4_K8_sq,30,19,1,0,22,115,1,2,2,0.96890527,3.195953,1.3726444,0.94746923
O4_K8_sq_r30_c32.tif,O,O4,O4_K8_sq,30,32,0,0,13,67,1,1,1,0.5514095,5.456505,1.4061236,0.9453684
O4_K8_sq_r30_c33.tif,O,O4,O4_K8_sq,30,33,2,0,18,157,1,2,2,1.2630049,2.4996278,0.8827186,1.0105056
O4_K8_sq_r30_c34.tif,O,O4,O4_K8_sq,30,34,0,1,17,137,2,1,1,0.2879973,8.549683,0.952011,1.0058061
O4_K8_sq_r30_c35.tif,O,O4,O4_K8_sq,30,35,1,0,9,102,0,2,2,1.1898836,3.9248543,0.71174157,1.0325954
O4_K8_sq_r30_c36.tif,O,O4,O4_K8_sq,30,36,4,0,23,115,1,0,0,2.8259735,3.1071763,1.3938272,0.9211506
O4_K8_sq_r30_c37.tif,O,O4,O4_K8_sq,30,37,1,0,22,151,1,2,2,0.77072006,2.5422354,1.0918763,0.98857844
O4_K8_sq_r30_c38.tif,O,O4,O4_K8_sq,30,38,1,0,24,108,1,2,2,1.0047907,3.3143213,1.550015,0.9230116
O4_K8_sq_r30_c39.tif,O,O4,O4_K8_sq,30,39,2,0,20,89,2,2,2,2.0006893,3.9595876,1.549455,0.90961117
O4_K8_sq_r30_c40.tif,O,O4,O4_K8_sq,30,40,1,0,4,75,0,1,1,1.6542283,5.456505,0.46870786,1.0574121
O4_K8_sq_r29_c13.tif,O,O4,O4_K8_sq,29,13,1,0,11,49,1,1,1,2.1531227,7.102118,1.559053,0.9023517
O4_K8_sq_r29_c14.tif,O,O4,O4_K8_sq,29,14,2,0,0,113,0,0,0,1.9322897,3.8242173,0.036499567,1.1140922
O4_K8_sq_r29_c15.tif,O,O4,O4_K8_sq,29,15,1,0,7,128,0,2,2,0.98294735,3.242271,0.46417925,1.0693878
O4_K8_sq_r29_c16.tif,O,O4,O4_K8_sq,29,16,2,0,4,84,0,0,0,2.4573684,4.8634067,0.41776136,1.0548241
O4_K8_sq_r29_c17.tif,O,O4,O4_K8_sq,29,17,1,0,9,96,0,2,2,1.2559882,4.142902,0.75128275,1.0261592
O4_K8_sq_r29_c18.tif,O,O4,O4_K8_sq,29,18,0,0,21,123,0,2,2,0.30969572,3.0646124,1.2577351,0.9714608
O4_K8_sq_r29_c19.tif,O,O4,O4_K8_sq,29,19,1,0,11,114,1,2,2,1.0597401,3.4955733,0.7673464,1.0273223
O4_K8_sq_r29_c25.tif,O,O4,O4_K8_sq,29,25,1,0,4,48,1,1,1,2.4663043,8.135153,0.69880074,1.0127219
O4_K8_sq_r29_c34.tif,O,O4,O4_K8_sq,29,34,0,0,11,87,1,1,1,0.45215577,4.474334,0.98220336,1.0048916
O4_K8_sq_r29_c35.tif,O,O4,O4_K8_sq,29,35,2,0,14,115,1,0,0,1.6998336,3.364161,0.9311506,0.9973361
O4_K8_sq_r29_c36.tif,O,O4,O4_K8_sq,29,36,0,0,16,134,1,2,2,0.2974709,2.9436407,0.9271371,1.016225
O4_K8_sq_r29_c37.tif,O,O4,O4_K8_sq,29,37,1,0,30,134,2,2,2,0.8122559,2.679242,1.5598646,0.9249473
O4_K8_sq_r29_c38.tif,O,O4,O4_K8_sq,29,38,0,0,16,145,1,2,2,0.27739617,2.74499,0.8645695,1.025148
O4_K8_sq_r29_c39.tif,O,O4,O4_K8_sq,29,39,0,0,17,121,1,2,2,0.32296842,3.195953,1.0676123,0.9966885
O4_K8_sq_r28_c15.tif,O,O4,O4_K8_sq,28,15,1,0,0,42,1,1,1,3.0143719,9.942965,0.09489888,1.0846449
O4_K8_sq_r28_c16.tif,O,O4,O4_K8_sq,28,16,2,0,6,116,0,0,0,1.794269,3.551059,0.44060192,1.0618583
O4_K8_sq_r28_c17.tif,O,O4,O4_K8_sq,28,17,2,0,7,81,2,0,0,2.4573684,4.8634067,0.6962689,1.0173748
O4_K8_sq_r28_c18.tif,O,O4,O4_K8_sq,28,18,0,0,11,84,2,1,1,0.46613997,4.6127152,1.0125808,1.0004518
O4_K8_sq_r28_c19.tif,O,O4,O4_K8_sq,28,19,0,0,44,129,2,2,2,0.25837472,2.5567622,2.1718285,0.84985125
O4_K8_sq_r28_c24.tif,O,O4,O4_K8_sq,28,24,1,0,23,88,0,2,2,1.1898836,3.9248543,1.7606238,0.891558
O4_K8_sq_r28_c25.tif,O,O4,O4_K8_sq,28,25,6,1,14,93,1,0,0,5.067263,11.571553,1.0676123,0.9256884
O4_K8_sq_r28_c33.tif,O,O4,O4_K8_sq,28,33,1,0,3,61,0,1,1,2.024578,6.67811,0.44616637,1.054172
O4_K8_sq_r28_c34.tif,O,O4,O4_K8_sq,28,34,3,0,7,89,2,0,0,3.133753,4.4300337,0.63422513,1.0176837
O4_K8_sq_r28_c37.tif,O,O4,O4_K8_sq,28,37,0,3,30,111,2,1,1,0.30969572,21.452286,1.7842288,0.87706786
O4_K8_sq_r28_c38.tif,O,O4,O4_K8_sq,28,38,1,2,20,96,2,1,1,1.1210474,18.488983,1.4470118,0.91591066
O4_K8_sq_r28_c39.tif,O,O4,O4_K8_sq,28,39,1,0,9,127,2,2,2,0.9758758,3.2189453,0.58373046,1.0534321
O4_K8_sq_r28_c40.tif,O,O4,O4_K8_sq,28,40,0,0,3,102,1,1,1,0.42257547,4.1816206,0.2793752,1.1001483
O4_K8_sq_r27_c16.tif,O,O4,O4_K8_sq,27,16,1,0,7,99,2,2,2,1.2444655,4.104893,0.5876765,1.0483536
O4_K8_sq_r27_c17.tif,O,O4,O4_K8_sq,27,17,0,0,6,107,2,1,1,0.3931789,3.890725,0.48274645,1.0735488
O4_K8_sq_r27_c18.tif,O,O4,O4_K8_sq,27,18,0,0,8,72,2,1,1,0.5514095,5.456505,0.88533705,1.0153958
O4_K8_sq_r27_c19.tif,O,O4,O4_K8_sq,27,19,1,0,19,143,0,2,2,0.82210135,2.7117174,1.0093789,0.9988014
O4_K8_sq_r27_c24.tif,O,O4,O4_K8_sq,27,24,2,0,22,78,1,2,2,2.173826,4.302244,1.8477906,0.8668571
O4_K8_sq_r27_c25.tif,O,O4,O4_K8_sq,27,25,1,0,16,115,2,2,2,1.012289,3.339055,1.0516778,0.98989326
O4_K8_sq_r27_c26.tif,O,O4,O4_K8_sq,27,26,3,0,13,90,1,0,0,2.9306393,4.142902,1.0676123,0.96235657
O4_K8_sq_r27_c32.tif,O,O4,O4_K8_sq,27,32,0,0,16,114,2,2,2,0.34254226,3.389647,1.0676123,0.99619126
O4_K8_sq_r27_c33.tif,O,O4,O4_K8_sq,27,33,3,0,12,73,1,0,0,3.5167673,4.9714823,1.186236,0.9378989
O4_K8_sq_r27_c38.tif,O,O4,O4_K8_sq,27,38,0,1,32,129,2,1,1,0.27570474,8.184757,1.6925561,0.90685344
O4_K8_sq_r27_c39.tif,O,O4,O4_K8_sq,27,39,1,2,16,108,2,1,1,1.051525,17.34238,1.0924405,0.9659423
O4_K8_sq_r27_c41.tif,O,O4,O4_K8_sq,27,41,6,0,4,62,2,0,0,7.943277,6.046397,0.51937896,0.9699726
O4_K8_sq_r26_c16.tif,O,O4,O4_K8_sq,26,16,1,0,13,99,2,2,2,1.1795368,3.890725,1.0026273,0.9936568
O4_K8_sq_r26_c17.tif,O,O4,O4_K8_sq,26,17,0,0,12,113,2,1,1,0.35602817,3.5230975,0.8406396,1.0263685
O4_K8_sq_r26_c18.tif,O,O4,O4_K8_sq,26,18,1,0,16,87,1,2,2,1.2796862,4.22107,1.3294795,0.948011
O4_K8_sq_r26_c19.tif,O,O4,O4_K8_sq,26,19,0,1,20,121,0,1,1,0.31399706,9.321529,1.2158917,0.96900266
O4_K8_sq_r26_c24.tif,O,O4,O4_K8_sq,26,24,1,0,23,129,0,2,2,0.8751402,2.886667,1.2949104,0.95950943
O4_K8_sq_r26_c25.tif,O,O4,O4_K8_sq,26,25,2,0,19,145,0,2,2,1.3457017,2.663294,0.9913543,0.9946376
O4_K8_sq_r26_c26.tif,O,O4,O4_K8_sq,26,26,3,1,31,118,0,1,1,2.0419939,8.660001,1.735731,0.8780067
O4_K8_sq_r26_c27.tif,O,O4,O4_K8_sq,26,27,3,1,26,94,2,1,1,2.5119765,10.653176,1.7963002,0.8613357
O4_K8_sq_r26_c28.tif,O,O4,O4_K8_sq,26,28,0,4,31,128,1,1,1,0.27403378,24.405458,1.6305351,0.894397
O4_K8_sq_r26_c29.tif,O,O4,O4_K8_sq,26,29,3,2,35,125,2,1,1,1.8952638,13.396209,1.8155802,0.86305493
O4_K8_sq_r26_c30.tif,O,O4,O4_K8_sq,26,30,1,1,27,132,1,1,1,0.83218855,8.234971,1.4409492,0.933554
O4_K8_sq_r26_c31.tif,O,O4,O4_K8_sq,26,31,2,0,19,90,2,2,2,2.0006893,3.9595876,1.4738718,0.9197744
O4_K8_sq_r26_c32.tif,O,O4,O4_K8_sq,26,32,0,0,24,120,2,2,2,0.30969572,3.0646124,1.433233,0.94786257
O4_K8_sq_r26_c33.tif,O,O4,O4_K8_sq,26,33,1,0,20,114,1,2,2,0.9901221,3.265937,1.2780176,0.9598339
O4_K8_sq_r26_c39.tif,O,O4,O4_K8_sq,26,39,1,0,14,131,2,2,2,0.9165319,3.0231986,0.83677727,1.0204111
O4_K8_sq_r26_c40.tif,O,O4,O4_K8_sq,26,40,2,0,5,121,2,0,0,1.7390608,3.4417953,0.3613457,1.0733567
O4_K8_sq_r26_c41.tif,O,O4,O4_K8_sq,26,41,1,0,4,119,1,2,2,1.0765613,3.551059,0.3050321,1.0892023
O4_K8_sq_r25_c16.tif,O,O4,O4_K8_sq,25,16,1,0,0,40,2,1,1,3.1545753,10.405428,0.099312775,1.0816773
O4_K8_sq_r25_c17.tif,O,O4,O4_K8_sq,25,17,0,0,1,98,2,1,1,0.44767898,4.4300337,0.12684503,1.1200206
O4_K8_sq_r25_c18.tif,O,O4,O4_K8_sq,25,18,0,0,8,106,2,1,1,0.38978946,3.8571844,0.62584174,1.0543936
O4_K8_sq_r25_c19.tif,O,O4,O4_K8_sq,25,19,0,0,5,119,2,1,1,0.35885382,3.551059,0.372817,1.0892023
O4_K8_sq_r25_c24.tif,O,O4,O4_K8_sq,25,24,1,1,33,130,2,1,1,0.8122559,8.037726,1.713294,0.89743954
O4_K8_sq_r25_c25.tif,O,O4,O4_K8_sq,25,25,1,0,14,143,0,2,2,0.8477921,2.7964587,0.77401894,1.0300139
O4_K8_sq_r25_c26.tif,O,O4,O4_K8_sq,25,26,0,1,32,131,1,1,1,0.27238297,8.086145,1.672164,0.90976423
O4_K8_sq_r25_c27.tif,O,O4,O4_K8_sq,25,27,1,0,22,100,1,2,2,1.0851738,3.5794673,1.5373619,0.9233519
O4_K8_sq_r25_c28.tif,O,O4,O4_K8_sq,25,28,2,0,21,92,1,2,2,1.9322897,3.8242173,1.5694814,0.90796065
O4_K8_sq_r25_c29.tif,O,O4,O4_K8_sq,25,29,1,2,47,130,1,1,1,0.74531174,12.292127,2.2290807,0.82347476
O4_K8_sq_r25_c30.tif,O,O4,O4_K8_sq,25,30,0,1,32,125,1,1,1,0.28259736,8.389377,1.7348701,0.9008136
O4_K8_sq_r25_c31.tif,O,O4,O4_K8_sq,25,31,1,0,13,153,2,2,2,0.8026434,2.6475348,0.6822611,1.0431166
O4_K8_sq_r25_c32.tif,O,O4,O4_K8_sq,25,32,2,0,20,150,1,2,2,1.2992982,2.5714562,1.0062553,0.9933412
O4_K8_sq_r25_c33.tif,O,O4,O4_K8_sq,25,33,2,0,14,117,1,0,0,1.674651,3.3143213,0.9173558,0.9995748
O4_K8_sq_r25_c39.tif,O,O4,O4_K8_sq,25,39,0,0,23,129,2,2,2,0.29360765,2.9054117,1.3033189,0.96573997
O4_K8_sq_r25_c40.tif,O,O4,O4_K8_sq,25,40,4,0,14,145,2,0,0,2.4663043,2.7117174,0.7505638,1.0127219
O4_K8_sq_r25_c41.tif,O,O4,O4_K8_sq,25,41,1,0,13,125,2,2,2,0.9620335,3.1732864,0.8177456,1.0221997
O4_K8_sq_r24_c17.tif,O,O4,O4_K8_sq,24,17,1,0,1,36,1,1,1,3.3911684,11.185835,0.3202837,1.0479585
O4_K8_sq_r24_c18.tif,O,O4,O4_K8_sq,24,18,0,0,6,110,1,1,1,0.38318285,3.7918084,0.47047323,1.075453
O4_K8_sq_r24_c19.tif,O,O4,O4_K8_sq,24,19,0,0,6,94,1,1,1,0.44329,4.386602,0.54427296,1.0640029
O4_K8_sq_r24_c24.tif,O,O4,O4_K8_sq,24,24,1,1,28,139,2,1,1,0.79325575,7.8497086,1.4234831,0.93689144
O4_K8_sq_r24_c25.tif,O,O4,O4_K8_sq,24,25,1,1,21,121,1,1,1,0.9290872,9.193837,1.2577351,0.95572865
O4_K8_sq_r24_c26.tif,O,O4,O4_K8_sq,24,26,3,2,34,122,2,1,1,1.9417733,13.724951,1.8077362,0.86309713
O4_K8_sq_r24_c27.tif,O,O4,O4_K8_sq,24,27,4,0,27,96,1,0,0,3.1545753,3.4684758,1.8207341,0.85911
O4_K8_sq_r24_c28.tif,O,O4,O4_K8_sq,24,28,3,0,47,81,0,2,2,2.3797672,3.364161,3.050321,0.7037479
O4_K8_sq_r24_c29.tif,O,O4,O4_K8_sq,24,29,1,2,46,141,1,1,1,0.7064934,11.651911,2.0684988,0.84638196
O4_K8_sq_r24_c30.tif,O,O4,O4_K8_sq,24,30,1,0,42,139,2,2,2,0.7372105,2.4317033,1.972762,0.87069803
O4_K8_sq_r24_c31.tif,O,O4,O4_K8_sq,24,31,0,1,25,120,1,1,1,0.30551067,9.069595,1.4715737,0.9350536
O4_K8_sq_r24_c32.tif,O,O4,O4_K8_sq,24,32,1,0,13,147,1,2,2,0.83218855,2.74499,0.70737505,1.0392394
O4_K8_sq_r24_c38.tif,O,O4,O4_K8_sq,24,38,0,2,38,137,2,1,1,0.252601,12.498139,1.8370088,0.88218737
O4_K8_sq_r24_c39.tif,O,O4,O4_K8_sq,24,39,0,1,25,132,1,1,1,0.28259736,8.389377,1.3612057,0.95105815
O4_K8_sq_r24_c40.tif,O,O4,O4_K8_sq,24,40,0,0,12,93,2,1,1,0.42257547,4.1816206,0.9977685,1.0035499
O4_K8_sq_r24_c41.tif,O,O4,O4_K8_sq,24,41,0,0,9,92,2,1,1,0.43898618,4.3440137,0.7877528,1.0313728
O4_K8_sq_r23_c18.tif,O,O4,O4_K8_sq,23,18,1,0,5,104,2,2,2,1.2111316,3.9949412,0.4194191,1.0715426
O4_K8_sq_r23_c19.tif,O,O4,O4_K8_sq,23,19,0,0,8,110,2,1,1,0.37679648,3.7286117,0.6049803,1.0575289
O4_K8_sq_r23_c20.tif,O,O4,O4_K8_sq,23,20,0,0,23,132,1,2,2,0.2879973,2.8498943,1.2784147,0.9692312
O4_K8_sq_r23_c21.tif,O,O4,O4_K8_sq,23,21,2,2,22,116,1,1,1,1.5699854,15.535883,1.3345155,0.929126
O4_K8_sq_r23_c23.tif,O,O4,O4_K8_sq,23,23,0,0,35,112,1,2,2,0.30346024,3.0029087,2.034912,0.86711645
O4_K8_sq_r23_c24.tif,O,O4,O4_K8_sq,23,24,0,2,43,115,1,1,1,0.2791085,13.809672,2.2933893,0.8188006
O4_K8_sq_r23_c25.tif,O,O4,O4_K8_sq,23,25,0,0,23,149,1,2,2,0.25985965,2.5714562,1.1535121,0.9867409
O4_K8_sq_r23_c26.tif,O,O4,O4_K8_sq,23,26,0,1,34,131,1,1,1,0.26914033,7.9898825,1.7539346,0.89893365
O4_K8_sq_r23_c27.tif,O,O4,O4_K8_sq,23,27,0,1,32,135,1,1,1,0.265974,7.895884,1.6328189,0.9153803
O4_K8_sq_r23_c28.tif,O,O4,O4_K8_sq,23,28,1,11,33,85,2,1,1,1.0276268,77.961876,2.1675766,0.7438808
O4_K8_sq_r23_c29.tif,O,O4,O4_K8_sq,23,29,1,2,39,133,1,1,1,0.7663657,12.639361,1.9060198,0.866202
O4_K8_sq_r23_c30.tif,O,O4,O4_K8_sq,23,30,1,2,40,138,1,1,1,0.74123895,12.224956,1.890199,0.86918026
O4_K8_sq_r23_c31.tif,O,O4,O4_K8_sq,23,31,0,0,40,112,2,2,2,0.29360765,2.9054117,2.2461455,0.8389633
O4_K8_sq_r23_c35.tif,O,O4,O4_K8_sq,23,35,1,3,25,116,2,1,1,0.92276686,21.306353,1.4815845,0.91016424
O4_K8_sq_r23_c36.tif,O,O4,O4_K8_sq,23,36,1,0,19,115,1,2,2,0.9901221,3.265937,1.2156754,0.9682167
O4_K8_sq_r23_c37.tif,O,O4,O4_K8_sq,23,37,0,0,25,125,1,2,2,0.2974709,2.9436407,1.4328481,0.94822484
O4_K8_sq_r23_c38.tif,O,O4,O4_K8_sq,23,38,0,0,17,131,2,2,2,0.3014372,2.9828894,0.9964382,1.0068057
O4_K8_sq_r23_c39.tif,O,O4,O4_K8_sq,23,39,0,0,11,105,2,1,1,0.38318285,3.7918084,0.8323757,1.02679
O4_K8_sq_r23_c40.tif,O,O4,O4_K8_sq,23,40,0,0,10,92,2,1,1,0.4347652,4.302244,0.86230224,1.0214558
O4_K8_sq_r23_c41.tif,O,O4,O4_K8_sq,23,41,1,0,8,126,2,2,2,0.9901221,3.265937,0.5299098,1.0604279
O4_K8_sq_r23_c42.tif,O,O4,O4_K8_sq,23,42,1,1,6,79,1,1,1,1.5241206,15.082025,0.62377346,1.0258605
O4_K8_sq_r22_c18.tif,O,O4,O4_K8_sq,22,18,1,0,5,124,0,2,2,1.0276268,3.389647,0.35587078,1.0831949
O4_K8_sq_r22_c19.tif,O,O4,O4_K8_sq,22,19,2,0,4,86,1,0,0,2.405084,4.7599297,0.4088728,1.0568161
O4_K8_sq_r22_c20.tif,O,O4,O4_K8_sq,22,20,0,0,12,138,2,2,2,0.2974709,2.9436407,0.70237654,1.0464473
O4_K8_sq_r22_c21.tif,O,O4,O4_K8_sq,22,21,0,1,14,107,2,1,1,0.36464176,10.825001,0.9987341,0.99562997
O4_K8_sq_r22_c22.tif,O,O4,O4_K8_sq,22,22,0,0,29,103,1,2,2,0.33742967,3.339055,1.8802724,0.8870472
O4_K8_sq_r22_c23.tif,O,O4,O4_K8_sq,22,23,1,3,35,118,1,1,1,0.85312414,19.698326,1.9069302,0.85591847
O4_K8_sq_r22_c24.tif,O,O4,O4_K8_sq,22,24,1,0,37,130,1,2,2,0.797922,2.631961,1.8840218,0.88160247
O4_K8_sq_r22_c25.tif,O,O4,O4_K8_sq,22,25,0,3,29,150,1,1,1,0.24573684,17.021921,1.3693289,0.93935525
O4_K8_sq_r22_c26.tif,O,O4,O4_K8_sq,22,26,2,0,23,129,1,2,2,1.4492173,2.8681629,1.2866098,0.9533587
O4_K8_sq_r22_c27.tif,O,O4,O4_K8_sq,22,27,0,1,33,103,1,1,1,0.32529193,9.656836,2.058418,0.855139
O4_K8_sq_r22_c28.tif,O,O4,O4_K8_sq,22,28,1,1,50,108,2,1,1,0.8373255,8.285804,2.6624405,0.7691763
O4_K8_sq_r22_c29.tif,O,O4,O4_K8_sq,22,29,1,0,41,134,1,2,2,0.7620603,2.5136707,1.991277,0.86778766
O4_K8_sq_r22_c30.tif,O,O4,O4_K8_sq,22,30,1,2,33,116,1,1,1,0.8808229,14.527059,1.8579228,0.86879313
O4_K8_sq_r22_c35.tif,O,O4,O4_K8_sq,22,35,0,0,10,121,1,1,1,0.33996674,3.364161,0.6742814,1.0491457
O4_K8_sq_r22_c36.tif,O,O4,O4_K8_sq,22,36,2,0,14,102,2,0,0,1.8839824,3.7286117,1.0320252,0.9809657
O4_K8_sq_r22_c37.tif,O,O4,O4_K8_sq,22,37,1,1,19,100,0,1,1,1.102819,10.91301,1.3540449,0.9383657
O4_K8_sq_r22_c38.tif,O,O4,O4_K8_sq,22,38,0,0,6,41,2,1,1,0.92276686,9.131293,1.1329763,0.97266483
O4_K8_sq_r22_c39.tif,O,O4,O4_K8_sq,22,39,0,2,21,67,1,1,1,0.49147367,24.317032,1.995971,0.84261096
O4_K8_sq_r22_c40.tif,O,O4,O4_K8_sq,22,40,0,1,22,136,1,1,1,0.2808421,8.337269,1.1936039,0.9736838
O4_K8_sq_r22_c41.tif,O,O4,O4_K8_sq,22,41,1,1,14,143,1,1,1,0.8425263,8.337269,0.76921135,1.0236163
O4_K8_sq_r22_c42.tif,O,O4,O4_K8_sq,22,42,0,0,9,85,1,1,1,0.4709956,4.6607647,0.8451931,1.0228361
O4_K8_sq_r21_c18.tif,O,O4,O4_K8_sq,21,18,0,0,3,124,0,1,1,0.35050836,3.4684758,0.2317298,1.1083854
O4_K8_sq_r21_c19.tif,O,O4,O4_K8_sq,21,19,0,0,1,44,2,1,1,0.9620335,9.519859,0.27258188,1.0873599
O4_K8_sq_r21_c20.tif,O,O4,O4_K8_sq,21,20,0,0,5,80,1,1,1,0.5197193,5.1429124,0.5399419,1.062644
O4_K8_sq_r21_c22.tif,O,O4,O4_K8_sq,21,22,1,0,20,89,0,2,2,1.2111316,3.9949412,1.5632895,0.91773266
O4_K8_sq_r21_c23.tif,O,O4,O4_K8_sq,21,23,0,1,22,96,0,1,1,0.37368244,11.0933895,1.5881836,0.91591066
O4_K8_sq_r21_c24.tif,O,O4,O4_K8_sq,21,24,0,2,32,124,1,1,1,0.28259736,13.982293,1.7348701,0.89363575
O4_K8_sq_r21_c25.tif,O,O4,O4_K8_sq,21,25,0,1,47,129,2,1,1,0.252601,7.498884,2.2664397,0.83086014
O4_K8_sq_r21_c26.tif,O,O4,O4_K8_sq,21,26,0,2,41,91,1,1,1,0.3324675,16.449759,2.60623,0.7726688
O4_K8_sq_r21_c27.tif,O,O4,O4_K8_sq,21,27,0,0,43,135,1,2,2,0.25119767,2.4857411,2.0640504,0.8645258
O4_K8_sq_r21_c28.tif,O,O4,O4_K8_sq,21,28,1,2,30,127,2,1,1,0.8373255,13.809672,1.6080087,0.90387076
O4_K8_sq_r21_c29.tif,O,O4,O4_K8_sq,21,29,1,4,34,123,1,1,1,0.82711416,24.554272,1.7967134,0.86483705
O4_K8_sq_r21_c30.tif,O,O4,O4_K8_sq,21,30,0,0,17,93,1,2,2,0.40371054,3.9949412,1.3345155,0.95874864
O4_K8_sq_r21_c31.tif,O,O4,O4_K8_sq,21,31,0,0,17,99,1,2,2,0.38318285,3.7918084,1.2666588,0.9683944
O4_K8_sq_r21_c34.tif,O,O4,O4_K8_sq,21,34,0,0,23,119,2,2,2,0.31399706,3.1071763,1.3938272,0.953052
O4_K8_sq_r21_c35.tif,O,O4,O4_K8_sq,21,35,0,1,13,134,1,1,1,0.3014372,8.948668,0.76868093,1.0297747
O4_K8_sq_r21_c36.tif,O,O4,O4_K8_sq,21,36,1,2,13,103,1,1,1,1.1210474,18.488983,0.9529102,0.9823498
O4_K8_sq_r21_c37.tif,O,O4,O4_K8_sq,21,37,3,1,19,128,2,1,1,2.0686865,8.773204,1.0885459,0.96454585
O4_K8_sq_r21_c38.tif,O,O4,O4_K8_sq,21,38,0,2,6,25,2,1,1,1.2918737,63.91906,1.586167,0.83672607
O4_K8_sq_r21_c39.tif,O,O4,O4_K8_sq,21,39,0,4,16,66,1,1,1,0.5138134,45.760235,1.6014185,0.867861
O4_K8_sq_r21_c40.tif,O,O4,O4_K8_sq,21,40,0,0,25,141,2,2,2,0.26914033,2.663294,1.2963864,0.9672937
O4_K8_sq_r21_c41.tif,O,O4,O4_K8_sq,21,41,1,0,9,111,2,2,2,1.102819,3.6376698,0.6596629,1.0410725
O4_K8_sq_r20_c19.tif,O,O4,O4_K8_sq,20,19,2,0,3,92,0,0,0,2.2836149,4.5195293,0.30195096,1.0730445
O4_K8_sq_r20_c20.tif,O,O4,O4_K8_sq,20,20,0,0,8,79,1,1,1,0.5080402,5.0273414,0.8157038,1.0258605
O4_K8_sq_r20_c21.tif,O,O4,O4_K8_sq,20,21,0,1,9,39,1,1,1,0.88658,26.319613,1.5909517,0.88948387
O4_K8_sq_r20_c22.tif,O,O4,O4_K8_sq,20,22,2,0,9,47,1,0,0,3.7679648,7.4572234,1.352309,0.9091877
O4_K8_sq_r20_c23.tif,O,O4,O4_K8_sq,20,23,2,0,18,83,2,2,2,2.1531227,4.2612705,1.504825,0.91328925
O4_K8_sq_r20_c24.tif,O,O4,O4_K8_sq,20,24,0,4,23,99,1,1,1,0.3532467,31.460161,1.5680556,0.8927386
O4_K8_sq_r20_c25.tif,O,O4,O4_K8_sq,20,25,0,3,38,108,1,1,1,0.29944092,20.741945,2.1776464,0.825209
O4_K8_sq_r20_c26.tif,O,O4,O4_K8_sq,20,26,1,1,31,144,2,1,1,0.757803,7.498884,1.5030073,0.9270988
O4_K8_sq_r20_c27.tif,O,O4,O4_K8_sq,20,27,1,0,15,121,1,2,2,0.9758758,3.2189453,0.95240235,1.0038589
O4_K8_sq_r20_c28.tif,O,O4,O4_K8_sq,20,28,1,2,27,67,1,1,1,1.370169,22.597647,2.372472,0.7830325
O4_K8_sq_r20_c29.tif,O,O4,O4_K8_sq,20,29,0,1,41,139,2,1,1,0.24707966,7.3349733,1.9368705,0.8754559
O4_K8_sq_r20_c30.tif,O,O4,O4_K8_sq,20,30,0,3,24,137,1,1,1,0.27238297,18.867672,1.2605542,0.95127434
O4_K8_sq_r20_c31.tif,O,O4,O4_K8_sq,20,31,3,0,17,156,1,0,0,1.7781408,2.5136707,0.8396951,1.0097306
O4_K8_sq_r20_c32.tif,O,O4,O4_K8_sq,20,32,2,0,29,122,0,2,2,1.458567,2.886667,1.6255258,0.9076441
O4_K8_sq_r20_c33.tif,O,O4,O4_K8_sq,20,33,2,0,24,122,1,2,2,1.5071859,2.9828894,1.3950133,0.9378989
O4_K8_sq_r20_c34.tif,O,O4,O4_K8_sq,20,34,1,0,22,120,1,2,2,0.9354947,3.0857475,1.3253118,0.9543995
O4_K8_sq_r20_c35.tif,O,O4,O4_K8_sq,20,35,0,1,27,125,1,1,1,0.2917134,8.660001,1.5153207,0.9298721
O4_K8_sq_r20_c36.tif,O,O4,O4_K8_sq,20,36,0,0,19,126,1,2,2,0.30758896,3.0437646,1.1329763,0.9882899
O4_K8_sq_r20_c37.tif,O,O4,O4_K8_sq,20,37,3,1,21,111,0,1,1,2.2935438,9.726813,1.3306472,0.92791235
O4_K8_sq_r20_c38.tif,O,O4,O4_K8_sq,20,38,0,0,19,105,1,2,2,0.35885382,3.551059,1.3218058,0.961597
O4_K8_sq_r20_c39.tif,O,O4,O4_K8_sq,20,39,0,1,24,111,2,1,1,0.32764912,9.726813,1.516319,0.92791235
O4_K8_sq_r20_c40.tif,O,O4,O4_K8_sq,20,40,1,0,16,95,2,2,2,1.1898836,3.9248543,1.2361827,0.9620767
O4_K8_sq_r20_c41.tif,O,O4,O4_K8_sq,20,41,1,0,2,81,1,1,1,1.5772877,5.202714,0.24828194,1.0883543
O4_K8_sq_r19_c19.tif,O,O4,O4_K8_sq,19,19,0,0,13,130,0,2,2,0.31183156,3.0857475,0.7951871,1.0336028
O4_K8_sq_r19_c20.tif,O,O4,O4_K8_sq,19,20,0,1,24,151,2,1,1,0.2540201,7.5410123,1.1755731,0.9774708
O4_K8_sq_r19_c21.tif,O,O4,O4_K8_sq,19,21,0,1,23,109,2,1,1,0.3349302,9.942965,1.4867489,0.93151855
O4_K8_sq_r19_c22.tif,O,O4,O4_K8_sq,19,22,1,1,3,103,1,1,1,1.2331522,12.202729,0.27175587,1.0805848
O4_K8_sq_r19_c23.tif,O,O4,O4_K8_sq,19,23,0,0,15,79,1,1,1,0.4709956,4.6607647,1.3789992,0.95105815
O4_K8_sq_r19_c24.tif,O,O4,O4_K8_sq,19,24,1,2,22,110,1,1,1,0.9901221,16.329685,1.4027023,0.9263026
O4_K8_sq_r19_c25.tif,O,O4,O4_K8_sq,19,25,3,0,25,129,2,0,0,1.9906229,2.8140464,1.3697667,0.9353708
O4_K8_sq_r19_c26.tif,O,O4,O4_K8_sq,19,26,3,0,11,156,2,0,0,1.8401688,2.601357,0.5710485,1.0449538
O4_K8_sq_r19_c28.tif,O,O4,O4_K8_sq,19,28,0,1,14,94,2,1,1,0.40734756,12.092794,1.115703,0.9777324
O4_K8_sq_r19_c29.tif,O,O4,O4_K8_sq,19,29,2,1,39,126,1,1,1,1.32987,7.895884,1.9845029,0.8545801
O4_K8_sq_r19_c30.tif,O,O4,O4_K8_sq,19,30,1,0,36,152,2,2,2,0.71019226,2.3425832,1.6321613,0.9169542
O4_K8_sq_r19_c31.tif,O,O4,O4_K8_sq,19,31,2,1,19,114,0,1,1,1.6382455,9.726813,1.206866,0.9528786
O4_K8_sq_r19_c32.tif,O,O4,O4_K8_sq,19,32,0,0,31,138,2,2,2,0.26441857,2.6165695,1.5733234,0.9301754
O4_K8_sq_r19_c33.tif,O,O4,O4_K8_sq,19,33,0,3,31,123,2,1,1,0.28437468,19.698326,1.6920648,0.8920332
O4_K8_sq_r19_c37.tif,O,O4,O4_K8_sq,19,37,1,0,18,105,1,2,2,1.0765613,3.551059,1.2540209,0.961597
O4_K8_sq_r19_c38.tif,O,O4,O4_K8_sq,19,38,0,0,15,87,2,1,1,0.4347652,4.302244,1.2729224,0.96624196
O4_K8_sq_r19_c39.tif,O,O4,O4_K8_sq,19,39,2,0,4,85,2,0,0,2.4309452,4.811112,0.41326928,1.0558308
O4_K8_sq_r19_c40.tif,O,O4,O4_K8_sq,19,40,0,0,8,115,1,1,1,0.36172464,3.5794673,0.58078116,1.0611656
O4_K8_sq_r19_c41.tif,O,O4,O4_K8_sq,19,41,4,0,3,79,1,0,0,4.6243205,5.0844707,0.33969483,1.0375179
O4_K8_sq_r18_c18.tif,O,O4,O4_K8_sq,18,18,0,0,2,60,1,1,1,0.7064934,6.9911466,0.33362886,1.0856419
O4_K8_sq_r18_c19.tif,O,O4,O4_K8_sq,18,19,3,0,14,121,1,0,0,2.260779,3.195953,0.88459307,0.9966885
O4_K8_sq_r18_c20.tif,O,O4,O4_K8_sq,18,20,0,0,15,158,1,2,2,0.25837472,2.5567622,0.7564796,1.0401654
O4_K8_sq_r18_c21.tif,O,O4,O4_K8_sq,18,21,0,0,34,119,2,2,2,0.2917134,2.886667,1.9010386,0.88541603
O4_K8_sq_r18_c22.tif,O,O4,O4_K8_sq,18,22,1,0,13,109,2,2,2,1.0851738,3.5794673,0.9224171,1.0060401
O4_K8_sq_r18_c23.tif,O,O4,O4_K8_sq,18,23,2,0,4,54,2,0,0,3.6464174,7.2166677,0.6199039,1.0095224
O4_K8_sq_r18_c24.tif,O,O4,O4_K8_sq,18,24,0,0,9,107,2,1,1,0.38318285,3.7918084,0.68761474,1.0462552
O4_K8_sq_r18_c25.tif,O,O4,O4_K8_sq,18,25,0,0,5,150,2,1,1,0.2879973,2.8498943,0.29920346,1.1009004
O4_K8_sq_r18_c26.tif,O,O4,O4_K8_sq,18,26,2,0,1,50,1,0,0,4.110507,8.135153,0.2329336,1.0544838
O4_K8_sq_r18_c27.tif,O,O4,O4_K8_sq,18,27,3,0,7,56,1,0,0,4.654545,6.579903,0.9420109,0.9542248
O4_K8_sq_r18_c28.tif,O,O4,O4_K8_sq,18,28,2,1,23,137,2,1,1,1.370169,8.135153,1.216431,0.95703965
O4_K8_sq_r18_c29.tif,O,O4,O4_K8_sq,18,29,0,0,35,154,1,2,2,0.23673077,2.3425832,1.5874444,0.9289799
O4_K8_sq_r18_c30.tif,O,O4,O4_K8_sq,18,30,2,0,37,157,1,2,2,1.1418074,2.2597647,1.6175945,0.91353786
O4_K8_sq_r18_c31.tif,O,O4,O4_K8_sq,18,31,3,1,25,106,1,1,1,2.3102849,9.7978115,1.5897293,0.89277124
O4_K8_sq_r18_c32.tif,O,O4,O4_K8_sq,18,32,1,0,14,119,1,2,2,0.9974025,3.2899516,0.9106105,1.0091139
O4_K8_sq_r18_c38.tif,O,O4,O4_K8_sq,18,38,0,0,20,98,2,2,2,0.37679648,3.7286117,1.4590702,0.94268405
O4_K8_sq_r18_c39.tif,O,O4,O4_K8_sq,18,39,1,0,13,130,2,2,2,0.9290872,3.0646124,0.7897406,1.0265234
O4_K8_sq_r18_c40.tif,O,O4,O4_K8_sq,18,40,1,0,16,97,1,2,2,1.1693684,3.8571844,1.2148691,0.96528995
O4_K8_sq_r17_c18.tif,O,O4,O4_K8_sq,17,18,0,0,2,92,1,1,1,0.4709956,4.6607647,0.22241923,1.1065772
O4_K8_sq_r17_c19.tif,O,O4,O4_K8_sq,17,19,4,0,8,118,1,0,0,3.0828803,3.389647,0.5499821,1.0309927
O4_K8_sq_r17_c20.tif,O,O4,O4_K8_sq,17,20,0,0,5,86,1,1,1,0.486189,4.811112,0.5051069,1.0681797
O4_K8_sq_r17_c21.tif,O,O4,O4_K8_sq,17,21,1,0,4,82,1,1,1,1.5241206,5.0273414,0.4318432,1.0645722
O4_K8_sq_r17_c22.tif,O,O4,O4_K8_sq,17,22,0,0,8,120,2,1,1,0.34781215,3.4417953,0.5584434,1.0645226
O4_K8_sq_r17_c23.tif,O,O4,O4_K8_sq,17,23,2,0,3,72,1,0,0,2.8617454,5.663714,0.37839425,1.0539551
O4_K8_sq_r17_c24.tif,O,O4,O4_K8_sq,17,24,1,0,1,69,0,1,1,1.8581744,6.129225,0.17549792,1.093385
O4_K8_sq_r17_c25.tif,O,O4,O4_K8_sq,17,25,0,0,2,45,0,1,1,0.92276686,9.131293,0.43576014,1.0664155
O4_K8_sq_r17_c26.tif,O,O4,O4_K8_sq,17,26,1,0,8,98,1,2,2,1.2444655,4.104893,0.6660334,1.0378174
O4_K8_sq_r17_c27.tif,O,O4,O4_K8_sq,17,27,6,0,24,101,1,0,0,4.4195676,3.364161,1.5733234,0.87644684
O4_K8_sq_r17_c28.tif,O,O4,O4_K8_sq,17,28,1,1,17,111,1,1,1,1.0276268,10.1689415,1.132316,0.9700902
O4_K8_sq_r17_c29.tif,O,O4,O4_K8_sq,17,29,1,1,18,125,2,1,1,0.92276686,9.131293,1.074875,0.98047733
O4_K8_sq_r17_c30.tif,O,O4,O4_K8_sq,17,30,0,0,23,109,1,2,2,0.33742967,3.339055,1.4978442,0.93847024
O4_K8_sq_r17_c31.tif,O,O4,O4_K8_sq,17,31,3,0,16,118,2,0,0,2.2770433,3.2189453,1.0138477,0.9790722
O4_K8_sq_r17_c38.tif,O,O4,O4_K8_sq,17,38,1,0,32,115,2,2,2,0.90431154,2.9828894,1.850528,0.88430464
O4_K8_sq_r17_c39.tif,O,O4,O4_K8_sq,17,39,3,1,18,155,1,1,1,1.768207,7.498884,0.8827186,0.99767375
O4_K8_sq_r17_c40.tif,O,O4,O4_K8_sq,17,40,2,2,20,128,1,1,1,1.4680382,14.527059,1.1369379,0.95828253
O4_K8_sq_r17_c41.tif,O,O4,O4_K8_sq,17,41,2,0,5,73,1,0,0,2.7570474,5.456505,0.5728652,1.0294012
O4_K8_sq_r16_c18.tif,O,O4,O4_K8_sq,16,18,0,0,0,43,1,1,1,1.0047907,9.942965,0.09489888,1.110166
O4_K8_sq_r16_c19.tif,O,O4,O4_K8_sq,16,19,1,0,3,90,1,1,1,1.4129868,4.6607647,0.3113869,1.0826511
O4_K8_sq_r16_c20.tif,O,O4,O4_K8_sq,16,20,2,0,7,80,2,0,0,2.4843724,4.9168506,0.70392025,1.0159343
O4_K8_sq_r16_c21.tif,O,O4,O4_K8_sq,16,21,2,0,22,96,2,2,2,1.8530974,3.6674867,1.5751657,0.9084032
O4_K8_sq_r16_c22.tif,O,O4,O4_K8_sq,16,22,1,0,15,88,2,2,2,1.2796862,4.22107,1.2489051,0.95884544
O4_K8_sq_r16_c23.tif,O,O4,O4_K8_sq,16,23,0,0,4,76,0,1,1,0.5514095,5.456505,0.46870786,1.0714176
O4_K8_sq_r16_c24.tif,O,O4,O4_K8_sq,16,24,2,0,2,69,1,0,0,3.0143719,5.965779,0.28469664,1.064228
O4_K8_sq_r16_c25.tif,O,O4,O4_K8_sq,16,25,2,0,1,53,1,0,0,3.8978946,7.714369,0.22088532,1.0593438
O4_K8_sq_r16_c26.tif,O,O4,O4_K8_sq,16,26,1,0,11,141,2,2,2,0.8751402,2.886667,0.63367957,1.0484215
O4_K8_sq_r16_c27.tif,O,O4,O4_K8_sq,16,27,4,0,13,105,1,0,0,3.2817757,3.6083338,0.9298559,0.97710663
O4_K8_sq_r16_c28.tif,O,O4,O4_K8_sq,16,28,3,0,28,129,2,0,0,1.9537596,2.7619345,1.5025655,0.9180491
O4_K8_sq_r16_c29.tif,O,O4,O4_K8_sq,16,29,0,0,21,124,2,2,2,0.30758896,3.0437646,1.249179,0.97266483
O4_K8_sq_r16_c32.tif,O,O4,O4_K8_sq,16,32,2,0,28,126,1,2,2,1.4308727,2.831857,1.5406052,0.9194849
O4_K8_sq_r16_c39.tif,O,O4,O4_K8_sq,16,39,1,2,19,136,1,1,1,0.8477921,13.982293,1.040922,0.97976935
O4_K8_sq_r16_c40.tif,O,O4,O4_K8_sq,16,40,2,0,17,137,1,2,2,1.4308727,2.831857,0.9459856,0.99944013
O4_K8_sq_r15_c19.tif,O,O4,O4_K8_sq,15,19,2,0,1,51,1,0,0,4.037105,7.9898825,0.22877407,1.0561616
O4_K8_sq_r15_c20.tif,O,O4,O4_K8_sq,15,20,1,0,1,43,1,1,1,2.8861008,9.519859,0.27258188,1.0629249
O4_K8_sq_r15_c23.tif,O,O4,O4_K8_sq,15,23,0,0,0,35,1,1,1,1.2220427,12.092794,0.115417555,1.1018889
O4_K8_sq_r15_c24.tif,O,O4,O4_K8_sq,15,24,0,0,1,117,1,1,1,0.37679648,3.7286117,0.10676123,1.1245216
O4_K8_sq_r15_c25.tif,O,O4,O4_K8_sq,15,25,1,0,3,63,2,1,1,1.9658947,6.484542,0.43323398,1.0569047
O4_K8_sq_r15_c26.tif,O,O4,O4_K8_sq,15,26,0,0,4,98,1,1,1,0.4347652,4.302244,0.36955813,1.0877124
O4_K8_sq_r15_c27.tif,O,O4,O4_K8_sq,15,27,3,0,12,127,1,0,0,2.1979795,3.1071763,0.74139744,1.0168546
O4_K8_sq_r15_c28.tif,O,O4,O4_K8_sq,15,28,5,0,21,138,1,0,0,2.996213,2.6953819,1.1062008,0.9581927
O4_K8_sq_r15_c29.tif,O,O4,O4_K8_sq,15,29,1,1,28,144,2,1,1,0.77072006,7.6267056,1.3830432,0.9429016
O4_K8_sq_r15_c38.tif,O,O4,O4_K8_sq,15,38,1,0,21,135,1,2,2,0.85312414,2.8140464,1.1549014,0.9787085
O4_K8_sq_r15_c39.tif,O,O4,O4_K8_sq,15,39,0,1,11,147,1,1,1,0.2808421,8.337269,0.6100642,1.0521492
O4_K8_sq_r15_c40.tif,O,O4,O4_K8_sq,15,40,0,0,14,143,2,2,2,0.28437468,2.8140464,0.778887,1.036492
O4_K8_sq_r14_c23.tif,O,O4,O4_K8_sq,14,23,2,0,0,35,2,0,0,5.7968693,11.4726515,0.1094987,1.0453818
O4_K8_sq_r14_c24.tif,O,O4,O4_K8_sq,14,24,0,0,3,79,1,1,1,0.53828067,5.326588,0.35587078,1.0869236
O4_K8_sq_r14_c25.tif,O,O4,O4_K8_sq,14,25,0,0,5,90,1,1,1,0.46613997,4.6127152,0.48427776,1.0714898
O4_K8_sq_r14_c26.tif,O,O4,O4_K8_sq,14,26,1,0,8,95,1,2,2,1.2796862,4.22107,0.68488336,1.0346863
O4_K8_sq_r14_c27.tif,O,O4,O4_K8_sq,14,27,1,0,19,138,2,2,2,0.8477921,2.7964587,1.040922,0.99412495
O4_K8_sq_r14_c28.tif,O,O4,O4_K8_sq,14,28,3,1,24,103,1,1,1,2.3797672,10.092483,1.5733234,0.89371675
O4_K8_sq_r14_c29.tif,O,O4,O4_K8_sq,14,29,2,0,22,133,1,2,2,1.4218736,2.8140464,1.2086177,0.96426255
O4_K8_sq_r14_c33.tif,O,O4,O4_K8_sq,14,33,1,1,13,119,2,1,1,0.9974025,9.869855,0.8478098,1.0091139
O4_K8_sq_r14_c37.tif,O,O4,O4_K8_sq,14,37,2,0,12,97,1,0,0,2.0006893,3.9595876,0.9447897,0.99091715
O4_K8_sq_r14_c38.tif,O,O4,O4_K8_sq,14,38,0,0,20,119,1,2,2,0.32067785,3.1732864,1.2417618,0.97332966
O4_K8_sq_r14_c39.tif,O,O4,O4_K8_sq,14,39,0,0,14,134,1,2,2,0.3014372,2.9828894,0.8256202,1.0297747
O4_K8_sq_r14_c40.tif,O,O4,O4_K8_sq,14,40,3,0,6,98,1,0,0,2.9037526,4.104893,0.50931966,1.0378174
O4_K8_sq_r13_c21.tif,O,O4,O4_K8_sq,13,21,0,0,0,30,2,1,1,1.4129868,13.982293,0.13345154,1.0946141
O4_K8_sq_r13_c22.tif,O,O4,O4_K8_sq,13,22,1,0,0,64,2,1,1,2.024578,6.67811,0.06373805,1.105595
O4_K8_sq_r13_c23.tif,O,O4,O4_K8_sq,13,23,0,0,0,51,2,1,1,0.85312414,8.44214,0.08057452,1.1159444
O4_K8_sq_r13_c24.tif,O,O4,O4_K8_sq,13,24,3,0,4,44,1,0,0,5.971869,8.44214,0.7251707,0.96426255
O4_K8_sq_r13_c25.tif,O,O4,O4_K8_sq,13,25,0,0,8,112,2,1,1,0.37061948,3.6674867,0.5950626,1.0590192
O4_K8_sq_r13_c26.tif,O,O4,O4_K8_sq,13,26,2,0,7,74,2,0,0,2.65974,5.263922,0.7536087,1.0065805
O4_K8_sq_r13_c27.tif,O,O4,O4_K8_sq,13,27,1,0,14,121,0,2,2,0.98294735,3.242271,0.89741325,1.0111332
O4_K8_sq_r13_c28.tif,O,O4,O4_K8_sq,13,28,1,0,15,63,1,2,2,1.674651,5.523869,1.6343695,0.9003262
O4_K8_sq_r13_c29.tif,O,O4,O4_K8_sq,13,29,1,0,22,124,0,2,2,0.9103807,3.0029087,1.289733,0.95960885
O4_K8_sq_r13_c33.tif,O,O4,O4_K8_sq,13,33,2,0,32,117,2,2,2,1.4776334,2.9244013,1.8142432,0.8819777
O4_K8_sq_r13_c34.tif,O,O4,O4_K8_sq,13,34,0,0,21,139,2,2,2,0.2791085,2.7619345,1.1335143,0.98894095
O4_K8_sq_r13_c35.tif,O,O4,O4_K8_sq,13,35,3,1,13,113,1,1,1,2.397796,10.1689415,0.873501,0.98749095
O4_K8_sq_r13_c36.tif,O,O4,O4_K8_sq,13,36,0,0,19,155,2,2,2,0.2569067,2.5422354,0.94629276,1.0146796
O4_K8_sq_r13_c37.tif,O,O4,O4_K8_sq,13,37,2,0,11,115,1,0,0,1.7390608,3.4417953,0.755541,1.0203515
O4_K8_sq_r13_c38.tif,O,O4,O4_K8_sq,13,38,0,0,19,93,1,2,2,0.39662787,3.9248543,1.4609432,0.94192845
O4_K8_sq_r13_c39.tif,O,O4,O4_K8_sq,13,39,2,0,10,109,0,0,0,1.8380315,3.6376698,0.7291011,1.0223985
O4_K8_sq_r12_c20.tif,O,O4,O4_K8_sq,12,20,0,0,1,63,1,1,1,0.6850845,6.779294,0.19411133,1.1049458
O4_K8_sq_r12_c21.tif,O,O4,O4_K8_sq,12,21,0,0,1,79,1,1,1,0.5514095,5.456505,0.15623595,1.113434
O4_K8_sq_r12_c22.tif,O,O4,O4_K8_sq,12,22,2,0,0,83,2,0,0,2.5985963,5.1429124,0.049085625,1.1022457
O4_K8_sq_r12_c23.tif,O,O4,O4_K8_sq,12,23,3,0,1,91,1,0,0,3.2629797,4.6127152,0.13207576,1.0833294
O4_K8_sq_r12_c24.tif,O,O4,O4_K8_sq,12,24,0,0,8,82,1,1,1,0.49147367,4.8634067,0.78910476,1.0298579
O4_K8_sq_r12_c25.tif,O,O4,O4_K8_sq,12,25,2,0,11,120,2,0,0,1.674651,3.3143213,0.727558,1.0250958
O4_K8_sq_r12_c26.tif,O,O4,O4_K8_sq,12,26,0,0,6,87,1,1,1,0.47595346,4.7098255,0.5843773,1.0577806
O4_K8_sq_r12_c27.tif,O,O4,O4_K8_sq,12,27,4,0,12,67,0,0,0,4.787532,5.263922,1.2560146,0.9120025
O4_K8_sq_r12_c29.tif,O,O4,O4_K8_sq,12,29,1,0,20,63,1,2,2,1.5772877,5.202714,2.0359118,0.84798163
O4_K8_sq_r12_c30.tif,O,O4,O4_K8_sq,12,30,1,1,31,121,2,1,1,0.8695304,8.604488,1.7246045,0.89446396
O4_K8_sq_r12_c31.tif,O,O4,O4_K8_sq,12,31,0,1,45,104,2,1,1,0.2974709,8.830922,2.5566504,0.7895577
O4_K8_sq_r12_c32.tif,O,O4,O4_K8_sq,12,32,0,3,45,126,2,1,1,0.2569067,17.795647,2.2080164,0.8254467
O4_K8_sq_r12_c33.tif,O,O4,O4_K8_sq,12,33,1,0,40,116,2,2,2,0.85312414,2.8140464,2.175512,0.8414726
O4_K8_sq_r12_c34.tif,O,O4,O4_K8_sq,12,34,4,0,12,92,1,0,0,3.6994562,4.0675764,0.9705567,0.96573997
O4_K8_sq_r12_c35.tif,O,O4,O4_K8_sq,12,35,1,0,20,115,1,2,2,0.98294735,3.242271,1.2687566,0.96120065
O4_K8_sq_r12_c36.tif,O,O4,O4_K8_sq,12,36,0,0,12,146,2,2,2,0.28259736,2.7964587,0.6672577,1.0515473
O4_K8_sq_r12_c37.tif,O,O4,O4_K8_sq,12,37,3,1,18,119,1,1,1,2.2133498,9.386715,1.1049415,0.9597167
O4_K8_sq_r12_c38.tif,O,O4,O4_K8_sq,12,38,1,0,12,108,1,2,2,1.102819,3.6376698,0.8679775,1.0130615
O4_K8_sq_r11_c19.tif,O,O4,O4_K8_sq,11,19,0,0,0,71,0,1,1,0.61939144,6.129225,0.058499306,1.1248493
O4_K8_sq_r11_c20.tif,O,O4,O4_K8_sq,11,20,1,0,3,79,0,1,1,1.595844,5.263922,0.35168406,1.0741363
O4_K8_sq_r11_c21.tif,O,O4,O4_K8_sq,11,21,0,0,1,101,2,1,1,0.4347652,4.302244,0.12318604,1.1208407
O4_K8_sq_r11_c22.tif,O,O4,O4_K8_sq,11,22,1,0,6,132,1,2,2,0.9620335,3.1732864,0.39372936,1.0792149
O4_K8_sq_r11_c23.tif,O,O4,O4_K8_sq,11,23,3,0,4,100,2,0,0,2.9037526,4.104893,0.3526059,1.0588897
O4_K8_sq_r11_c24.tif,O,O4,O4_K8_sq,11,24,4,0,5,82,1,0,0,4.375701,4.811112,0.5051069,1.0187842
O4_K8_sq_r11_c25.tif,O,O4,O4_K8_sq,11,25,2,0,11,108,1,0,0,1.8380315,3.6376698,0.7985393,1.0130615
O4_K8_sq_r11_c26.tif,O,O4,O4_K8_sq,11,26,2,0,21,135,1,2,2,1.4129868,2.7964587,1.1476833,0.9725916
O4_K8_sq_r11_c27.tif,O,O4,O4_K8_sq,11,27,1,1,11,92,2,1,1,1.2677264,12.544861,0.91794705,0.99281687
O4_K8_sq_r11_c28.tif,O,O4,O4_K8_sq,11,28,4,1,14,67,2,1,1,4.6243205,15.253411,1.4073073,0.88091147
O4_K8_sq_r11_c29.tif,O,O4,O4_K8_sq,11,29,2,0,28,102,2,2,2,1.6871483,3.339055,1.8165344,0.8784767
O4_K8_sq_r11_c30.tif,O,O4,O4_K8_sq,11,30,0,0,27,111,2,2,2,0.32296842,3.195953,1.6776764,0.91465646
O4_K8_sq_r11_c31.tif,O,O4,O4_K8_sq,11,31,2,2,26,151,2,1,1,1.2353983,12.224956,1.2367967,0.950764
O4_K8_sq_r11_c32.tif,O,O4,O4_K8_sq,11,32,3,3,50,102,1,1,1,1.9781815,19.57521,2.6957211,0.7357242
O4_K8_sq_r11_c33.tif,O,O4,O4_K8_sq,11,33,3,2,28,114,2,1,1,2.1242218,15.014544,1.6336617,0.8825319
O4_K8_sq_r11_c34.tif,O,O4,O4_K8_sq,11,34,3,1,10,129,1,1,1,2.182821,9.257242,0.6184789,1.0256824
O4_K8_sq_r11_c35.tif,O,O4,O4_K8_sq,11,35,0,0,18,64,2,1,1,0.53828067,5.326588,1.8810312,0.8818437
O4_K8_sq_r11_c36.tif,O,O4,O4_K8_sq,11,36,2,0,14,153,2,2,2,1.3220929,2.6165695,0.7242282,1.0309163
O4_K8_sq_r11_c37.tif,O,O4,O4_K8_sq,11,37,2,0,16,114,0,2,2,1.6871483,3.339055,1.0516778,0.9813227
O4_K8_sq_r11_c38.tif,O,O4,O4_K8_sq,11,38,1,0,11,78,1,2,2,1.474421,4.8634067,1.0676123,0.9799254
O4_K8_sq_r11_c39.tif,O,O4,O4_K8_sq,11,39,3,0,8,88,1,0,0,3.133753,4.4300337,0.7187885,1.006313
O4_K8_sq_r10_c19.tif,O,O4,O4_K8_sq,10,19,1,0,2,67,1,1,1,1.8839824,6.2143526,0.296559,1.0766696
O4_K8_sq_r10_c20.tif,O,O4,O4_K8_sq,10,20,2,0,3,67,1,0,0,3.0551064,6.046397,0.40396145,1.0475705
O4_K8_sq_r10_c21.tif,O,O4,O4_K8_sq,10,21,1,0,0,51,2,1,1,2.5119765,8.285804,0.07908239,1.0952787
O4_K8_sq_r10_c22.tif,O,O4,O4_K8_sq,10,22,1,0,3,135,2,2,2,0.9620335,3.1732864,0.21200812,1.10365
O4_K8_sq_r10_c23.tif,O,O4,O4_K8_sq,10,23,0,0,11,132,2,2,2,0.31183156,3.0857475,0.6773816,1.0494435
O4_K8_sq_r10_c24.tif,O,O4,O4_K8_sq,10,24,1,0,11,111,2,2,2,1.0851738,3.5794673,0.78576267,1.0244153
O4_K8_sq_r10_c25.tif,O,O4,O4_K8_sq,10,25,3,0,13,94,1,0,0,2.8259735,3.9949412,1.0294833,0.96900266
O4_K8_sq_r10_c26.tif,O,O4,O4_K8_sq,10,26,1,0,17,113,1,2,2,1.0199002,3.364161,1.1238025,0.9800662
O4_K8_sq_r10_c27.tif,O,O4,O4_K8_sq,10,27,1,1,17,94,2,1,1,1.1795368,11.672175,1.2997019,0.94372433
O4_K8_sq_r10_c28.tif,O,O4,O4_K8_sq,10,28,3,0,27,108,0,0,0,2.260779,3.195953,1.6776764,0.89004683
O4_K8_sq_r10_c29.tif,O,O4,O4_K8_sq,10,29,2,0,24,92,2,2,2,1.8839824,3.7286117,1.7437668,0.88526165
O4_K8_sq_r10_c30.tif,O,O4,O4_K8_sq,10,30,1,0,28,102,2,2,2,1.0199002,3.364161,1.8301926,0.88508177
O4_K8_sq_r10_c31.tif,O,O4,O4_K8_sq,10,31,0,0,35,130,2,2,2,0.27075198,2.679242,1.8155802,0.89743954
O4_K8_sq_r10_c32.tif,O,O4,O4_K8_sq,10,32,2,2,31,109,0,1,1,1.5484787,15.323061,1.8427281,0.8613357
O4_K8_sq_r10_c33.tif,O,O4,O4_K8_sq,10,33,0,0,14,101,1,2,2,0.38645795,3.8242173,1.0584874,0.9963028
O4_K8_sq_r10_c34.tif,O,O4,O4_K8_sq,10,34,2,1,23,135,1,1,1,1.3869809,8.234971,1.2313565,0.9546911
O4_K8_sq_r10_c36.tif,O,O4,O4_K8_sq,10,36,2,0,4,56,1,0,0,3.532467,6.9911466,0.60053194,1.0138639
O4_K8_sq_r10_c37.tif,O,O4,O4_K8_sq,10,37,2,2,26,120,1,1,1,1.4873545,14.7182045,1.4890383,0.91044694
O4_K8_sq_r10_c38.tif,O,O4,O4_K8_sq,10,38,0,0,29,128,0,2,2,0.28437468,2.8140464,1.5846322,0.9281479
O4_K8_sq_r10_c39.tif,O,O4,O4_K8_sq,10,39,4,0,26,151,1,0,0,2.223717,2.444991,1.2367967,0.950764
O4_K8_sq_r9_c19.tif,O,O4,O4_K8_sq,9,19,1,0,0,75,1,1,1,1.7390608,5.7363257,0.05474935,1.1116384
O4_K8_sq_r9_c20.tif,O,O4,O4_K8_sq,9,20,3,0,0,125,1,0,0,2.434685,3.4417953,0.03284961,1.1086936
O4_K8_sq_r9_c21.tif,O,O4,O4_K8_sq,9,21,0,0,0,47,1,1,1,0.92276686,9.131293,0.08715203,1.113291
O4_K8_sq_r9_c22.tif,O,O4,O4_K8_sq,9,22,0,0,9,121,2,1,1,0.34254226,3.389647,0.6146859,1.0570939
O4_K8_sq_r9_c23.tif,O,O4,O4_K8_sq,9,23,1,0,15,148,2,2,2,0.817149,2.6953819,0.7974935,1.0273763
O4_K8_sq_r9_c24.tif,O,O4,O4_K8_sq,9,24,2,0,8,91,2,0,0,2.1949308,4.3440137,0.7048314,1.0202229
O4_K8_sq_r9_c25.tif,O,O4,O4_K8_sq,9,25,3,0,11,118,1,0,0,2.3620079,3.339055,0.7329876,1.0156047
O4_K8_sq_r9_c26.tif,O,O4,O4_K8_sq,9,26,2,0,14,108,1,0,0,1.794269,3.551059,0.9828812,0.98894095
O4_K8_sq_r9_c27.tif,O,O4,O4_K8_sq,9,27,2,0,7,80,2,0,0,2.4843724,4.9168506,0.70392025,1.0159343
O4_K8_sq_r9_c28.tif,O,O4,O4_K8_sq,9,28,4,0,11,80,2,0,0,4.1952596,4.6127152,1.0125808,0.9530931
O4_K8_sq_r9_c29.tif,O,O4,O4_K8_sq,9,29,4,0,11,84,2,0,0,4.029111,4.4300337,0.97247857,0.9608299
O4_K8_sq_r9_c30.tif,O,O4,O4_K8_sq,9,30,2,0,16,108,2,2,2,1.7662334,3.4955733,1.1009752,0.97348875
O4_K8_sq_r9_c31.tif,O,O4,O4_K8_sq,9,31,0,0,34,121,2,2,2,0.2879973,2.8498943,1.8768216,0.88876677
O4_K8_sq_r9_c32.tif,O,O4,O4_K8_sq,9,32,7,1,22,93,1,0,0,5.425869,10.738401,1.5373619,0.85903883
O4_K8_sq_r9_c33.tif,O,O4,O4_K8_sq,9,33,1,2,8,110,1,1,1,1.102819,18.188349,0.5902247,1.0317354
O4_K8_sq_r9_c34.tif,O,O4,O4_K8_sq,9,34,0,0,15,120,1,2,2,0.33004072,3.265937,0.96630603,1.0101309
O4_K8_sq_r9_c38.tif,O,O4,O4_K8_sq,9,38,2,1,13,84,1,1,1,2.21645,13.159806,1.130413,0.95141
O4_K8_sq_r9_c39.tif,O,O4,O4_K8_sq,9,39,3,0,11,127,0,0,0,2.2133498,3.1289048,0.68685544,1.0239655
O4_K8_sq_r8_c19.tif,O,O4,O4_K8_sq,8,19,4,0,4,129,0,0,0,2.927627,3.2189453,0.2765039,1.0699565
O4_K8_sq_r8_c20.tif,O,O4,O4_K8_sq,8,20,1,0,1,147,1,2,2,0.89832276,2.963135,0.08484337,1.121828
O4_K8_sq_r8_c21.tif,O,O4,O4_K8_sq,8,21,0,0,2,67,1,1,1,0.6368391,6.3018785,0.3007359,1.091834
O4_K8_sq_r8_c22.tif,O,O4,O4_K8_sq,8,22,0,0,14,111,1,2,2,0.35602817,3.5230975,0.97514194,1.0082828
O4_K8_sq_r8_c23.tif,O,O4,O4_K8_sq,8,23,1,0,10,108,2,2,2,1.1210474,3.6977966,0.74115235,1.0298064
O4_K8_sq_r8_c24.tif,O,O4,O4_K8_sq,8,24,0,0,6,120,1,1,1,0.3532467,3.4955733,0.43371752,1.0811558
O4_K8_sq_r8_c25.tif,O,O4,O4_K8_sq,8,25,5,0,12,110,1,0,0,3.855592,3.4684758,0.82760644,0.9837477
O4_K8_sq_r8_c26.tif,O,O4,O4_K8_sq,8,26,5,0,10,99,1,0,0,4.287684,3.8571844,0.7730985,0.98509085
O4_K8_sq_r8_c28.tif,O,O4,O4_K8_sq,8,28,3,0,6,68,1,0,0,4.0064435,5.663714,0.7027322,0.9958058
O4_K8_sq_r8_c29.tif,O,O4,O4_K8_sq,8,29,3,0,11,89,1,0,0,3.0143719,4.2612705,0.9354318,0.9789148
O4_K8_sq_r8_c30.tif,O,O4,O4_K8_sq,8,30,1,0,11,77,1,2,2,1.4906235,4.9168506,1.0793444,0.9780735
O4_K8_sq_r8_c31.tif,O,O4,O4_K8_sq,8,31,0,0,33,119,1,2,2,0.29360765,2.9054117,1.8579228,0.8911655
O4_K8_sq_r8_c32.tif,O,O4,O4_K8_sq,8,32,0,0,24,112,1,2,2,0.32764912,3.242271,1.516319,0.9362344
O4_K8_sq_r8_c33.tif,O,O4,O4_K8_sq,8,33,0,0,31,141,1,2,2,0.25985965,2.5714562,1.546197,0.93393874
O4_K8_sq_r7_c19.tif,O,O4,O4_K8_sq,7,19,2,0,1,58,1,0,0,3.588538,7.102118,0.20335473,1.0664155
O4_K8_sq_r7_c22.tif,O,O4,O4_K8_sq,7,22,1,0,4,96,1,1,1,1.3169585,4.3440137,0.37314606,1.0759728
O4_K8_sq_r7_c23.tif,O,O4,O4_K8_sq,7,23,1,0,8,135,1,2,2,0.9290872,3.0646124,0.49724412,1.0658537
O4_K8_sq_r7_c24.tif,O,O4,O4_K8_sq,7,24,2,0,8,133,2,0,0,1.5591578,3.0857475,0.50067335,1.0573637
O4_K8_sq_r7_c26.tif,O,O4,O4_K8_sq,7,26,0,0,4,73,1,1,1,0.5723491,5.663714,0.48650688,1.0684924
O4_K8_sq_r7_c27.tif,O,O4,O4_K8_sq,7,27,0,0,3,70,1,1,1,0.6028744,5.965779,0.39857528,1.0795407
O4_K8_sq_r7_c28.tif,O,O4,O4_K8_sq,7,28,2,0,3,86,1,0,0,2.4309452,4.811112,0.32143167,1.0681797
O4_K8_sq_r7_c29.tif,O,O4,O4_K8_sq,7,29,1,0,10,60,1,2,2,1.8581744,6.129225,1.2284855,0.9517956
O4_K8_sq_r7_c30.tif,O,O4,O4_K8_sq,7,30,0,0,4,64,2,1,1,0.64593685,6.391906,0.5490578,1.0582124
O4_K8_sq_r7_c31.tif,O,O4,O4_K8_sq,7,31,1,0,19,125,2,2,2,0.92276686,3.0437646,1.1329763,0.98047733
O4_K8_sq_r6_c19.tif,O,O4,O4_K8_sq,6,19,3,0,3,52,0,0,0,5.275151,7.4572234,0.4982191,1.0048916
O4_K8_sq_r6_c22.tif,O,O4,O4_K8_sq,6,22,3,0,1,49,2,0,0,5.7547097,8.135153,0.2329336,1.0336028
O4_K8_sq_r6_c23.tif,O,O4,O4_K8_sq,6,23,4,0,8,95,2,0,0,3.7333963,4.104893,0.6660334,1.0062087
O4_K8_sq_r6_c24.tif,O,O4,O4_K8_sq,6,24,2,0,7,129,2,0,0,1.6148422,3.195953,0.45754814,1.062314
O4_K8_sq_r6_c25.tif,O,O4,O4_K8_sq,6,25,3,0,6,110,1,0,0,2.6157773,3.6977966,0.4588086,1.0487889
O4_K8_sq_r6_c26.tif,O,O4,O4_K8_sq,6,26,1,0,17,133,2,2,2,0.88658,2.9244013,0.97690016,1.0020767
O4_K8_sq_r6_c28.tif,O,O4,O4_K8_sq,6,28,4,0,16,90,1,0,0,3.6333945,3.9949412,1.2582574,0.9279867
O4_K8_sq_r6_c29.tif,O,O4,O4_K8_sq,6,29,3,0,3,52,2,0,0,5.275151,7.4572234,0.4982191,1.0048916
O4_K8_sq_r6_c30.tif,O,O4,O4_K8_sq,6,30,0,0,6,35,1,1,1,1.051525,10.405428,1.291066,0.9481369
O4_K8_sq_r5_c23.tif,O,O4,O4_K8_sq,5,23,3,0,12,105,1,0,0,2.5943363,3.6674867,0.875092,0.9931247
O4_K8_sq_r5_c24.tif,O,O4,O4_K8_sq,5,24,1,0,12,88,2,2,2,1.3169585,4.3440137,1.0365168,0.98677295
O4_K8_sq_r5_c25.tif,O,O4,O4_K8_sq,5,25,3,0,5,107,1,0,0,2.7052054,3.8242173,0.40149525,1.0551976
O4_K8_sq_r5_c27.tif,O,O4,O4_K8_sq,5,27,2,0,19,121,2,2,2,1.5699854,3.1071763,1.1565801,0.96900266
O4_K8_sq_r5_c28.tif,O,O4,O4_K8_sq,5,28,2,0,15,70,2,0,0,2.540201,5.0273414,1.4874599,0.9097253
O4_K8_sq_r5_c29.tif,O,O4,O4_K8_sq,5,29,1,0,8,49,2,1,1,2.260779,7.4572234,1.2099606,0.94746923
O4_K8_sq_r5_c30.tif,O,O4,O4_K8_sq,5,30,1,0,1,31,2,1,1,3.875621,12.783812,0.36603853,1.0336028
O4_K8_sq_r4_c23.tif,O,O4,O4_K8_sq,4,23,4,0,9,88,0,0,0,3.9508758,4.3440137,0.7877528,0.98677295
O4_K8_sq_r4_c24.tif,O,O4,O4_K8_sq,4,24,4,0,11,49,0,0,0,6.1657605,6.779294,1.4881868,0.8613357
O4_K8_sq_r4_c25.tif,O,O4,O4_K8_sq,4,25,5,0,15,100,0,0,0,4.076814,3.6674867,1.0851141,0.9460572
O4_K8_sq_r4_c26.tif,O,O4,O4_K8_sq,4,26,6,0,12,111,1,0,0,4.4870424,3.415522,0.8149712,0.97749543
O4_K8_sq_r4_c27.tif,O,O4,O4_K8_sq,4,27,1,0,10,116,2,2,2,1.051525,3.4684758,0.6951894,1.037164
O4_K8_sq_r4_c28.tif,O,O4,O4_K8_sq,4,28,3,0,3,96,1,0,0,3.0433564,4.302244,0.2874341,1.0656269
O4_K8_sq_r4_c29.tif,O,O4,O4_K8_sq,4,29,4,0,1,73,1,0,0,5.0867524,5.5929174,0.16014186,1.0551362
O4_K8_sq_r4_c30.tif,O,O4,O4_K8_sq,4,30,0,0,8,62,1,1,1,0.6279941,6.2143526,1.0083005,0.99691635
O4_K8_sq_r3_c27.tif,O,O4,O4_K8_sq,3,27,2,0,13,82,0,0,0,2.2836149,4.5195293,1.1646681,0.95703965
O4_K8_sq_r3_c28.tif,O,O4,O4_K8_sq,3,28,2,0,10,81,1,0,0,2.3797672,4.7098255,0.94399405,0.98524714
O4_K8_sq_r3_c29.tif,O,O4,O4_K8_sq,3,29,1,0,5,84,0,1,1,1.474421,4.8634067,0.5105972,1.0548241
O4_K8_sq_r2_c28.tif,O,O4,O4_K8_sq,2,28,2,0,7,92,1,0,0,2.1949308,4.3440137,0.6219101,1.0313728
O4_K8_sq_r2_c29.tif,O,O4,O4_K8_sq,2,29,2,0,11,80,0,0,0,2.3797672,4.7098255,1.0338982,0.97315824
O4_K8_sq_r2_c30.tif,O,O4,O4_K8_sq,2,30,0,0,5,50,0,1,1,0.79325575,7.8497086,0.8241218,1.0174843
O4_K8_sq_r2_c33.tif,O,O4,O4_K8_sq,2,33,1,0,8,83,0,2,2,1.4430504,4.7599297,0.77231526,1.0201635
O2_K8_sq_r37_c12.tif,O,O2,O2_K8_sq,37,12,2,0,0,49,1,0,0,4.2656207,8.44214,0.08057452,1.0726067
O2_K8_sq_r37_c13.tif,O,O2,O2_K8_sq,37,13,2,0,3,83,1,0,0,2.5119765,4.9714823,0.33214608,1.0655042
O2_K8_sq_r37_c14.tif,O,O2,O2_K8_sq,37,14,3,0,2,64,1,0,0,4.457874,6.3018785,0.3007359,1.043308
O2_K8_sq_r37_c21.tif,O,O2,O2_K8_sq,37,21,0,0,4,71,2,1,1,0.5872153,5.8108234,0.49914342,1.0664155
O2_K8_sq_r37_c22.tif,O,O2,O2_K8_sq,37,22,0,0,8,82,2,1,1,0.49147367,4.8634067,0.78910476,1.0298579
O2_K8_sq_r37_c23.tif,O,O2,O2_K8_sq,37,23,1,0,13,127,2,2,2,0.94857854,3.1289048,0.80630857,1.0239655
O2_K8_sq_r37_c24.tif,O,O2,O2_K8_sq,37,24,1,0,6,108,1,2,2,1.1593738,3.8242173,0.47449437,1.0650133
O2_K8_sq_r37_c25.tif,O,O2,O2_K8_sq,37,25,1,0,8,104,2,2,2,1.1795368,3.890725,0.6312838,1.0435894
O2_K8_sq_r37_c26.tif,O,O2,O2_K8_sq,37,26,0,0,11,105,2,1,1,0.38318285,3.7918084,0.8323757,1.02679
O2_K8_sq_r37_c27.tif,O,O2,O2_K8_sq,37,27,1,0,14,116,1,2,2,1.0199002,3.364161,0.9311506,1.005971
O2_K8_sq_r37_c28.tif,O,O2,O2_K8_sq,37,28,5,0,19,122,1,0,0,3.3606172,3.0231986,1.125321,0.95057315
O2_K8_sq_r37_c29.tif,O,O2,O2_K8_sq,37,29,1,0,5,83,2,1,1,1.4906235,4.9168506,0.5162082,1.0537953
O2_K8_sq_r37_c30.tif,O,O2,O2_K8_sq,37,30,6,0,3,83,1,0,0,6.253218,4.7599297,0.31801218,1.0201635
O2_K8_sq_r37_c31.tif,O,O2,O2_K8_sq,37,31,2,0,3,79,1,0,0,2.6288128,5.202714,0.3475947,1.0616463
O2_K8_sq_r37_c32.tif,O,O2,O2_K8_sq,37,32,4,0,6,79,0,0,0,4.4718704,4.9168506,0.6100642,1.003314
O2_K8_sq_r37_c33.tif,O,O2,O2_K8_sq,37,33,2,0,8,79,0,0,0,2.4843724,4.9168506,0.7977763,1.003314
O2_K8_sq_r37_c34.tif,O,O2,O2_K8_sq,37,34,1,0,5,69,1,1,1,1.7616458,5.8108234,0.6100642,1.0365858
O2_K8_sq_r37_c35.tif,O,O2,O2_K8_sq,37,35,3,0,0,53,0,0,0,5.457052,7.714369,0.07362843,1.0593438
O2_K8_sq_r37_c36.tif,O,O2,O2_K8_sq,37,36,2,0,1,67,0,0,0,3.1399708,6.2143526,0.17793539,1.0766696
O2_K8_sq_r37_c37.tif,O,O2,O2_K8_sq,37,37,0,0,4,110,1,1,1,0.38978946,3.8571844,0.33132794,1.0939953
O2_K8_sq_r37_c38.tif,O,O2,O2_K8_sq,37,38,2,0,0,103,1,0,0,2.1128774,4.1816206,0.03991074,1.1108816
O2_K8_sq_r37_c40.tif,O,O2,O2_K8_sq,37,40,2,0,7,103,0,0,0,1.9831394,3.9248543,0.5619013,1.0426695
O2_K8_sq_r37_c41.tif,O,O2,O2_K8_sq,37,41,3,0,5,109,0,0,0,2.65974,3.7599447,0.39474744,1.0567647
O2_K8_sq_r37_c42.tif,O,O2,O2_K8_sq,37,42,3,0,7,111,0,0,0,2.5732443,3.6376698,0.5207865,1.0410725
O2_K8_sq_r37_c43.tif,O,O2,O2_K8_sq,37,43,0,0,3,82,0,1,1,0.5197193,5.1429124,0.34359938,1.0890452
O2_K8_sq_r36_c8.tif,O,O2,O2_K8_sq,36,8,1,0,6,104,0,2,2,1.2004136,3.9595876,0.49129063,1.0620599
O2_K8_sq_r36_c9.tif,O,O2,O2_K8_sq,36,9,5,0,4,118,0,0,0,3.855592,3.4684758,0.29793835,1.0549693
O2_K8_sq_r36_c10.tif,O,O2,O2_K8_sq,36,10,1,0,4,31,1,1,1,3.5696507,11.774563,1.0114223,0.9520026
O2_K8_sq_r36_c11.tif,O,O2,O2_K8_sq,36,11,4,0,5,71,2,0,0,4.962685,5.456505,0.5728652,1.0013902
O2_K8_sq_r36_c12.tif,O,O2,O2_K8_sq,36,12,2,0,1,120,1,0,0,1.8086231,3.5794673,0.10249078,1.1071035
O2_K8_sq_r36_c13.tif,O,O2,O2_K8_sq,36,13,1,0,8,132,1,2,2,0.94857854,3.1289048,0.5076758,1.064121
O2_K8_sq_r36_c14.tif,O,O2,O2_K8_sq,36,14,2,0,16,99,2,2,2,1.8998142,3.7599447,1.1842422,0.9602566
O2_K8_sq_r36_c15.tif,O,O2,O2_K8_sq,36,15,2,0,20,125,2,2,2,1.5173012,3.0029087,1.1750901,0.96731657
O2_K8_sq_r36_c16.tif,O,O2,O2_K8_sq,36,16,1,0,7,96,1,2,2,1.2796862,4.22107,0.60430884,1.0455207
O2_K8_sq_r36_c20.tif,O,O2,O2_K8_sq,36,20,1,1,8,117,2,1,1,1.051525,10.405428,0.5627724,1.0460666
O2_K8_sq_r36_c23.tif,O,O2,O2_K8_sq,36,23,1,1,11,122,1,1,1,0.9901221,9.7978115,0.71693677,1.0268966
O2_K8_sq_r36_c24.tif,O,O2,O2_K8_sq,36,24,0,0,14,133,2,2,2,0.30346024,3.0029087,0.8311613,1.0289782
O2_K8_sq_r36_c25.tif,O,O2,O2_K8_sq,36,25,1,0,13,136,2,2,2,0.89241266,2.9436407,0.7585666,1.0313361
O2_K8_sq_r36_c26.tif,O,O2,O2_K8_sq,36,26,0,0,11,131,2,2,2,0.31399706,3.1071763,0.68208563,1.0487559
O2_K8_sq_r36_c27.tif,O,O2,O2_K8_sq,36,27,0,2,20,108,2,1,1,0.34254226,16.948235,1.3264275,0.9439891
O2_K8_sq_r36_c34.tif,O,O2,O2_K8_sq,36,34,3,0,19,140,2,0,0,1.9299332,2.7282524,1.0155337,0.9838835
O2_K8_sq_r36_c35.tif,O,O2,O2_K8_sq,36,35,3,0,11,84,1,0,0,3.1650903,4.474334,0.98220336,0.97043824
O2_K8_sq_r36_c36.tif,O,O2,O2_K8_sq,36,36,0,0,18,88,1,2,2,0.41866276,4.142902,1.4630244,0.941089
O2_K8_sq_r36_c37.tif,O,O2,O2_K8_sq,36,37,0,0,29,120,2,2,2,0.29944092,2.963135,1.6685861,0.9164764
O2_K8_sq_r36_c38.tif,O,O2,O2_K8_sq,36,38,3,2,18,95,2,1,1,2.6375754,18.643059,1.3167219,0.9139729
O2_K8_sq_r36_c39.tif,O,O2,O2_K8_sq,36,39,1,0,5,108,2,2,2,1.1693684,3.8571844,0.4049564,1.0741946
O2_K8_sq_r36_c40.tif,O,O2,O2_K8_sq,36,40,3,0,12,100,2,0,0,2.7052054,3.8242173,0.9124892,0.98648703
O2_K8_sq_r36_c41.tif,O,O2,O2_K8_sq,36,41,0,0,4,143,2,1,1,0.30346024,3.0029087,0.2579466,1.1060553
O2_K8_sq_r36_c42.tif,O,O2,O2_K8_sq,36,42,0,0,10,144,1,2,2,0.28984344,2.8681629,0.5748682,1.0637864
O2_K8_sq_r36_c43.tif,O,O2,O2_K8_sq,36,43,1,0,10,150,1,2,2,0.83218855,2.74499,0.55018055,1.0603765
O2_K8_sq_r36_c44.tif,O,O2,O2_K8_sq,36,44,2,0,5,140,0,0,0,1.5173012,3.0029087,0.31526807,1.0829321
O2_K8_sq_r36_c45.tif,O,O2,O2_K8_sq,36,45,2,0,0,93,0,0,0,2.3307,4.6127152,0.04402525,1.1070088
O2_K8_sq_r35_c2.tif,O,O2,O2_K8_sq,35,2,0,0,2,89,0,1,1,0.486189,4.811112,0.22959405,1.1052264
O2_K8_sq_r35_c3.tif,O,O2,O2_K8_sq,35,3,1,0,2,119,0,1,1,1.0939252,3.6083338,0.17219554,1.10677
O2_K8_sq_r35_c4.tif,O,O2,O2_K8_sq,35,4,0,0,2,100,0,1,1,0.4347652,4.302244,0.20531006,1.109798
O2_K8_sq_r35_c5.tif,O,O2,O2_K8_sq,35,5,0,0,5,136,0,1,1,0.31619284,3.1289048,0.3284961,1.0962454
O2_K8_sq_r35_c6.tif,O,O2,O2_K8_sq,35,6,1,1,14,118,1,1,1,0.9974025,9.869855,0.9106105,1.0006694
O2_K8_sq_r35_c7.tif,O,O2,O2_K8_sq,35,7,4,0,10,141,1,0,0,2.591976,2.8498943,0.5712066,1.0350659
O2_K8_sq_r35_c8.tif,O,O2,O2_K8_sq,35,8,3,0,7,137,1,0,0,2.1242218,3.0029087,0.42991102,1.059809
O2_K8_sq_r35_c9.tif,O,O2,O2_K8_sq,35,9,1,0,8,171,1,2,2,0.74531174,2.4584253,0.39888814,1.082191
O2_K8_sq_r35_c10.tif,O,O2,O2_K8_sq,35,10,5,0,6,106,1,0,0,4.179591,3.7599447,0.46651968,1.0278124
O2_K8_sq_r35_c11.tif,O,O2,O2_K8_sq,35,11,2,0,8,143,1,0,0,1.458567,2.886667,0.46837187,1.0632402
O2_K8_sq_r35_c12.tif,O,O2,O2_K8_sq,35,12,0,0,13,166,1,2,2,0.24980983,2.4720078,0.6370284,1.0564449
O2_K8_sq_r35_c13.tif,O,O2,O2_K8_sq,35,13,0,0,17,132,1,2,2,0.29944092,2.963135,0.98983926,1.0077437
O2_K8_sq_r35_c14.tif,O,O2,O2_K8_sq,35,14,1,1,13,95,1,1,1,1.2111316,11.984823,1.0294833,0.9792567
O2_K8_sq_r35_c15.tif,O,O2,O2_K8_sq,35,15,0,1,12,165,1,1,1,0.25119767,7.4572234,0.593118,1.0559337
O2_K8_sq_r35_c16.tif,O,O2,O2_K8_sq,35,16,1,0,18,98,1,2,2,1.1398885,3.7599447,1.3277868,0.95060575
O2_K8_sq_r35_c17.tif,O,O2,O2_K8_sq,35,17,3,0,10,132,1,0,0,2.1531227,3.0437646,0.6100642,1.0351654
O2_K8_sq_r35_c19.tif,O,O2,O2_K8_sq,35,19,2,0,4,55,1,0,0,3.588538,7.102118,0.6100642,1.0117276
O2_K8_sq_r35_c20.tif,O,O2,O2_K8_sq,35,20,2,0,14,106,2,0,0,1.8232087,3.6083338,0.9987341,0.9863683
O2_K8_sq_r35_c25.tif,O,O2,O2_K8_sq,35,25,0,2,20,113,2,1,1,0.33004072,16.329685,1.2780176,0.95145106
O2_K8_sq_r35_c26.tif,O,O2,O2_K8_sq,35,26,1,2,33,118,2,1,1,0.8695304,14.340815,1.8341032,0.8723784
O2_K8_sq_r35_c34.tif,O,O2,O2_K8_sq,35,34,0,0,21,105,2,2,2,0.3532467,3.4955733,1.434604,0.946572
O2_K8_sq_r35_c35.tif,O,O2,O2_K8_sq,35,35,0,1,25,130,2,1,1,0.28617454,8.49557,1.3784362,0.9485596
O2_K8_sq_r35_c38.tif,O,O2,O2_K8_sq,35,38,0,7,56,90,1,1,1,0.2917134,43.300003,3.1132953,0.67054516
O2_K8_sq_r35_c39.tif,O,O2,O2_K8_sq,35,39,2,6,30,118,1,1,1,1.4308727,36.81414,1.6487178,0.8613357
O2_K8_sq_r35_c40.tif,O,O2,O2_K8_sq,35,40,0,1,21,46,1,1,1,0.64593685,19.175718,2.623276,0.7628973
O2_K8_sq_r35_c41.tif,O,O2,O2_K8_sq,35,41,3,1,35,109,0,1,1,2.1100602,8.948668,2.021346,0.83836675
O2_K8_sq_r35_c42.tif,O,O2,O2_K8_sq,35,42,2,0,15,156,0,2,2,1.2918737,2.5567622,0.7564796,1.0270402
O2_K8_sq_r35_c43.tif,O,O2,O2_K8_sq,35,43,1,0,24,144,0,2,2,0.79325575,2.6165695,1.223696,0.9704718
O2_K8_sq_r35_c44.tif,O,O2,O2_K8_sq,35,44,1,2,12,152,0,1,1,0.8026434,13.237675,0.6317233,1.036321
O2_K8_sq_r35_c45.tif,O,O2,O2_K8_sq,35,45,2,0,6,127,1,0,0,1.6502035,3.265937,0.40522513,1.0688107
O2_K8_sq_r34_c0.tif,O,O2,O2_K8_sq,34,0,1,0,0,95,0,1,1,1.3841504,4.5656466,0.043576013,1.1191505
O2_K8_sq_r34_c1.tif,O,O2,O2_K8_sq,34,1,2,0,0,90,1,0,0,2.405084,4.7599297,0.04543031,1.1056862
O2_K8_sq_r34_c2.tif,O,O2,O2_K8_sq,34,2,0,0,10,95,1,1,1,0.42257547,4.1816206,0.8381256,1.0250163
O2_K8_sq_r34_c3.tif,O,O2,O2_K8_sq,34,3,0,1,15,162,0,1,1,0.25119767,7.4572234,0.7354663,1.036793
O2_K8_sq_r34_c4.tif,O,O2,O2_K8_sq,34,4,3,1,12,106,1,1,1,2.5524921,10.825001,0.8609777,0.9863683
O2_K8_sq_r34_c5.tif,O,O2,O2_K8_sq,34,5,3,0,8,136,1,0,0,2.1242218,3.0029087,0.48723248,1.0521013
O2_K8_sq_r34_c6.tif,O,O2,O2_K8_sq,34,6,2,0,16,142,1,2,2,1.3955425,2.7619345,0.8699063,1.0102085
O2_K8_sq_r34_c10.tif,O,O2,O2_K8_sq,34,10,0,0,8,106,0,1,1,0.38978946,3.8571844,0.62584174,1.0543936
O2_K8_sq_r34_c11.tif,O,O2,O2_K8_sq,34,11,2,0,10,116,1,0,0,1.7390608,3.4417953,0.6898418,1.0291858
O2_K8_sq_r34_c12.tif,O,O2,O2_K8_sq,34,12,0,0,17,148,2,2,2,0.27075198,2.679242,0.89500433,1.0212244
O2_K8_sq_r34_c13.tif,O,O2,O2_K8_sq,34,13,1,0,23,164,2,2,2,0.71393013,2.3549128,1.0563743,0.99431384
O2_K8_sq_r34_c14.tif,O,O2,O2_K8_sq,34,14,4,0,12,130,1,0,0,2.7495959,3.0231986,0.72135967,1.0126514
O2_K8_sq_r34_c15.tif,O,O2,O2_K8_sq,34,15,1,0,19,122,2,2,2,0.9419912,3.1071763,1.1565801,0.97697794
O2_K8_sq_r34_c16.tif,O,O2,O2_K8_sq,34,16,2,0,13,114,2,0,0,1.7257854,3.415522,0.880169,1.0037957
O2_K8_sq_r34_c17.tif,O,O2,O2_K8_sq,34,17,6,0,13,131,2,0,0,3.867122,2.9436407,0.7585666,0.9935582
O2_K8_sq_r34_c18.tif,O,O2,O2_K8_sq,34,18,5,1,13,105,0,1,1,3.9473917,10.653176,0.9150963,0.961597
O2_K8_sq_r34_c19.tif,O,O2,O2_K8_sq,34,19,3,0,7,76,1,0,0,3.5966935,5.0844707,0.7279175,0.99836636
O2_K8_sq_r34_c20.tif,O,O2,O2_K8_sq,34,20,2,0,11,160,2,0,0,1.2918737,2.5567622,0.56125903,1.0532905
O2_K8_sq_r34_c39.tif,O,O2,O2_K8_sq,34,39,0,4,48,75,1,1,1,0.35050836,31.216286,3.211113,0.6721534
O2_K8_sq_r34_c45.tif,O,O2,O2_K8_sq,34,45,1,1,32,145,0,1,1,0.74942946,7.4160233,1.5335867,0.9231996
O2_K8_sq_r34_c46.tif,O,O2,O2_K8_sq,34,46,0,0,16,134,1,2,2,0.2974709,2.9436407,0.9271371,1.016225
O2_K8_sq_r33_c0.tif,O,O2,O2_K8_sq,33,0,0,0,1,92,1,1,1,0.47595346,4.7098255,0.1348563,1.1182252
O2_K8_sq_r33_c1.tif,O,O2,O2_K8_sq,33,1,1,0,7,99,2,2,2,1.2444655,4.104893,0.5876765,1.0483536
O2_K8_sq_r33_c2.tif,O,O2,O2_K8_sq,33,2,2,0,8,106,2,0,0,1.9159143,3.7918084,0.6152342,1.0365226
O2_K8_sq_r33_c3.tif,O,O2,O2_K8_sq,33,3,0,0,9,150,0,2,2,0.2808421,2.7790895,0.50396603,1.0735488
O2_K8_sq_r33_c4.tif,O,O2,O2_K8_sq,33,4,0,0,18,142,1,2,2,0.2791085,2.7619345,0.97534955,1.0102085
O2_K8_sq_r33_c5.tif,O,O2,O2_K8_sq,33,5,1,0,17,135,0,2,2,0.8751402,2.886667,0.96429497,1.0039655
O2_K8_sq_r33_c10.tif,O,O2,O2_K8_sq,33,10,2,1,19,121,1,1,1,1.5591578,9.257242,1.1486036,0.96231985
O2_K8_sq_r33_c17.tif,O,O2,O2_K8_sq,33,17,0,0,15,142,1,2,2,0.28437468,2.8140464,0.83260334,1.0292691
O2_K8_sq_r33_c18.tif,O,O2,O2_K8_sq,33,18,1,0,6,106,2,2,2,1.1795368,3.890725,0.48274645,1.0635624
O2_K8_sq_r33_c19.tif,O,O2,O2_K8_sq,33,19,3,0,5,73,1,0,0,3.813362,5.3907638,0.56596315,1.0169988
O2_K8_sq_r33_c20.tif,O,O2,O2_K8_sq,33,20,3,0,9,112,2,0,0,2.5119765,3.551059,0.64395666,1.0253996
O2_K8_sq_r33_c39.tif,O,O2,O2_K8_sq,33,39,0,1,29,126,1,1,1,0.28617454,8.49557,1.5946615,0.9194849
O2_K8_sq_r33_c40.tif,O,O2,O2_K8_sq,33,40,0,0,18,98,2,2,2,0.38318285,3.7918084,1.3390392,0.95866174
O2_K8_sq_r33_c45.tif,O,O2,O2_K8_sq,33,45,0,1,14,168,0,1,1,0.24440853,7.2556767,0.6694218,1.0460185
O2_K8_sq_r33_c46.tif,O,O2,O2_K8_sq,33,46,1,0,9,154,0,2,2,0.817149,2.6953819,0.48878637,1.0688865
O2_K8_sq_r32_c1.tif,O,O2,O2_K8_sq,32,1,2,0,0,60,1,0,0,3.532467,6.9911466,0.06672577,1.0856419
O2_K8_sq_r32_c2.tif,O,O2,O2_K8_sq,32,2,1,0,6,111,1,2,2,1.1303895,3.7286117,0.462632,1.0670992
O2_K8_sq_r32_c3.tif,O,O2,O2_K8_sq,32,3,4,0,8,133,2,0,0,2.7683008,3.0437646,0.4938615,1.0429779
O2_K8_sq_r32_c4.tif,O,O2,O2_K8_sq,32,4,2,0,12,127,2,0,0,1.5809642,3.1289048,0.74658203,1.0239655
O2_K8_sq_r32_c5.tif,O,O2,O2_K8_sq,32,5,0,0,21,141,0,2,2,0.27570474,2.7282524,1.1196909,0.9908862
O2_K8_sq_r32_c9.tif,O,O2,O2_K8_sq,32,9,0,0,22,90,1,2,2,0.39662787,3.9248543,1.6857038,0.9117062
O2_K8_sq_r32_c18.tif,O,O2,O2_K8_sq,32,18,0,0,8,102,2,1,1,0.40371054,3.9949412,0.6481932,1.0510347
O2_K8_sq_r32_c19.tif,O,O2,O2_K8_sq,32,19,5,0,8,94,1,0,0,4.56304,4.104893,0.6660334,0.99567246
O2_K8_sq_r32_c20.tif,O,O2,O2_K8_sq,32,20,2,0,10,96,2,0,0,2.0552535,4.0675764,0.81526756,1.0075017
O2_K8_sq_r32_c21.tif,O,O2,O2_K8_sq,32,21,0,0,24,118,2,2,2,0.31399706,3.1071763,1.4531391,0.9450767
O2_K8_sq_r32_c39.tif,O,O2,O2_K8_sq,32,39,1,0,21,145,1,2,2,0.8026434,2.6475348,1.086564,0.98875225
O2_K8_sq_r32_c40.tif,O,O2,O2_K8_sq,32,40,0,2,15,162,1,1,1,0.24980983,12.360039,0.7314029,1.0310649
O2_K8_sq_r32_c41.tif,O,O2,O2_K8_sq,32,41,1,0,14,132,0,2,2,0.9103807,3.0029087,0.8311613,1.0212705
O2_K8_sq_r32_c42.tif,O,O2,O2_K8_sq,32,42,0,0,32,106,1,2,2,0.32296842,3.195953,1.9827086,0.8736405
O2_K8_sq_r32_c45.tif,O,O2,O2_K8_sq,32,45,0,0,16,128,1,2,2,0.30969572,3.0646124,0.9652386,1.0107912
O2_K8_sq_r32_c46.tif,O,O2,O2_K8_sq,32,46,5,0,1,62,0,0,0,7.105305,6.391906,0.18301927,1.0253996
O2_K8_sq_r31_c2.tif,O,O2,O2_K8_sq,31,2,0,0,5,79,1,1,1,0.5257625,5.202714,0.54622024,1.0616463
O2_K8_sq_r31_c3.tif,O,O2,O2_K8_sq,31,3,5,0,4,121,1,0,0,3.7679648,3.389647,0.29116702,1.0570939
O2_K8_sq_r31_c4.tif,O,O2,O2_K8_sq,31,4,1,0,10,121,1,2,2,1.012289,3.339055,0.66924953,1.0413163
O2_K8_sq_r31_c5.tif,O,O2,O2_K8_sq,31,5,0,0,22,163,0,2,2,0.24179454,2.392692,1.0276482,1.0041239
O2_K8_sq_r31_c6.tif,O,O2,O2_K8_sq,31,6,1,3,24,119,0,1,1,0.9103807,21.02036,1.4043759,0.92107034
O2_K8_sq_r31_c7.tif,O,O2,O2_K8_sq,31,7,0,4,30,111,0,1,1,0.30758896,27.39388,1.7720913,0.8711014
O2_K8_sq_r31_c8.tif,O,O2,O2_K8_sq,31,8,0,0,12,96,0,1,1,0.41105068,4.0675764,0.9705567,1.0075017
O2_K8_sq_r31_c9.tif,O,O2,O2_K8_sq,31,9,2,3,18,116,0,1,1,1.6033893,22.213005,1.1206144,0.9488946
O2_K8_sq_r31_c18.tif,O,O2,O2_K8_sq,31,18,0,1,26,137,2,1,1,0.27238297,8.086145,1.3634567,0.95127434
O2_K8_sq_r31_c19.tif,O,O2,O2_K8_sq,31,19,2,0,5,89,0,0,0,2.3069172,4.5656466,0.47933614,1.0488373
O2_K8_sq_r31_c20.tif,O,O2,O2_K8_sq,31,20,1,0,14,141,1,2,2,0.8585236,2.831857,0.78381664,1.0285147
O2_K8_sq_r31_c21.tif,O,O2,O2_K8_sq,31,21,0,0,17,132,2,2,2,0.29944092,2.963135,0.98983926,1.0077437
O2_K8_sq_r31_c22.tif,O,O2,O2_K8_sq,31,22,3,2,21,126,2,1,1,2.0552535,14.527059,1.1923982,0.94336766
O2_K8_sq_r31_c23.tif,O,O2,O2_K8_sq,31,23,4,1,21,125,1,1,1,2.65974,8.773204,1.2001917,0.9420273
O2_K8_sq_r31_c36.tif,O,O2,O2_K8_sq,31,36,1,1,31,130,1,1,1,0.82210135,8.135153,1.6305351,0.9083177
O2_K8_sq_r31_c37.tif,O,O2,O2_K8_sq,31,37,2,0,19,141,0,2,2,1.3785237,2.7282524,1.0155337,0.9908862
O2_K8_sq_r31_c38.tif,O,O2,O2_K8_sq,31,38,0,0,23,158,2,2,2,0.24707966,2.444991,1.0967821,0.9946937
O2_K8_sq_r31_c39.tif,O,O2,O2_K8_sq,31,39,0,0,6,152,2,1,1,0.28259736,2.7964587,0.346974,1.0946141
O2_K8_sq_r31_c40.tif,O,O2,O2_K8_sq,31,40,0,0,14,139,2,2,2,0.2917134,2.886667,0.79898727,1.0336028
O2_K8_sq_r31_c41.tif,O,O2,O2_K8_sq,31,41,0,0,15,125,2,2,2,0.31841955,3.1509392,0.9322812,1.0150012
O2_K8_sq_r31_c42.tif,O,O2,O2_K8_sq,31,42,3,0,16,135,1,0,0,2.0289042,2.8681629,0.9033643,0.9975298
O2_K8_sq_r31_c43.tif,O,O2,O2_K8_sq,31,43,3,1,13,120,2,1,1,2.2770433,9.656836,0.82951176,0.99559665
O2_K8_sq_r31_c44.tif,O,O2,O2_K8_sq,31,44,2,1,12,134,1,1,1,1.4972045,8.889405,0.70702803,1.022955
O2_K8_sq_r31_c45.tif,O,O2,O2_K8_sq,31,45,5,0,5,146,0,0,0,3.14792,2.831857,0.29730976,1.0648581
O2_K8_sq_r30_c3.tif,O,O2,O2_K8_sq,30,3,2,0,2,58,0,0,0,3.532467,6.9911466,0.33362886,1.0497528
O2_K8_sq_r30_c4.tif,O,O2,O2_K8_sq,30,4,5,0,5,120,0,0,0,3.7679648,3.389647,0.35587078,1.0483935
O2_K8_sq_r30_c5.tif,O,O2,O2_K8_sq,30,5,2,0,3,120,1,0,0,1.7801409,3.5230975,0.2353791,1.0896688
O2_K8_sq_r30_c6.tif,O,O2,O2_K8_sq,30,6,4,0,17,116,0,0,0,2.927627,3.2189453,1.0752931,0.96254784
O2_K8_sq_r30_c7.tif,O,O2,O2_K8_sq,30,7,0,1,16,147,0,1,1,0.27238297,8.086145,0.8489448,1.020458
O2_K8_sq_r30_c8.tif,O,O2,O2_K8_sq,30,8,0,0,18,160,0,2,2,0.25119767,2.4857411,0.8778146,1.0240324
O2_K8_sq_r30_c9.tif,O,O2,O2_K8_sq,30,9,0,0,24,142,1,2,2,0.26914033,2.663294,1.2455477,0.9741296
O2_K8_sq_r30_c19.tif,O,O2,O2_K8_sq,30,19,2,1,14,135,1,1,1,1.4680382,8.716235,0.8041755,1.0104847
O2_K8_sq_r30_c20.tif,O,O2,O2_K8_sq,30,20,0,0,15,91,2,1,1,0.41866276,4.142902,1.2257771,0.9729903
O2_K8_sq_r30_c21.tif,O,O2,O2_K8_sq,30,21,0,2,26,123,2,1,1,0.29552665,14.622007,1.479306,0.9270149
O2_K8_sq_r30_c22.tif,O,O2,O2_K8_sq,30,22,0,2,24,116,2,1,1,0.31399706,15.535883,1.4531391,0.929126
O2_K8_sq_r30_c23.tif,O,O2,O2_K8_sq,30,23,2,2,18,151,1,1,1,1.2918737,12.783812,0.902895,0.9942275
O2_K8_sq_r30_c36.tif,O,O2,O2_K8_sq,30,36,3,0,28,67,1,0,0,3.1650903,4.474334,2.4341562,0.77520216
O2_K8_sq_r30_c37.tif,O,O2,O2_K8_sq,30,37,2,1,8,83,2,1,1,2.3549778,13.982293,0.7562254,0.9989102
O2_K8_sq_r30_c38.tif,O,O2,O2_K8_sq,30,38,0,0,16,157,1,2,2,0.25837472,2.5567622,0.8052847,1.0336028
O2_K8_sq_r30_c39.tif,O,O2,O2_K8_sq,30,39,1,0,9,136,2,2,2,0.9165319,3.0231986,0.54823333,1.0592101
O2_K8_sq_r30_c40.tif,O,O2,O2_K8_sq,30,40,4,0,16,128,0,0,0,2.7129345,2.9828894,0.93949884,0.98383677
O2_K8_sq_r30_c41.tif,O,O2,O2_K8_sq,30,41,1,0,11,114,2,2,2,1.0597401,3.4955733,0.7673464,1.0273223
O2_K8_sq_r30_c42.tif,O,O2,O2_K8_sq,30,42,0,0,9,125,1,1,1,0.3324675,3.2899516,0.5966069,1.0597807
O2_K8_sq_r30_c43.tif,O,O2,O2_K8_sq,30,43,3,0,6,123,1,0,0,2.3620079,3.339055,0.4142973,1.0584573
O2_K8_sq_r30_c44.tif,O,O2,O2_K8_sq,30,44,2,0,0,120,1,0,0,1.8232087,3.6083338,0.034439106,1.1160318
O2_K8_sq_r29_c6.tif,O,O2,O2_K8_sq,29,6,2,0,1,50,1,0,0,4.110507,8.135153,0.2329336,1.0544838
O2_K8_sq_r29_c7.tif,O,O2,O2_K8_sq,29,7,2,0,12,127,1,0,0,1.5809642,3.1289048,0.74658203,1.0239655
O2_K8_sq_r29_c8.tif,O,O2,O2_K8_sq,29,8,1,1,19,135,1,1,1,0.8585236,8.49557,1.0540982,0.9849028
O2_K8_sq_r29_c9.tif,O,O2,O2_K8_sq,29,9,2,2,31,119,0,1,1,1.4492173,14.340815,1.7246045,0.8797403
O2_K8_sq_r29_c22.tif,O,O2,O2_K8_sq,29,22,1,1,23,121,2,1,1,0.9165319,9.069595,1.3561561,0.94281334
O2_K8_sq_r29_c23.tif,O,O2,O2_K8_sq,29,23,1,1,22,87,2,1,1,1.2004136,11.878762,1.7006214,0.8892846
O2_K8_sq_r29_c24.tif,O,O2,O2_K8_sq,29,24,1,0,4,55,1,1,1,2.1878505,7.2166677,0.6199039,1.0280458
O2_K8_sq_r29_c25.tif,O,O2,O2_K8_sq,29,25,1,0,4,78,2,1,1,1.595844,5.263922,0.45216522,1.0606251
O2_K8_sq_r29_c34.tif,O,O2,O2_K8_sq,29,34,0,1,18,106,2,1,1,0.35602817,10.569293,1.2441467,0.96306825
O2_K8_sq_r29_c35.tif,O,O2,O2_K8_sq,29,35,1,0,12,94,1,2,2,1.2444655,4.104893,0.97946084,0.99567246
O2_K8_sq_r29_c36.tif,O,O2,O2_K8_sq,29,36,3,0,6,68,1,0,0,4.0064435,5.663714,0.7027322,0.9958058
O2_K8_sq_r29_c39.tif,O,O2,O2_K8_sq,29,39,2,0,15,57,1,0,0,2.974709,5.8872814,1.7418938,0.86889124
O2_K8_sq_r29_c40.tif,O,O2,O2_K8_sq,29,40,5,0,17,90,0,0,0,4.3629065,3.9248543,1.3111029,0.9117062
O2_K8_sq_r29_c41.tif,O,O2,O2_K8_sq,29,41,2,0,12,62,1,0,0,2.8984346,5.7363257,1.3687338,0.92023045
O2_K8_sq_r29_c42.tif,O,O2,O2_K8_sq,29,42,3,0,9,74,0,0,0,3.5966935,5.0844707,0.92202884,0.9722653
O2_K8_sq_r28_c7.tif,O,O2,O2_K8_sq,28,7,1,0,0,99,0,1,1,1.32987,4.386602,0.04186715,1.1202993
O2_K8_sq_r28_c8.tif,O,O2,O2_K8_sq,28,8,1,0,10,137,0,2,2,0.90431154,2.9828894,0.5978629,1.0527437
O2_K8_sq_r28_c9.tif,O,O2,O2_K8_sq,28,9,4,1,8,125,0,1,1,2.9067159,9.587859,0.51855457,1.0295012
O2_K8_sq_r28_c34.tif,O,O2,O2_K8_sq,28,34,2,0,10,132,2,0,0,1.5484787,3.0646124,0.61424273,1.0422555
O2_K8_sq_r28_c35.tif,O,O2,O2_K8_sq,28,35,2,1,6,122,1,1,1,1.6998336,10.092483,0.41741234,1.0577806
O2_K8_sq_r28_c39.tif,O,O2,O2_K8_sq,28,39,3,0,4,107,0,0,0,2.728526,3.8571844,0.33132794,1.0642941
O2_K8_sq_r28_c40.tif,O,O2,O2_K8_sq,28,40,2,0,16,146,1,2,2,1.361915,2.6953819,0.8489448,1.0135396
O2_K8_sq_r28_c41.tif,O,O2,O2_K8_sq,28,41,1,1,34,136,1,1,1,0.7795789,7.714369,1.693454,0.9009374
O2_K8_sq_r28_c42.tif,O,O2,O2_K8_sq,28,42,2,0,39,128,1,2,2,1.3220929,2.6165695,1.9728976,0.8630147
O2_K8_sq_r28_c43.tif,O,O2,O2_K8_sq,28,43,1,0,28,121,1,2,2,0.89241266,2.9436407,1.6014185,0.9180025
O2_K8_sq_r28_c44.tif,O,O2,O2_K8_sq,28,44,0,0,5,71,1,1,1,0.5796869,5.7363257,0.6022429,1.0527437
O2_K8_sq_r27_c5.tif,O,O2,O2_K8_sq,27,5,2,0,1,87,0,0,0,2.4573684,4.8634067,0.13925378,1.0922735
O2_K8_sq_r27_c6.tif,O,O2,O2_K8_sq,27,6,2,0,6,150,0,0,0,1.4129868,2.7964587,0.346974,1.0802585
O2_K8_sq_r27_c7.tif,O,O2,O2_K8_sq,27,7,4,0,17,131,1,0,0,2.6424687,2.9054117,0.9705567,0.9806549
O2_K8_sq_r27_c8.tif,O,O2,O2_K8_sq,27,8,2,0,11,86,1,0,0,2.238395,4.4300337,0.97247857,0.98357147
O2_K8_sq_r27_c9.tif,O,O2,O2_K8_sq,27,9,1,1,16,132,0,1,1,0.89241266,8.830922,0.9271371,1.0011139
O2_K8_sq_r27_c10.tif,O,O2,O2_K8_sq,27,10,2,0,26,124,0,2,2,1.4680382,2.9054117,1.4697001,0.9284528
O2_K8_sq_r27_c17.tif,O,O2,O2_K8_sq,27,17,1,1,8,124,0,1,1,0.9974025,9.869855,0.53380615,1.0513362
O2_K8_sq_r27_c38.tif,O,O2,O2_K8_sq,27,38,1,0,10,125,0,2,2,0.98294735,3.242271,0.64985096,1.0444216
O2_K8_sq_r27_c39.tif,O,O2,O2_K8_sq,27,39,3,0,24,127,1,0,0,2.0289042,2.8681629,1.341359,0.93863505
O2_K8_sq_r27_c40.tif,O,O2,O2_K8_sq,27,40,0,0,26,106,0,2,2,0.33742967,3.339055,1.6890583,0.91275877
O2_K8_sq_r27_c41.tif,O,O2,O2_K8_sq,27,41,0,2,39,124,0,1,1,0.27075198,13.396209,2.0201528,0.856178
O2_K8_sq_r27_c42.tif,O,O2,O2_K8_sq,27,42,0,0,47,104,1,2,2,0.29552665,2.9244013,2.6515863,0.7843972
O2_K8_sq_r27_c43.tif,O,O2,O2_K8_sq,27,43,0,3,32,71,1,1,1,0.41866276,29.000313,2.570178,0.7603148
O2_K8_sq_r27_c44.tif,O,O2,O2_K8_sq,27,44,0,0,44,60,1,2,2,0.42656207,4.22107,3.5855658,0.6554819
O2_K8_sq_r27_c45.tif,O,O2,O2_K8_sq,27,45,3,0,24,90,0,0,0,2.65974,3.7599447,1.7584203,0.8733992
O2_K8_sq_r26_c6.tif,O,O2,O2_K8_sq,26,6,4,0,5,125,0,0,0,2.9922075,3.2899516,0.345404,1.0597807
O2_K8_sq_r26_c7.tif,O,O2,O2_K8_sq,26,7,7,0,6,149,1,0,0,4.135571,2.7282524,0.33851123,1.046908
O2_K8_sq_r26_c8.tif,O,O2,O2_K8_sq,26,8,3,1,9,136,1,1,1,2.0960865,8.889405,0.5373413,1.0381662
O2_K8_sq_r26_c9.tif,O,O2,O2_K8_sq,26,9,5,0,9,133,2,0,0,3.3380628,3.0029087,0.54455394,1.0289782
O2_K8_sq_r26_c10.tif,O,O2,O2_K8_sq,26,10,1,1,15,134,1,1,1,0.88658,8.773204,0.86525446,1.009583
O2_K8_sq_r26_c11.tif,O,O2,O2_K8_sq,26,11,2,1,15,140,1,1,1,1.4129868,8.389377,0.82739955,1.0084805
O2_K8_sq_r26_c16.tif,O,O2,O2_K8_sq,26,16,0,5,20,72,1,1,1,0.456723,49.71482,1.76857,0.8410348
O2_K8_sq_r26_c17.tif,O,O2,O2_K8_sq,26,17,3,5,25,101,2,1,1,2.3272724,36.18947,1.6014185,0.8571135
O2_K8_sq_r26_c18.tif,O,O2,O2_K8_sq,26,18,0,0,17,109,1,2,2,0.3532467,3.4955733,1.167701,0.98246104
O2_K8_sq_r26_c19.tif,O,O2,O2_K8_sq,26,19,1,0,11,112,1,2,2,1.0765613,3.551059,0.7795265,1.0253996
O2_K8_sq_r26_c20.tif,O,O2,O2_K8_sq,26,20,2,2,10,108,1,1,1,1.8232087,18.041668,0.72322124,1.0048916
O2_K8_sq_r26_c21.tif,O,O2,O2_K8_sq,26,21,4,4,19,143,1,1,1,2.3659313,23.412212,0.96829957,0.9581525
O2_K8_sq_r26_c25.tif,O,O2,O2_K8_sq,26,25,0,1,8,114,1,1,1,0.36172464,10.738401,0.58078116,1.051978
O2_K8_sq_r26_c26.tif,O,O2,O2_K8_sq,26,26,7,0,8,131,1,0,0,4.5826597,3.0231986,0.4905246,1.0204111
O2_K8_sq_r26_c37.tif,O,O2,O2_K8_sq,26,37,1,1,6,89,1,1,1,1.370169,13.558588,0.56076604,1.038243
O2_K8_sq_r26_c38.tif,O,O2,O2_K8_sq,26,38,1,0,28,137,1,2,2,0.8074211,2.663294,1.4489024,0.93994963
O2_K8_sq_r26_c39.tif,O,O2,O2_K8_sq,26,39,2,0,20,141,1,2,2,1.370169,2.7117174,1.061142,0.9848808
O2_K8_sq_r26_c40.tif,O,O2,O2_K8_sq,26,40,2,1,25,112,0,1,1,1.5920979,9.452818,1.5337529,0.9098616
O2_K8_sq_r26_c44.tif,O,O2,O2_K8_sq,26,44,0,0,23,133,0,2,2,0.28617454,2.831857,1.2703235,0.9703655
O2_K8_sq_r26_c45.tif,O,O2,O2_K8_sq,26,45,3,0,13,117,1,0,0,2.3445113,3.3143213,0.85408986,0.9995748
O2_K8_sq_r26_c46.tif,O,O2,O2_K8_sq,26,46,1,0,6,83,2,1,1,1.474421,4.8634067,0.603433,1.042341
O2_K8_sq_r25_c6.tif,O,O2,O2_K8_sq,25,6,2,0,1,68,0,0,0,3.0969574,6.129225,0.17549792,1.0776528
O2_K8_sq_r25_c7.tif,O,O2,O2_K8_sq,25,7,4,0,4,103,0,0,0,3.6012409,3.9595876,0.3401243,1.0518967
O2_K8_sq_r25_c8.tif,O,O2,O2_K8_sq,25,8,4,1,13,154,1,1,1,2.3387368,7.714369,0.6626559,1.0197423
O2_K8_sq_r25_c9.tif,O,O2,O2_K8_sq,25,9,4,0,8,112,1,0,0,3.2296844,3.551059,0.57617176,1.0253996
O2_K8_sq_r25_c10.tif,O,O2,O2_K8_sq,25,10,0,0,7,162,0,2,2,0.26441857,2.6165695,0.37460083,1.091361
O2_K8_sq_r25_c11.tif,O,O2,O2_K8_sq,25,11,2,1,16,124,1,1,1,1.5591578,9.257242,0.9718954,0.9860809
O2_K8_sq_r25_c12.tif,O,O2,O2_K8_sq,25,12,1,1,17,102,0,1,1,1.102819,10.91301,1.2151685,0.95703965
O2_K8_sq_r25_c13.tif,O,O2,O2_K8_sq,25,13,2,0,21,89,1,2,2,1.9831394,3.9248543,1.6107835,0.9016321
O2_K8_sq_r25_c14.tif,O,O2,O2_K8_sq,25,14,5,0,12,112,0,0,0,3.796728,3.415522,0.8149712,0.98626226
O2_K8_sq_r25_c15.tif,O,O2,O2_K8_sq,25,15,3,0,19,153,1,0,0,1.7881866,2.5278723,0.94094646,0.99597013
O2_K8_sq_r25_c16.tif,O,O2,O2_K8_sq,25,16,3,0,11,118,2,0,0,2.3620079,3.339055,0.7329876,1.0156047
O2_K8_sq_r25_c17.tif,O,O2,O2_K8_sq,25,17,2,1,6,112,2,1,1,1.8380315,10.91301,0.4513483,1.0504094
O2_K8_sq_r25_c18.tif,O,O2,O2_K8_sq,25,18,1,0,5,100,1,2,2,1.2559882,4.142902,0.43495315,1.0686944
O2_K8_sq_r25_c19.tif,O,O2,O2_K8_sq,25,19,2,0,7,123,1,0,0,1.6871483,3.339055,0.4780354,1.0584573
O2_K8_sq_r25_c20.tif,O,O2,O2_K8_sq,25,20,1,0,7,113,1,2,2,1.102819,3.6376698,0.5207865,1.0597464
O2_K8_sq_r25_c23.tif,O,O2,O2_K8_sq,25,23,2,0,0,75,1,0,0,2.8617454,5.663714,0.05405632,1.0975671
O2_K8_sq_r25_c27.tif,O,O2,O2_K8_sq,25,27,1,0,7,90,0,2,2,1.3564672,4.474334,0.6405674,1.039345
O2_K8_sq_r25_c38.tif,O,O2,O2_K8_sq,25,38,1,1,19,119,1,1,1,0.95525867,9.452818,1.1728699,0.96647525
O2_K8_sq_r25_c44.tif,O,O2,O2_K8_sq,25,44,0,0,8,74,1,1,1,0.53828067,5.326588,0.86425763,1.0185636
O2_K8_sq_r25_c45.tif,O,O2,O2_K8_sq,25,45,2,0,12,75,1,0,0,2.4843724,4.9168506,1.1732004,0.9528329
O2_K8_sq_r24_c7.tif,O,O2,O2_K8_sq,24,7,4,0,7,96,0,0,0,3.7333963,4.104893,0.5876765,1.0167449
O2_K8_sq_r24_c8.tif,O,O2,O2_K8_sq,24,8,2,0,16,105,0,2,2,1.8086231,3.5794673,1.1273986,0.9692897
O2_K8_sq_r24_c9.tif,O,O2,O2_K8_sq,24,9,1,0,32,117,1,2,2,0.89241266,2.9436407,1.826179,0.8877802
O2_K8_sq_r24_c10.tif,O,O2,O2_K8_sq,24,10,0,0,23,136,1,2,2,0.2808421,2.7790895,1.2466528,0.9736838
O2_K8_sq_r24_c11.tif,O,O2,O2_K8_sq,24,11,0,0,22,123,1,2,2,0.30758896,3.0437646,1.3072804,0.9648522
O2_K8_sq_r24_c12.tif,O,O2,O2_K8_sq,24,12,0,5,14,127,0,1,1,0.30551067,33.255184,0.83677727,0.9893721
O2_K8_sq_r24_c13.tif,O,O2,O2_K8_sq,24,13,1,1,15,163,1,1,1,0.74531174,7.375276,0.72738427,1.0317098
O2_K8_sq_r24_c14.tif,O,O2,O2_K8_sq,24,14,1,0,5,146,1,2,2,0.8808229,2.9054117,0.3050321,1.0925167
O2_K8_sq_r24_c15.tif,O,O2,O2_K8_sq,24,15,0,2,7,149,1,1,1,0.28259736,13.982293,0.40035462,1.0730807
O2_K8_sq_r24_c16.tif,O,O2,O2_K8_sq,24,16,1,0,6,111,2,2,2,1.1303895,3.7286117,0.462632,1.0670992
O2_K8_sq_r24_c17.tif,O,O2,O2_K8_sq,24,17,2,0,12,117,1,0,0,1.6998336,3.364161,0.802716,1.014606
O2_K8_sq_r24_c20.tif,O,O2,O2_K8_sq,24,20,0,0,6,117,2,1,1,0.36172464,3.5794673,0.44412673,1.0795407
O2_K8_sq_r24_c36.tif,O,O2,O2_K8_sq,24,36,4,1,20,119,1,1,1,2.7872615,9.193837,1.1992358,0.9399965
O2_K8_sq_r24_c37.tif,O,O2,O2_K8_sq,24,37,1,0,8,115,0,2,2,1.0765613,3.551059,0.57617176,1.0527437
O2_K8_sq_r24_c38.tif,O,O2,O2_K8_sq,24,38,0,0,21,89,0,2,2,0.40371054,3.9949412,1.6395475,0.91773266
O2_K8_sq_r24_c44.tif,O,O2,O2_K8_sq,24,44,0,1,6,116,0,1,1,0.36172464,10.738401,0.44412673,1.0703532
O2_K8_sq_r24_c45.tif,O,O2,O2_K8_sq,24,45,3,0,6,112,0,0,0,2.5732443,3.6376698,0.4513483,1.0504094
O2_K8_sq_r23_c8.tif,O,O2,O2_K8_sq,23,8,2,0,4,93,0,0,0,2.238395,4.4300337,0.3805351,1.0631669
O2_K8_sq_r23_c9.tif,O,O2,O2_K8_sq,23,9,8,0,4,136,1,0,0,5.124432,2.9828894,0.25622696,1.0450873
O2_K8_sq_r23_c10.tif,O,O2,O2_K8_sq,23,10,2,0,2,131,1,0,0,1.6502035,3.265937,0.1558558,1.102342
O2_K8_sq_r23_c11.tif,O,O2,O2_K8_sq,23,11,0,1,7,148,1,1,1,0.28617454,8.49557,0.4054224,1.0793953
O2_K8_sq_r23_c12.tif,O,O2,O2_K8_sq,23,12,1,0,9,123,1,2,2,1.0047907,3.3143213,0.6010262,1.0506169
O2_K8_sq_r23_c13.tif,O,O2,O2_K8_sq,23,13,2,0,17,123,1,2,2,1.5699854,3.1071763,1.0379564,0.98495334
O2_K8_sq_r23_c14.tif,O,O2,O2_K8_sq,23,14,1,0,16,134,1,2,2,0.88658,2.9244013,0.9210773,1.009583
O2_K8_sq_r23_c15.tif,O,O2,O2_K8_sq,23,15,1,2,17,130,0,1,1,0.89241266,14.7182045,0.98332715,0.9860027
O2_K8_sq_r23_c16.tif,O,O2,O2_K8_sq,23,16,2,0,15,122,0,2,2,1.6033893,3.1732864,0.9388931,0.99776477
O2_K8_sq_r23_c17.tif,O,O2,O2_K8_sq,23,17,1,2,17,122,0,1,1,0.9419912,15.535883,1.0379564,0.97697794
O2_K8_sq_r23_c36.tif,O,O2,O2_K8_sq,23,36,0,1,13,134,1,1,1,0.3014372,8.948668,0.76868093,1.0297747
O2_K8_sq_r23_c37.tif,O,O2,O2_K8_sq,23,37,2,0,26,121,1,2,2,1.4972045,2.963135,1.4988993,0.924082
O2_K8_sq_r23_c43.tif,O,O2,O2_K8_sq,23,43,2,0,7,135,0,0,0,1.5484787,3.0646124,0.4387448,1.0658537
O2_K8_sq_r23_c44.tif,O,O2,O2_K8_sq,23,44,0,0,0,111,0,1,1,0.40013784,3.9595876,0.037791587,1.1332028
O2_K8_sq_r23_c45.tif,O,O2,O2_K8_sq,23,45,1,0,10,107,0,2,2,1.1303895,3.7286117,0.74732864,1.0288177
O2_K8_sq_r22_c8.tif,O,O2,O2_K8_sq,22,8,2,0,1,84,1,0,0,2.540201,5.0273414,0.14394772,1.0903801
O2_K8_sq_r22_c9.tif,O,O2,O2_K8_sq,22,9,5,0,7,123,1,0,0,3.6304479,3.265937,0.46756744,1.0352794
O2_K8_sq_r22_c10.tif,O,O2,O2_K8_sq,22,10,4,1,3,114,1,1,1,3.2817757,10.825001,0.24107374,1.0604616
O2_K8_sq_r22_c11.tif,O,O2,O2_K8_sq,22,11,0,0,5,139,1,1,1,0.30969572,3.0646124,0.3217462,1.097318
O2_K8_sq_r22_c12.tif,O,O2,O2_K8_sq,22,12,2,0,7,136,1,0,0,1.5379449,3.0437646,0.43576014,1.0664155
O2_K8_sq_r22_c13.tif,O,O2,O2_K8_sq,22,13,3,0,13,141,1,0,0,1.9906229,2.8140464,0.7251707,1.0220461
O2_K8_sq_r22_c14.tif,O,O2,O2_K8_sq,22,14,0,0,20,131,0,2,2,0.29552665,2.9244013,1.1443689,0.9870644
O2_K8_sq_r22_c15.tif,O,O2,O2_K8_sq,22,15,0,1,11,112,1,1,1,0.35885382,10.653176,0.7795265,1.0253996
O2_K8_sq_r22_c16.tif,O,O2,O2_K8_sq,22,16,0,1,16,102,2,1,1,0.37368244,11.0933895,1.1646681,0.9728585
O2_K8_sq_r22_c17.tif,O,O2,O2_K8_sq,22,17,0,1,23,121,2,1,1,0.30758896,9.131293,1.3653818,0.9492271
O2_K8_sq_r22_c37.tif,O,O2,O2_K8_sq,22,37,0,0,16,94,1,2,2,0.40371054,3.9949412,1.2582574,0.96900266
O2_K8_sq_r22_c44.tif,O,O2,O2_K8_sq,22,44,0,0,5,123,0,1,1,0.34781215,3.4417953,0.3613457,1.0910252
O2_K8_sq_r22_c45.tif,O,O2,O2_K8_sq,22,45,0,0,13,108,1,1,1,0.3676063,3.6376698,0.9374157,1.0130615
O2_K8_sq_r21_c8.tif,O,O2,O2_K8_sq,21,8,2,0,1,59,0,0,0,3.532467,6.9911466,0.20017731,1.0676974
O2_K8_sq_r21_c9.tif,O,O2,O2_K8_sq,21,9,3,0,5,111,1,0,0,2.6157773,3.6977966,0.38822266,1.0582802
O2_K8_sq_r21_c10.tif,O,O2,O2_K8_sq,21,10,3,0,6,145,1,0,0,2.0289042,2.8681629,0.35587078,1.0711482
O2_K8_sq_r21_c11.tif,O,O2,O2_K8_sq,21,11,4,0,8,159,1,0,0,2.3522553,2.5863202,0.41963953,1.0588288
O2_K8_sq_r21_c12.tif,O,O2,O2_K8_sq,21,12,1,0,12,153,0,2,2,0.8074211,2.663294,0.6354835,1.0493256
O2_K8_sq_r21_c13.tif,O,O2,O2_K8_sq,21,13,1,0,8,150,1,2,2,0.8425263,2.7790895,0.450917,1.0735488
O2_K8_sq_r21_c14.tif,O,O2,O2_K8_sq,21,14,1,0,15,141,1,2,2,0.85312414,2.8140464,0.83260334,1.0220461
O2_K8_sq_r21_c15.tif,O,O2,O2_K8_sq,21,15,0,1,8,141,1,1,1,0.2974709,8.830922,0.47761604,1.0691141
O2_K8_sq_r21_c16.tif,O,O2,O2_K8_sq,21,16,2,2,15,121,1,1,1,1.5920979,15.754698,0.9322812,0.9826506
O2_K8_sq_r21_c17.tif,O,O2,O2_K8_sq,21,17,0,5,30,106,1,1,1,0.31619284,34.417953,1.8216602,0.8553124
O2_K8_sq_r21_c18.tif,O,O2,O2_K8_sq,21,18,1,2,35,81,1,1,1,1.1210474,18.488983,2.5058007,0.77354115
O2_K8_sq_r21_c20.tif,O,O2,O2_K8_sq,21,20,1,1,18,113,0,1,1,1.0047907,9.942965,1.1704195,0.96554667
O2_K8_sq_r21_c26.tif,O,O2,O2_K8_sq,21,26,5,0,22,128,1,0,0,3.1679704,2.8498943,1.224014,0.9399714
O2_K8_sq_r21_c27.tif,O,O2,O2_K8_sq,21,27,2,0,6,102,1,0,0,2.0185525,3.9949412,0.49567714,1.0510347
O2_K8_sq_r21_c28.tif,O,O2,O2_K8_sq,21,28,2,1,8,95,1,1,1,2.0933137,12.428705,0.6722003,1.0155255
O2_K8_sq_r20_c10.tif,O,O2,O2_K8_sq,20,10,4,0,3,122,1,0,0,3.1064136,3.415522,0.22819194,1.07393
O2_K8_sq_r20_c11.tif,O,O2,O2_K8_sq,20,11,1,0,12,121,2,2,2,0.9974025,3.2899516,0.785009,1.0260029
O2_K8_sq_r20_c12.tif,O,O2,O2_K8_sq,20,12,0,0,8,126,1,1,1,0.3324675,3.2899516,0.53380615,1.0682251
O2_K8_sq_r20_c13.tif,O,O2,O2_K8_sq,20,13,0,0,14,145,1,2,2,0.2808421,2.7790895,0.76921135,1.0378827
O2_K8_sq_r20_c14.tif,O,O2,O2_K8_sq,20,14,0,0,12,132,1,2,2,0.30969572,3.0646124,0.73124135,1.0422555
O2_K8_sq_r20_c15.tif,O,O2,O2_K8_sq,20,15,2,0,10,115,1,0,0,1.7525418,3.4684758,0.6951894,1.0282612
O2_K8_sq_r20_c19.tif,O,O2,O2_K8_sq,20,19,0,3,22,79,1,1,1,0.42656207,29.54749,1.8129267,0.8613357
O2_K8_sq_r20_c20.tif,O,O2,O2_K8_sq,20,20,0,1,21,104,1,1,1,0.3532467,10.48672,1.434604,0.9375998
O2_K8_sq_r20_c21.tif,O,O2,O2_K8_sq,20,21,1,2,7,79,1,1,1,1.4906235,24.584253,0.70392025,1.003314
O2_K8_sq_r20_c22.tif,O,O2,O2_K8_sq,20,22,1,1,10,104,0,1,1,1.1495485,11.375425,0.7599952,1.0170574
O2_K8_sq_r20_c26.tif,O,O2,O2_K8_sq,20,26,3,0,10,95,1,0,0,2.8773549,4.0675764,0.81526756,0.9970613
O2_K8_sq_r20_c27.tif,O,O2,O2_K8_sq,20,27,2,0,12,114,1,0,0,1.7390608,3.4417953,0.82124025,1.0115173
O2_K8_sq_r20_c28.tif,O,O2,O2_K8_sq,20,28,3,1,16,106,1,1,1,2.4727268,10.48672,1.1009752,0.9555443
O2_K8_sq_r20_c41.tif,O,O2,O2_K8_sq,20,41,0,0,14,133,0,2,2,0.30346024,3.0029087,0.8311613,1.0289782
O2_K8_sq_r20_c42.tif,O,O2,O2_K8_sq,20,42,1,0,18,144,0,2,2,0.82210135,2.7117174,0.9576159,1.0057616
O2_K8_sq_r19_c10.tif,O,O2,O2_K8_sq,19,10,0,0,0,57,0,1,1,0.7663657,7.5836167,0.0723805,1.1192498
O2_K8_sq_r19_c11.tif,O,O2,O2_K8_sq,19,11,3,0,1,145,1,0,0,2.0960865,2.963135,0.08484337,1.1066167
O2_K8_sq_r19_c12.tif,O,O2,O2_K8_sq,19,12,0,0,8,166,1,2,2,0.2569067,2.5422354,0.41248658,1.0864575
O2_K8_sq_r19_c13.tif,O,O2,O2_K8_sq,19,13,1,1,15,157,0,1,1,0.77072006,7.6267056,0.7521814,1.0277301
O2_K8_sq_r19_c14.tif,O,O2,O2_K8_sq,19,14,1,0,19,125,1,2,2,0.92276686,3.0437646,1.1329763,0.98047733
O2_K8_sq_r19_c15.tif,O,O2,O2_K8_sq,19,15,1,0,10,119,1,2,2,1.0276268,3.389647,0.67938966,1.039693
O2_K8_sq_r19_c19.tif,O,O2,O2_K8_sq,19,19,1,10,26,52,0,1,1,1.4906235,103.25386,2.4871848,0.6625659
O2_K8_sq_r19_c20.tif,O,O2,O2_K8_sq,19,20,0,0,18,58,1,1,1,0.5796869,5.7363257,2.025726,0.8613357
O2_K8_sq_r19_c21.tif,O,O2,O2_K8_sq,19,21,2,2,40,84,2,1,1,1.7390608,17.208977,2.6608183,0.7464909
O2_K8_sq_r19_c22.tif,O,O2,O2_K8_sq,19,22,1,0,13,110,1,2,2,1.0765613,3.551059,0.9150963,1.0071703
O2_K8_sq_r19_c41.tif,O,O2,O2_K8_sq,19,41,0,1,10,142,0,1,1,0.2917134,8.660001,0.57857704,1.0558308
O2_K8_sq_r19_c42.tif,O,O2,O2_K8_sq,19,42,0,0,14,137,0,2,2,0.29552665,2.9244013,0.8094316,1.0321015
O2_K8_sq_r19_c45.tif,O,O2,O2_K8_sq,19,45,1,0,7,71,1,1,1,1.674651,5.523869,0.79082394,1.0137532
O2_K8_sq_r18_c11.tif,O,O2,O2_K8_sq,18,11,1,0,2,99,0,1,1,1.3042955,4.302244,0.20531006,1.0987551
O2_K8_sq_r18_c12.tif,O,O2,O2_K8_sq,18,12,1,0,4,107,2,2,2,1.1898836,3.9248543,0.3371407,1.0829659
O2_K8_sq_r18_c13.tif,O,O2,O2_K8_sq,18,13,1,0,8,121,1,2,2,1.0276268,3.389647,0.5499821,1.0570939
O2_K8_sq_r18_c14.tif,O,O2,O2_K8_sq,18,14,0,0,22,136,1,2,2,0.28259736,2.7964587,1.2010639,0.97976935
O2_K8_sq_r18_c15.tif,O,O2,O2_K8_sq,18,15,0,0,17,150,2,2,2,0.2675478,2.6475348,0.8844125,1.02273
O2_K8_sq_r18_c16.tif,O,O2,O2_K8_sq,18,16,0,0,23,137,1,2,2,0.2791085,2.7619345,1.2389575,0.9747626
O2_K8_sq_r18_c18.tif,O,O2,O2_K8_sq,18,18,0,9,29,60,1,1,1,0.45215577,85.012344,2.5195649,0.6948108
O2_K8_sq_r18_c19.tif,O,O2,O2_K8_sq,18,19,0,7,31,69,1,1,1,0.4148218,61.573406,2.4682415,0.732267
O2_K8_sq_r18_c20.tif,O,O2,O2_K8_sq,18,20,4,3,21,115,1,1,1,2.8064842,21.600233,1.2664092,0.9147979
O2_K8_sq_r18_c21.tif,O,O2,O2_K8_sq,18,21,1,1,28,128,2,1,1,0.8477921,8.389377,1.5213475,0.922347
O2_K8_sq_r18_c22.tif,O,O2,O2_K8_sq,18,22,0,0,33,161,1,2,2,0.23069172,2.2828233,1.4597964,0.9462974
O2_K8_sq_r18_c23.tif,O,O2,O2_K8_sq,18,23,2,0,20,125,1,2,2,1.5173012,3.0029087,1.1750901,0.96731657
O2_K8_sq_r18_c24.tif,O,O2,O2_K8_sq,18,24,2,0,12,110,0,0,0,1.794269,3.551059,0.8473114,1.0071703
O2_K8_sq_r18_c40.tif,O,O2,O2_K8_sq,18,40,2,0,36,123,1,2,2,1.3869809,2.74499,1.9125326,0.8701428
O2_K8_sq_r18_c41.tif,O,O2,O2_K8_sq,18,41,0,0,13,111,0,2,2,0.35885382,3.551059,0.9150963,1.016285
O2_K8_sq_r18_c42.tif,O,O2,O2_K8_sq,18,42,2,0,7,107,0,0,0,1.9159143,3.7918084,0.5428537,1.0462552
O2_K8_sq_r18_c43.tif,O,O2,O2_K8_sq,18,43,0,0,8,164,0,2,2,0.25985965,2.5714562,0.4172278,1.085745
O2_K8_sq_r18_c44.tif,O,O2,O2_K8_sq,18,44,0,0,7,136,1,1,1,0.31183156,3.0857475,0.44177064,1.0811248
O2_K8_sq_r18_c45.tif,O,O2,O2_K8_sq,18,45,1,0,5,67,0,1,1,1.8086231,5.965779,0.6263325,1.0336028
O2_K8_sq_r17_c12.tif,O,O2,O2_K8_sq,17,12,0,0,1,82,1,1,1,0.531948,5.263922,0.15072174,1.1146697
O2_K8_sq_r17_c13.tif,O,O2,O2_K8_sq,17,13,8,0,2,108,0,0,0,6.40554,3.7286117,0.17793539,1.038388
O2_K8_sq_r17_c14.tif,O,O2,O2_K8_sq,17,14,2,0,7,165,1,0,0,1.2845335,2.5422354,0.36395875,1.0799323
O2_K8_sq_r17_c15.tif,O,O2,O2_K8_sq,17,15,0,0,14,138,1,2,2,0.29360765,2.9054117,0.8041755,1.0328571
O2_K8_sq_r17_c16.tif,O,O2,O2_K8_sq,17,16,0,1,7,134,2,1,1,0.31399706,9.321529,0.44483846,1.0726819
O2_K8_sq_r17_c17.tif,O,O2,O2_K8_sq,17,17,0,0,8,119,1,1,1,0.35050836,3.4684758,0.5627724,1.063872
O2_K8_sq_r17_c18.tif,O,O2,O2_K8_sq,17,18,1,1,16,131,0,1,1,0.89832276,8.889405,0.933277,1.0001382
O2_K8_sq_r17_c19.tif,O,O2,O2_K8_sq,17,19,0,1,16,134,1,1,1,0.29552665,8.773204,0.9210773,1.009583
O2_K8_sq_r17_c20.tif,O,O2,O2_K8_sq,17,20,1,2,18,110,1,1,1,1.0199002,16.820803,1.1880198,0.95416135
O2_K8_sq_r17_c21.tif,O,O2,O2_K8_sq,17,21,1,1,14,124,1,1,1,0.95525867,9.452818,0.872134,1.0069135
O2_K8_sq_r17_c22.tif,O,O2,O2_K8_sq,17,22,1,0,17,128,1,2,2,0.9165319,3.0231986,1.0099036,0.9971318
O2_K8_sq_r17_c23.tif,O,O2,O2_K8_sq,17,23,1,0,9,68,2,2,2,1.6955842,5.5929174,1.0142317,0.9833582
O2_K8_sq_r17_c39.tif,O,O2,O2_K8_sq,17,39,0,1,15,118,0,1,1,0.3324675,9.869855,0.9734112,1.0006694
O2_K8_sq_r17_c40.tif,O,O2,O2_K8_sq,17,40,3,0,8,92,2,0,0,3.0143719,4.2612705,0.69140613,1.0117276
O2_K8_sq_r17_c41.tif,O,O2,O2_K8_sq,17,41,1,0,9,119,0,2,2,1.0354713,3.415522,0.61937815,1.0476297
O2_K8_sq_r17_c42.tif,O,O2,O2_K8_sq,17,42,2,0,14,129,0,0,0,1.5379449,3.0437646,0.84246963,1.0117276
O2_K8_sq_r17_c43.tif,O,O2,O2_K8_sq,17,43,3,0,4,131,0,0,0,2.260779,3.195953,0.2745289,1.0787203
O2_K8_sq_r17_c44.tif,O,O2,O2_K8_sq,17,44,2,0,1,112,0,0,0,1.9322897,3.8242173,0.1094987,1.1042765
O2_K8_sq_r16_c13.tif,O,O2,O2_K8_sq,16,13,3,0,0,63,1,0,0,4.654545,6.579903,0.06280073,1.0724474
O2_K8_sq_r16_c14.tif,O,O2,O2_K8_sq,16,14,4,0,0,68,1,0,0,5.4991918,6.046397,0.057708777,1.06309
O2_K8_sq_r16_c15.tif,O,O2,O2_K8_sq,16,15,0,0,3,120,1,1,1,0.36172464,3.5794673,0.23914517,1.1071035
O2_K8_sq_r16_c16.tif,O,O2,O2_K8_sq,16,16,3,0,5,138,1,0,0,2.1385746,3.0231986,0.31739825,1.0747297
O2_K8_sq_r16_c17.tif,O,O2,O2_K8_sq,16,17,2,1,15,132,1,1,1,1.4873545,8.830922,0.8709469,1.0011139
O2_K8_sq_r16_c18.tif,O,O2,O2_K8_sq,16,18,6,0,3,79,1,0,0,6.5311394,4.9714823,0.33214608,1.014462
O2_K8_sq_r16_c20.tif,O,O2,O2_K8_sq,16,20,2,0,17,127,0,2,2,1.5275532,3.0231986,1.0099036,0.9893721
O2_K8_sq_r16_c21.tif,O,O2,O2_K8_sq,16,21,2,0,10,178,1,0,0,1.1774889,2.3303823,0.46708038,1.0676974
O2_K8_sq_r16_c22.tif,O,O2,O2_K8_sq,16,22,1,0,18,137,2,2,2,0.8585236,2.831857,1.000042,0.99944013
O2_K8_sq_r16_c23.tif,O,O2,O2_K8_sq,16,23,0,1,21,123,2,1,1,0.30758896,9.131293,1.249179,0.9648522
O2_K8_sq_r16_c38.tif,O,O2,O2_K8_sq,16,38,1,0,19,122,1,2,2,0.9419912,3.1071763,1.1565801,0.97697794
O2_K8_sq_r16_c39.tif,O,O2,O2_K8_sq,16,39,0,0,5,114,0,1,1,0.37368244,3.6977966,0.38822266,1.0867542
O2_K8_sq_r16_c40.tif,O,O2,O2_K8_sq,16,40,2,0,5,91,1,0,0,2.260779,4.474334,0.46974942,1.0508295
O2_K8_sq_r16_c41.tif,O,O2,O2_K8_sq,16,41,0,0,2,107,0,1,1,0.40734756,4.0309315,0.19236258,1.1122353
O2_K8_sq_r16_c42.tif,O,O2,O2_K8_sq,16,42,2,0,3,111,1,0,0,1.9159143,3.7918084,0.25333172,1.0851856
O2_K8_sq_r16_c43.tif,O,O2,O2_K8_sq,16,43,3,0,4,135,0,0,0,2.1979795,3.1071763,0.26690307,1.0806572
O2_K8_sq_r15_c15.tif,O,O2,O2_K8_sq,15,15,3,0,0,69,0,0,0,4.277149,6.046397,0.057708777,1.0786096
O2_K8_sq_r15_c17.tif,O,O2,O2_K8_sq,15,17,2,0,3,76,1,0,0,2.72383,5.3907638,0.36015835,1.058509
O2_K8_sq_r15_c20.tif,O,O2,O2_K8_sq,15,20,2,0,7,109,2,0,0,1.8839824,3.7286117,0.53380615,1.0479585
O2_K8_sq_r15_c21.tif,O,O2,O2_K8_sq,15,21,0,1,11,144,1,1,1,0.28617454,8.49557,0.6216477,1.0503207
O2_K8_sq_r15_c22.tif,O,O2,O2_K8_sq,15,22,2,0,12,111,2,0,0,1.7801409,3.5230975,0.8406396,1.0082828
O2_K8_sq_r15_c37.tif,O,O2,O2_K8_sq,15,37,0,0,14,138,0,2,2,0.29360765,2.9054117,0.8041755,1.0328571
O2_K8_sq_r15_c38.tif,O,O2,O2_K8_sq,15,38,0,0,14,130,2,2,2,0.30969572,3.0646124,0.84823996,1.0265234
O2_K8_sq_r15_c39.tif,O,O2,O2_K8_sq,15,39,0,0,9,73,1,1,1,0.53828067,5.326588,0.965935,1.0048916
O2_K8_sq_r15_c40.tif,O,O2,O2_K8_sq,15,40,0,0,4,111,1,1,1,0.38645795,3.8242173,0.3284961,1.0944607
O2_K8_sq_r15_c41.tif,O,O2,O2_K8_sq,15,41,2,0,1,104,0,0,0,2.074109,4.104893,0.11753531,1.1010346
O2_K8_sq_r15_c42.tif,O,O2,O2_K8_sq,15,42,3,0,1,72,1,0,0,4.0578084,5.7363257,0.16424805,1.0674673
O2_K8_sq_r15_c43.tif,O,O2,O2_K8_sq,15,43,1,0,1,58,1,1,1,2.1878505,7.2166677,0.20663464,1.0836159
O2_K8_sq_r14_c20.tif,O,O2,O2_K8_sq,14,20,5,0,0,113,0,0,0,4.1447616,3.7286117,0.03558708,1.08624
O2_K8_sq_r14_c21.tif,O,O2,O2_K8_sq,14,21,1,0,4,126,2,2,2,1.0199002,3.364161,0.28897777,1.0923204
O2_K8_sq_r14_c22.tif,O,O2,O2_K8_sq,14,22,1,0,12,118,1,2,2,1.0199002,3.364161,0.802716,1.0232409
O2_K8_sq_r14_c23.tif,O,O2,O2_K8_sq,14,23,2,0,9,126,1,0,0,1.6264597,3.2189453,0.58373046,1.04517
O2_K8_sq_r14_c24.tif,O,O2,O2_K8_sq,14,24,0,0,9,158,2,2,2,0.2675478,2.6475348,0.4801097,1.0770943
O2_K8_sq_r14_c25.tif,O,O2,O2_K8_sq,14,25,0,0,13,138,2,2,2,0.29552665,2.9244013,0.7536087,1.0396078
O2_K8_sq_r14_c36.tif,O,O2,O2_K8_sq,14,36,1,0,27,160,2,2,2,0.71393013,2.3549128,1.2361827,0.9701359
O2_K8_sq_r14_c37.tif,O,O2,O2_K8_sq,14,37,0,0,11,130,1,2,2,0.31619284,3.1289048,0.68685544,1.0480587
O2_K8_sq_r14_c38.tif,O,O2,O2_K8_sq,14,38,3,0,10,141,2,0,0,2.0289042,2.8681629,0.5748682,1.0417008
O2_K8_sq_r14_c39.tif,O,O2,O2_K8_sq,14,39,0,0,10,122,1,1,1,0.33742967,3.339055,0.66924953,1.0498868
O2_K8_sq_r14_c40.tif,O,O2,O2_K8_sq,14,40,2,0,5,138,1,0,0,1.5379449,3.0437646,0.31955743,1.0820408
O2_K8_sq_r14_c41.tif,O,O2,O2_K8_sq,14,41,3,0,4,127,0,0,0,2.3272724,3.2899516,0.28260326,1.0766696
O2_K8_sq_r13_c20.tif,O,O2,O2_K8_sq,13,20,4,0,1,70,0,0,0,5.2849374,5.8108234,0.16638114,1.0515008
O2_K8_sq_r13_c21.tif,O,O2,O2_K8_sq,13,21,4,0,2,119,0,0,0,3.2042537,3.5230975,0.16812792,1.0806259
O2_K8_sq_r13_c22.tif,O,O2,O2_K8_sq,13,22,0,0,3,86,1,1,1,0.49687448,4.9168506,0.3284961,1.0916562
O2_K8_sq_r13_c23.tif,O,O2,O2_K8_sq,13,23,2,0,4,102,1,0,0,2.0552535,4.0675764,0.34940037,1.0701443
O2_K8_sq_r13_c24.tif,O,O2,O2_K8_sq,13,24,2,0,11,130,1,0,0,1.5591578,3.0857475,0.6773816,1.0336028
O2_K8_sq_r13_c26.tif,O,O2,O2_K8_sq,13,26,1,1,14,147,2,1,1,0.82210135,8.135153,0.7505638,1.0266426
O2_K8_sq_r13_c27.tif,O,O2,O2_K8_sq,13,27,0,0,23,160,1,2,2,0.24440853,2.4185588,1.0849249,0.99635583
O2_K8_sq_r13_c28.tif,O,O2,O2_K8_sq,13,28,1,0,20,142,2,2,2,0.82210135,2.7117174,1.061142,0.99184114
O2_K8_sq_r13_c29.tif,O,O2,O2_K8_sq,13,29,0,0,13,137,2,2,2,0.2974709,2.9436407,0.7585666,1.0388918
O2_K8_sq_r13_c30.tif,O,O2,O2_K8_sq,13,30,4,1,18,147,2,1,1,2.3659313,7.8040714,0.9186432,0.98486054
O2_K8_sq_r13_c31.tif,O,O2,O2_K8_sq,13,31,4,1,19,128,2,1,1,2.6424687,8.716235,1.0814774,0.95828253
O2_K8_sq_r13_c32.tif,O,O2,O2_K8_sq,13,32,2,0,18,133,2,2,2,1.458567,2.886667,1.0193976,0.9891468
O2_K8_sq_r13_c33.tif,O,O2,O2_K8_sq,13,33,1,0,27,125,2,2,2,0.8751402,2.886667,1.5153207,0.9298721
O2_K8_sq_r13_c37.tif,O,O2,O2_K8_sq,13,37,1,0,14,151,1,2,2,0.8074211,2.663294,0.73716086,1.0356536
O2_K8_sq_r13_c38.tif,O,O2,O2_K8_sq,13,38,0,0,13,131,1,2,2,0.30969572,3.0646124,0.7897406,1.0343895
O2_K8_sq_r13_c39.tif,O,O2,O2_K8_sq,13,39,0,0,7,143,1,1,1,0.2974709,2.9436407,0.42142594,1.0842252
O2_K8_sq_r13_c40.tif,O,O2,O2_K8_sq,13,40,2,0,2,120,0,0,0,1.794269,3.551059,0.16946228,1.0983169
O2_K8_sq_r13_c41.tif,O,O2,O2_K8_sq,13,41,3,0,3,95,0,0,0,3.0729032,4.3440137,0.2902247,1.0648228
O2_K8_sq_r12_c23.tif,O,O2,O2_K8_sq,12,23,3,0,2,66,0,0,0,4.33574,6.129225,0.29249653,1.0461886
O2_K8_sq_r12_c24.tif,O,O2,O2_K8_sq,12,24,3,0,4,121,0,0,0,2.434685,3.4417953,0.29564652,1.0733567
O2_K8_sq_r12_c25.tif,O,O2,O2_K8_sq,12,25,1,0,5,77,1,1,1,1.595844,5.263922,0.5526464,1.0471139
O2_K8_sq_r12_c26.tif,O,O2,O2_K8_sq,12,26,5,0,5,123,1,0,0,3.6842322,3.3143213,0.34796253,1.0506169
O2_K8_sq_r12_c27.tif,O,O2,O2_K8_sq,12,27,1,0,9,123,1,2,2,1.0047907,3.3143213,0.6010262,1.0506169
O2_K8_sq_r12_c28.tif,O,O2,O2_K8_sq,12,28,1,0,11,153,1,2,2,0.8122559,2.679242,0.58814573,1.055609
O2_K8_sq_r12_c29.tif,O,O2,O2_K8_sq,12,29,1,0,15,135,2,2,2,0.88658,2.9244013,0.86525446,1.0170891
O2_K8_sq_r12_c30.tif,O,O2,O2_K8_sq,12,30,2,0,8,139,2,0,0,1.4972045,2.963135,0.48077905,1.0609831
O2_K8_sq_r12_c31.tif,O,O2,O2_K8_sq,12,31,1,0,7,83,2,2,2,1.458567,4.811112,0.68878216,1.031133
O2_K8_sq_r12_c33.tif,O,O2,O2_K8_sq,12,33,1,0,16,107,2,2,2,1.0765613,3.551059,1.1184511,0.97982633
O2_K8_sq_r12_c34.tif,O,O2,O2_K8_sq,12,34,1,0,22,135,2,2,2,0.8477921,2.7964587,1.2010639,0.9725916
O2_K8_sq_r12_c37.tif,O,O2,O2_K8_sq,12,37,0,1,22,137,1,1,1,0.2791085,8.285804,1.186236,0.9747626
O2_K8_sq_r12_c38.tif,O,O2,O2_K8_sq,12,38,4,0,10,114,0,0,0,3.1303093,3.4417953,0.6898418,1.0115173
O2_K8_sq_r12_c39.tif,O,O2,O2_K8_sq,12,39,7,0,4,122,0,0,0,5.023953,3.3143213,0.28469664,1.0421098
O2_K8_sq_r11_c28.tif,O,O2,O2_K8_sq,11,28,2,0,3,44,1,0,0,4.4329,8.773204,0.58614016,1.0020767
O2_K8_sq_r11_c29.tif,O,O2,O2_K8_sq,11,29,5,0,1,68,2,0,0,6.5443597,5.8872814,0.16857035,1.0351139
O2_K8_sq_r11_c31.tif,O,O2,O2_K8_sq,11,31,4,0,3,83,0,0,0,4.423263,4.8634067,0.32492548,1.042341
O2_K8_sq_r11_c32.tif,O,O2,O2_K8_sq,11,32,2,0,5,101,2,0,0,2.0552535,4.0675764,0.42704493,1.059704
O2_K8_sq_r11_c33.tif,O,O2,O2_K8_sq,11,33,1,0,16,119,1,2,2,0.98294735,3.242271,1.0211945,0.994489
O2_K8_sq_r11_c34.tif,O,O2,O2_K8_sq,11,34,1,2,23,119,2,1,1,0.92276686,15.218823,1.3653818,0.9336019
O2_K8_sq_r11_c35.tif,O,O2,O2_K8_sq,11,35,0,0,18,121,2,2,2,0.32067785,3.1732864,1.1206144,0.98961973
O2_K8_sq_r11_c36.tif,O,O2,O2_K8_sq,11,36,0,2,16,121,2,1,1,0.32067785,15.866433,0.9994669,0.98961973
O2_K8_sq_r11_c37.tif,O,O2,O2_K8_sq,11,37,1,0,24,125,1,2,2,0.89241266,2.9436407,1.376658,0.94822484
O2_K8_sq_r11_c38.tif,O,O2,O2_K8_sq,11,38,2,0,19,137,2,2,2,1.4129868,2.7964587,1.040922,0.9869471
O2_K8_sq_r11_c39.tif,O,O2,O2_K8_sq,11,39,2,0,7,115,0,0,0,1.794269,3.551059,0.50838685,1.0527437
O2_K8_sq_r10_c33.tif,O,O2,O2_K8_sq,10,33,7,0,3,61,0,0,0,9.290873,6.129225,0.40949515,0.96752775
O2_K8_sq_r10_c34.tif,O,O2,O2_K8_sq,10,34,3,0,6,94,1,0,0,3.0143719,4.2612705,0.5287223,1.0336028
O2_K8_sq_r10_c35.tif,O,O2,O2_K8_sq,10,35,3,0,9,119,1,0,0,2.3797672,3.364161,0.6100642,1.0318758
O2_K8_sq_r10_c36.tif,O,O2,O2_K8_sq,10,36,1,0,11,154,2,2,2,0.8074211,2.663294,0.58464485,1.0561616
O2_K8_sq_r10_c37.tif,O,O2,O2_K8_sq,10,37,5,0,9,116,0,0,0,3.7679648,3.389647,0.6146859,1.013592
O2_K8_sq_r10_c38.tif,O,O2,O2_K8_sq,10,38,2,0,13,122,1,0,0,1.6264597,3.2189453,0.82951176,1.0121211
O2_K8_sq_r10_c39.tif,O,O2,O2_K8_sq,10,39,4,0,13,107,0,0,0,3.2296844,3.551059,0.9150963,0.97982633
O3_K8_sq_r39_c14.tif,O,O3,O3_K8_sq,39,14,3,0,3,51,0,0,0,5.36456,7.5836167,0.50666344,1.0024585
O3_K8_sq_r39_c15.tif,O,O3,O3_K8_sq,39,15,1,0,5,86,0,1,1,1.4430504,4.7599297,0.49973345,1.0568161
O3_K8_sq_r39_c16.tif,O,O3,O3_K8_sq,39,16,0,0,6,73,0,1,1,0.558217,5.523869,0.68538076,1.0421098
O3_K8_sq_r39_c18.tif,O,O3,O3_K8_sq,39,18,4,0,7,68,1,0,0,5.023953,5.523869,0.79082394,0.971218
O3_K8_sq_r39_c19.tif,O,O3,O3_K8_sq,39,19,0,0,15,70,1,1,1,0.5197193,5.1429124,1.5216544,0.93063855
O3_K8_sq_r39_c20.tif,O,O3,O3_K8_sq,39,20,1,0,11,81,1,2,2,1.4278603,4.7098255,1.0338982,0.98524714
O3_K8_sq_r39_c21.tif,O,O3,O3_K8_sq,39,21,4,0,15,68,1,0,0,4.5723615,5.0273414,1.4874599,0.8839175
O3_K8_sq_r39_c22.tif,O,O3,O3_K8_sq,39,22,6,0,16,60,1,0,0,6.997649,5.326588,1.6776764,0.8271557
O3_K8_sq_r39_c38.tif,O,O3,O3_K8_sq,39,38,2,0,0,56,1,0,0,3.7679648,7.4572234,0.07117416,1.0814548
O3_K8_sq_r39_c39.tif,O,O3,O3_K8_sq,39,39,0,0,5,87,1,1,1,0.48101676,4.7599297,0.49973345,1.0690336
O3_K8_sq_r38_c11.tif,O,O3,O3_K8_sq,38,11,6,0,4,86,0,0,0,5.9979844,4.5656466,0.39218414,1.0136808
O3_K8_sq_r38_c12.tif,O,O3,O3_K8_sq,38,12,7,0,6,81,1,0,0,7.064934,4.6607647,0.57829005,0.9749841
O3_K8_sq_r38_c13.tif,O,O3,O3_K8_sq,38,13,3,0,2,99,0,0,0,2.9859345,4.22107,0.2014363,1.0780239
O3_K8_sq_r38_c14.tif,O,O3,O3_K8_sq,38,14,1,0,8,108,2,2,2,1.1398885,3.7599447,0.6100642,1.0471139
O3_K8_sq_r38_c15.tif,O,O3,O3_K8_sq,38,15,0,0,6,123,2,1,1,0.3451571,3.415522,0.42378506,1.0826968
O3_K8_sq_r38_c16.tif,O,O3,O3_K8_sq,38,16,1,0,11,114,2,2,2,1.0597401,3.4955733,0.7673464,1.0273223
O3_K8_sq_r38_c17.tif,O,O3,O3_K8_sq,38,17,0,0,0,87,1,1,1,0.5080402,5.0273414,0.047982577,1.1290917
O3_K8_sq_r38_c18.tif,O,O3,O3_K8_sq,38,18,2,0,10,103,2,0,0,1.9322897,3.8242173,0.76649094,1.0159343
O3_K8_sq_r38_c19.tif,O,O3,O3_K8_sq,38,19,1,0,7,117,2,2,2,1.0680845,3.5230975,0.5043838,1.06254
O3_K8_sq_r38_c20.tif,O,O3,O3_K8_sq,38,20,0,0,7,133,2,1,1,0.31841955,3.1509392,0.4511038,1.0797025
O3_K8_sq_r38_c21.tif,O,O3,O3_K8_sq,38,21,0,0,4,93,2,1,1,0.456723,4.5195293,0.38822266,1.0846449
O3_K8_sq_r38_c22.tif,O,O3,O3_K8_sq,38,22,2,0,7,101,1,0,0,2.0185525,3.9949412,0.5719352,1.0407807
O3_K8_sq_r38_c23.tif,O,O3,O3_K8_sq,38,23,1,0,2,67,2,1,1,1.8839824,6.2143526,0.296559,1.0766696
O3_K8_sq_r38_c24.tif,O,O3,O3_K8_sq,38,24,3,0,8,92,1,0,0,3.0143719,4.2612705,0.69140613,1.0117276
O3_K8_sq_r38_c25.tif,O,O3,O3_K8_sq,38,25,2,0,8,85,2,0,0,2.3307,4.6127152,0.74842924,1.0122914
O3_K8_sq_r38_c26.tif,O,O3,O3_K8_sq,38,26,2,0,11,81,2,0,0,2.3549778,4.6607647,1.0231285,0.9749841
O3_K8_sq_r38_c27.tif,O,O3,O3_K8_sq,38,27,0,0,9,109,2,1,1,0.37679648,3.7286117,0.6761545,1.0479585
O3_K8_sq_r38_c28.tif,O,O3,O3_K8_sq,38,28,2,0,5,63,2,0,0,3.1399708,6.2143526,0.65242976,1.012867
O3_K8_sq_r38_c29.tif,O,O3,O3_K8_sq,38,29,2,0,4,66,2,0,0,3.0551064,6.046397,0.51937896,1.0320508
O3_K8_sq_r38_c30.tif,O,O3,O3_K8_sq,38,30,1,0,6,91,2,2,2,1.3564672,4.474334,0.5551584,1.0508295
O3_K8_sq_r38_c31.tif,O,O3,O3_K8_sq,38,31,0,0,4,60,1,1,1,0.6850845,6.779294,0.58233404,1.0527437
O3_K8_sq_r38_c36.tif,O,O3,O3_K8_sq,38,36,1,0,4,75,2,1,1,1.6542283,5.456505,0.46870786,1.0574121
O3_K8_sq_r38_c37.tif,O,O3,O3_K8_sq,38,37,0,0,14,109,2,2,2,0.36172464,3.5794673,0.99074423,1.0060401
O3_K8_sq_r38_c38.tif,O,O3,O3_K8_sq,38,38,1,0,7,125,1,2,2,1.0047907,3.3143213,0.47449437,1.0676309
O3_K8_sq_r38_c39.tif,O,O3,O3_K8_sq,38,39,0,0,13,128,2,2,2,0.31619284,3.1289048,0.80630857,1.0319966
O3_K8_sq_r38_c40.tif,O,O3,O3_K8_sq,38,40,0,0,4,107,0,1,1,0.40013784,3.9595876,0.3401243,1.0925497
O3_K8_sq_r37_c10.tif,O,O3,O3_K8_sq,37,10,4,0,2,99,1,0,0,3.8031795,4.1816206,0.19955371,1.0679489
O3_K8_sq_r37_c11.tif,O,O3,O3_K8_sq,37,11,0,0,12,113,2,1,1,0.35602817,3.5230975,0.8406396,1.0263685
O3_K8_sq_r37_c12.tif,O,O3,O3_K8_sq,37,12,4,0,3,116,1,0,0,3.2555215,3.5794673,0.23914517,1.0703532
O3_K8_sq_r37_c13.tif,O,O3,O3_K8_sq,37,13,0,0,9,128,2,1,1,0.32529193,3.2189453,0.58373046,1.0616944
O3_K8_sq_r37_c14.tif,O,O3,O3_K8_sq,37,14,0,0,18,145,2,2,2,0.27403378,2.7117174,0.9576159,1.0127219
O3_K8_sq_r37_c15.tif,O,O3,O3_K8_sq,37,15,0,1,15,136,2,1,1,0.29360765,8.716235,0.8596359,1.0179422
O3_K8_sq_r37_c16.tif,O,O3,O3_K8_sq,37,16,2,0,18,137,2,2,2,1.4218736,2.8140464,0.99375236,0.99315435
O3_K8_sq_r37_c17.tif,O,O3,O3_K8_sq,37,17,2,0,21,114,1,2,2,1.6264597,3.2189453,1.3210742,0.9460234
O3_K8_sq_r37_c18.tif,O,O3,O3_K8_sq,37,18,1,0,17,114,1,2,2,1.012289,3.339055,1.1154158,0.9813227
O3_K8_sq_r37_c19.tif,O,O3,O3_K8_sq,37,19,1,0,12,108,2,2,2,1.102819,3.6376698,0.8679775,1.0130615
O3_K8_sq_r37_c20.tif,O,O3,O3_K8_sq,37,20,0,0,18,138,2,2,2,0.28617454,2.831857,1.000042,1.0067087
O3_K8_sq_r37_c21.tif,O,O3,O3_K8_sq,37,21,0,0,12,124,2,2,2,0.32764912,3.242271,0.7736321,1.0360994
O3_K8_sq_r37_c22.tif,O,O3,O3_K8_sq,37,22,0,0,8,112,2,1,1,0.37061948,3.6674867,0.5950626,1.0590192
O3_K8_sq_r37_c23.tif,O,O3,O3_K8_sq,37,23,0,0,2,95,1,1,1,0.456723,4.5195293,0.21567926,1.1078459
O3_K8_sq_r37_c24.tif,O,O3,O3_K8_sq,37,24,0,0,3,71,2,1,1,0.5949418,5.8872814,0.39333084,1.0804474
O3_K8_sq_r37_c25.tif,O,O3,O3_K8_sq,37,25,1,0,1,52,1,1,1,2.4222631,7.9898825,0.22877407,1.0766696
O3_K8_sq_r37_c26.tif,O,O3,O3_K8_sq,37,26,2,0,3,83,1,0,0,2.5119765,4.9714823,0.33214608,1.0655042
O3_K8_sq_r37_c27.tif,O,O3,O3_K8_sq,37,27,2,0,3,111,2,0,0,1.9159143,3.7918084,0.25333172,1.0851856
O3_K8_sq_r37_c28.tif,O,O3,O3_K8_sq,37,28,0,0,1,83,2,1,1,0.5257625,5.202714,0.14896917,1.1150625
O3_K8_sq_r37_c29.tif,O,O3,O3_K8_sq,37,29,0,0,6,114,2,1,1,0.37061948,3.6674867,0.45504788,1.0778463
O3_K8_sq_r37_c30.tif,O,O3,O3_K8_sq,37,30,0,0,4,99,2,1,1,0.43062457,4.2612705,0.36603853,1.0882908
O3_K8_sq_r37_c31.tif,O,O3,O3_K8_sq,37,31,0,0,2,103,2,1,1,0.42257547,4.1816206,0.19955371,1.1108816
O3_K8_sq_r37_c32.tif,O,O3,O3_K8_sq,37,32,2,0,8,108,2,0,0,1.8839824,3.7286117,0.6049803,1.038388
O3_K8_sq_r37_c33.tif,O,O3,O3_K8_sq,37,33,0,0,4,70,1,1,1,0.5949418,5.8872814,0.50571114,1.0653362
O3_K8_sq_r37_c34.tif,O,O3,O3_K8_sq,37,34,1,0,0,111,1,1,1,1.1898836,3.9248543,0.03746008,1.1232624
O3_K8_sq_r37_c35.tif,O,O3,O3_K8_sq,37,35,0,0,8,129,2,1,1,0.32529193,3.2189453,0.52228516,1.0699565
O3_K8_sq_r37_c36.tif,O,O3,O3_K8_sq,37,36,1,0,4,86,2,1,1,1.458567,4.811112,0.41326928,1.0681797
O3_K8_sq_r37_c37.tif,O,O3,O3_K8_sq,37,37,1,0,7,122,2,2,2,1.0276268,3.389647,0.48527834,1.0657942
O3_K8_sq_r37_c38.tif,O,O3,O3_K8_sq,37,38,0,0,7,105,1,1,1,0.39662787,3.9248543,0.5619013,1.0628177
O3_K8_sq_r37_c39.tif,O,O3,O3_K8_sq,37,39,3,0,2,69,1,0,0,4.1645927,5.8872814,0.28095064,1.0502251
O3_K8_sq_r37_c42.tif,O,O3,O3_K8_sq,37,42,1,0,0,69,0,1,1,1.8839824,6.2143526,0.059311796,1.1085709
O3_K8_sq_r37_c43.tif,O,O3,O3_K8_sq,37,43,1,0,6,105,0,2,2,1.1898836,3.9248543,0.48698106,1.0628177
O3_K8_sq_r37_c44.tif,O,O3,O3_K8_sq,37,44,0,0,8,99,0,1,1,0.4148218,4.104893,0.6660334,1.0483536
O3_K8_sq_r37_c45.tif,O,O3,O3_K8_sq,37,45,2,0,2,61,0,0,0,3.3742967,6.67811,0.31869024,1.054172
O3_K8_sq_r36_c9.tif,O,O3,O3_K8_sq,36,9,5,0,12,95,0,0,0,4.3629065,3.9248543,0.93650204,0.9620767
O3_K8_sq_r36_c10.tif,O,O3,O3_K8_sq,36,10,3,0,10,128,2,0,0,2.2133498,3.1289048,0.62712896,1.0319966
O3_K8_sq_r36_c11.tif,O,O3,O3_K8_sq,36,11,1,0,9,136,2,2,2,0.9165319,3.0231986,0.54823333,1.0592101
O3_K8_sq_r36_c12.tif,O,O3,O3_K8_sq,36,12,0,0,9,130,1,1,1,0.32067785,3.1732864,0.5754506,1.0629249
O3_K8_sq_r36_c13.tif,O,O3,O3_K8_sq,36,13,4,0,17,119,2,0,0,2.8657758,3.1509392,1.0525755,0.96647525
O3_K8_sq_r36_c14.tif,O,O3,O3_K8_sq,36,14,0,0,33,125,2,2,2,0.28259736,2.7964587,1.7882506,0.9008136
O3_K8_sq_r36_c15.tif,O,O3,O3_K8_sq,36,15,2,0,27,142,2,2,2,1.3068086,2.5863202,1.3576573,0.9459756
O3_K8_sq_r36_c16.tif,O,O3,O3_K8_sq,36,16,1,0,11,132,2,2,2,0.9290872,3.0646124,0.672742,1.0422555
O3_K8_sq_r36_c17.tif,O,O3,O3_K8_sq,36,17,1,1,19,150,1,1,1,0.78408515,7.7589602,0.96270245,0.999083
O3_K8_sq_r36_c18.tif,O,O3,O3_K8_sq,36,18,0,0,19,138,2,2,2,0.28437468,2.8140464,1.0474687,1.0003773
O3_K8_sq_r36_c19.tif,O,O3,O3_K8_sq,36,19,0,0,17,138,2,2,2,0.2879973,2.8498943,0.952011,1.013121
O3_K8_sq_r36_c20.tif,O,O3,O3_K8_sq,36,20,2,0,7,95,2,0,0,2.1328104,4.22107,0.60430884,1.0346863
O3_K8_sq_r36_c21.tif,O,O3,O3_K8_sq,36,21,0,0,9,111,2,1,1,0.37061948,3.6674867,0.66506994,1.0496057
O3_K8_sq_r36_c22.tif,O,O3,O3_K8_sq,36,22,0,0,7,108,2,1,1,0.38645795,3.8242173,0.5474935,1.0650133
O3_K8_sq_r36_c23.tif,O,O3,O3_K8_sq,36,23,2,0,11,121,2,0,0,1.6623374,3.2899516,0.7222083,1.0260029
O3_K8_sq_r36_c24.tif,O,O3,O3_K8_sq,36,24,0,0,11,101,2,1,1,0.39662787,3.9248543,0.8615819,1.0225213
O3_K8_sq_r36_c25.tif,O,O3,O3_K8_sq,36,25,1,0,3,103,2,1,1,1.2444655,4.104893,0.27424905,1.0904983
O3_K8_sq_r36_c27.tif,O,O3,O3_K8_sq,36,27,0,0,5,96,2,1,1,0.43898618,4.3440137,0.4560674,1.0759728
O3_K8_sq_r36_c28.tif,O,O3,O3_K8_sq,36,28,0,0,8,116,2,1,1,0.35885382,3.551059,0.57617176,1.0618583
O3_K8_sq_r36_c29.tif,O,O3,O3_K8_sq,36,29,0,0,9,101,2,1,1,0.40371054,3.9949412,0.7244512,1.0407807
O3_K8_sq_r36_c30.tif,O,O3,O3_K8_sq,36,30,0,0,7,105,2,1,1,0.39662787,3.9248543,0.5619013,1.0628177
O3_K8_sq_r36_c31.tif,O,O3,O3_K8_sq,36,31,0,0,9,105,2,1,1,0.38978946,3.8571844,0.69947016,1.0444933
O3_K8_sq_r36_c32.tif,O,O3,O3_K8_sq,36,32,0,0,12,119,2,2,2,0.33996674,3.364161,0.802716,1.0318758
O3_K8_sq_r36_c33.tif,O,O3,O3_K8_sq,36,33,1,0,4,71,2,1,1,1.7390608,5.7363257,0.49274415,1.0527437
O3_K8_sq_r36_c34.tif,O,O3,O3_K8_sq,36,34,0,0,11,95,2,1,1,0.41866276,4.142902,0.90944755,1.0155255
O3_K8_sq_r36_c35.tif,O,O3,O3_K8_sq,36,35,1,0,18,123,2,2,2,0.9419912,3.1071763,1.0972682,0.98495334
O3_K8_sq_r36_c36.tif,O,O3,O3_K8_sq,36,36,0,0,16,96,2,2,2,0.39662787,3.9248543,1.2361827,0.9721508
O3_K8_sq_r36_c37.tif,O,O3,O3_K8_sq,36,37,2,0,8,77,0,0,0,2.540201,5.0273414,0.8157038,1.0000527
O3_K8_sq_r36_c38.tif,O,O3,O3_K8_sq,36,38,2,0,22,88,1,2,2,1.9831394,3.9248543,1.6857038,0.891558
O3_K8_sq_r36_c39.tif,O,O3,O3_K8_sq,36,39,1,0,7,72,2,1,1,1.6542283,5.456505,0.7811798,1.0153958
O3_K8_sq_r36_c40.tif,O,O3,O3_K8_sq,36,40,0,0,15,98,1,2,2,0.3931789,3.890725,1.1511647,0.9836703
O3_K8_sq_r36_c41.tif,O,O3,O3_K8_sq,36,41,2,0,6,80,2,0,0,2.5119765,4.9714823,0.6168427,1.0272226
O3_K8_sq_r36_c42.tif,O,O3,O3_K8_sq,36,42,3,0,3,109,1,0,0,2.7052054,3.8242173,0.25549698,1.0748291
O3_K8_sq_r36_c43.tif,O,O3,O3_K8_sq,36,43,2,0,6,124,1,0,0,1.6871483,3.339055,0.4142973,1.0670278
O3_K8_sq_r36_c44.tif,O,O3,O3_K8_sq,36,44,2,0,14,142,1,2,2,1.4129868,2.7964587,0.77401894,1.0228361
O3_K8_sq_r36_c45.tif,O,O3,O3_K8_sq,36,45,0,0,5,135,0,1,1,0.31841955,3.1509392,0.33080944,1.0958778
O3_K8_sq_r36_c46.tif,O,O3,O3_K8_sq,36,46,2,0,1,83,0,0,0,2.569067,5.0844707,0.14558351,1.0897201
O3_K8_sq_r36_c47.tif,O,O3,O3_K8_sq,36,47,6,0,1,54,1,0,0,9.330198,7.102118,0.20335473,0.99349827
O3_K8_sq_r35_c8.tif,O,O3,O3_K8_sq,35,8,2,0,4,101,0,0,0,2.074109,4.104893,0.3526059,1.069426
O3_K8_sq_r35_c9.tif,O,O3,O3_K8_sq,35,9,1,0,10,89,2,2,2,1.32987,4.386602,0.8792102,1.0077065
O3_K8_sq_r35_c10.tif,O,O3,O3_K8_sq,35,10,0,0,13,121,2,2,2,0.3324675,3.2899516,0.8478098,1.0260029
O3_K8_sq_r35_c11.tif,O,O3,O3_K8_sq,35,11,0,0,20,104,2,2,2,0.35885382,3.551059,1.3895907,0.95248234
O3_K8_sq_r35_c12.tif,O,O3,O3_K8_sq,35,12,2,0,21,128,2,2,2,1.4776334,2.9244013,1.2001917,0.96454585
O3_K8_sq_r35_c13.tif,O,O3,O3_K8_sq,35,13,1,0,28,111,2,2,2,0.95525867,3.1509392,1.7141945,0.901774
O3_K8_sq_r35_c14.tif,O,O3,O3_K8_sq,35,14,0,0,16,139,2,2,2,0.2879973,2.8498943,0.89761037,1.0204359
O3_K8_sq_r35_c15.tif,O,O3,O3_K8_sq,35,15,0,0,16,124,2,2,2,0.31841955,3.1509392,0.99242836,1.0069135
O3_K8_sq_r35_c16.tif,O,O3,O3_K8_sq,35,16,0,0,17,136,2,2,2,0.2917134,2.886667,0.96429497,1.0113748
O3_K8_sq_r35_c17.tif,O,O3,O3_K8_sq,35,17,0,0,15,116,2,2,2,0.33996674,3.364161,0.9953679,1.005971
O3_K8_sq_r35_c18.tif,O,O3,O3_K8_sq,35,18,0,1,14,120,2,1,1,0.33004072,9.7978115,0.90396374,1.0101309
O3_K8_sq_r35_c19.tif,O,O3,O3_K8_sq,35,19,0,2,9,127,1,1,1,0.32296842,15.979765,0.579561,1.0459076
O3_K8_sq_r35_c20.tif,O,O3,O3_K8_sq,35,20,1,0,12,106,2,2,2,1.1210474,3.6977966,0.8823243,1.0108237
O3_K8_sq_r35_c21.tif,O,O3,O3_K8_sq,35,21,1,1,21,121,2,1,1,0.9290872,9.193837,1.2577351,0.95572865
O3_K8_sq_r35_c22.tif,O,O3,O3_K8_sq,35,22,0,0,20,128,2,2,2,0.3014372,2.9828894,1.1672562,0.98383677
O3_K8_sq_r35_c23.tif,O,O3,O3_K8_sq,35,23,3,0,15,108,2,0,0,2.4727268,3.4955733,1.0342494,0.97348875
O3_K8_sq_r35_c24.tif,O,O3,O3_K8_sq,35,24,1,0,10,119,2,2,2,1.0276268,3.389647,0.67938966,1.039693
O3_K8_sq_r35_c25.tif,O,O3,O3_K8_sq,35,25,1,0,11,106,2,2,2,1.1303895,3.7286117,0.8185028,1.0192472
O3_K8_sq_r35_c26.tif,O,O3,O3_K8_sq,35,26,0,0,7,90,2,1,1,0.456723,4.5195293,0.6470378,1.0498435
O3_K8_sq_r35_c27.tif,O,O3,O3_K8_sq,35,27,1,0,5,92,2,1,1,1.3564672,4.474334,0.46974942,1.062314
O3_K8_sq_r35_c28.tif,O,O3,O3_K8_sq,35,28,0,0,13,122,2,2,2,0.33004072,3.265937,0.84162146,1.0268966
O3_K8_sq_r35_c29.tif,O,O3,O3_K8_sq,35,29,1,0,16,119,2,2,2,0.98294735,3.242271,1.0211945,0.994489
O3_K8_sq_r35_c30.tif,O,O3,O3_K8_sq,35,30,0,0,11,127,2,2,2,0.32296842,3.195953,0.70157385,1.0459076
O3_K8_sq_r35_c31.tif,O,O3,O3_K8_sq,35,31,1,0,23,88,2,2,2,1.1898836,3.9248543,1.7606238,0.891558
O3_K8_sq_r35_c33.tif,O,O3,O3_K8_sq,35,33,1,0,15,102,2,2,2,1.1303895,3.7286117,1.1031994,0.9809657
O3_K8_sq_r35_c34.tif,O,O3,O3_K8_sq,35,34,0,1,17,88,2,1,1,0.41866276,12.428705,1.3839419,0.941089
O3_K8_sq_r35_c36.tif,O,O3,O3_K8_sq,35,36,0,0,13,105,2,1,1,0.37679648,3.7286117,0.9608511,1.0096768
O3_K8_sq_r35_c37.tif,O,O3,O3_K8_sq,35,37,2,0,6,89,1,0,0,2.2836149,4.5195293,0.56076604,1.038243
O3_K8_sq_r35_c38.tif,O,O3,O3_K8_sq,35,38,0,0,14,106,2,2,2,0.37061948,3.6674867,1.0151068,1.0025382
O3_K8_sq_r35_c39.tif,O,O3,O3_K8_sq,35,39,1,1,16,94,2,1,1,1.1898836,11.774563,1.2361827,0.9520026
O3_K8_sq_r35_c40.tif,O,O3,O3_K8_sq,35,40,0,0,6,97,2,1,1,0.43062457,4.2612705,0.5287223,1.0664155
O3_K8_sq_r35_c41.tif,O,O3,O3_K8_sq,35,41,1,0,11,108,1,2,2,1.1118585,3.6674867,0.8050847,1.0213653
O3_K8_sq_r35_c42.tif,O,O3,O3_K8_sq,35,42,5,0,8,106,0,0,0,4.110507,3.6977966,0.5999805,1.0108237
O3_K8_sq_r35_c43.tif,O,O3,O3_K8_sq,35,43,0,0,16,122,2,2,2,0.32296842,3.195953,1.0066059,1.0048916
O3_K8_sq_r35_c44.tif,O,O3,O3_K8_sq,35,44,1,1,36,115,0,1,1,0.8751402,8.660001,2.0112438,0.8557787
O3_K8_sq_r35_c45.tif,O,O3,O3_K8_sq,35,45,1,0,13,114,0,2,2,1.0434364,3.4417953,0.88693947,1.0115173
O3_K8_sq_r35_c46.tif,O,O3,O3_K8_sq,35,46,3,0,12,128,0,0,0,2.182821,3.0857475,0.7362844,1.0177622
O3_K8_sq_r35_c47.tif,O,O3,O3_K8_sq,35,47,0,0,13,137,0,2,2,0.2974709,2.9436407,0.7585666,1.0388918
O3_K8_sq_r35_c48.tif,O,O3,O3_K8_sq,35,48,1,0,4,70,0,1,1,1.7616458,5.8108234,0.49914342,1.0515008
O3_K8_sq_r34_c7.tif,O,O3,O3_K8_sq,34,7,5,0,4,64,0,0,0,6.6316175,5.965779,0.5124539,0.98766494
O3_K8_sq_r34_c8.tif,O,O3,O3_K8_sq,34,8,1,0,10,125,1,2,2,0.98294735,3.242271,0.64985096,1.0444216
O3_K8_sq_r34_c9.tif,O,O3,O3_K8_sq,34,9,1,0,18,116,2,2,2,0.9901221,3.265937,1.1533331,0.97659963
O3_K8_sq_r34_c10.tif,O,O3,O3_K8_sq,34,10,0,0,22,104,2,2,2,0.3532467,3.4955733,1.5013298,0.9375998
O3_K8_sq_r34_c11.tif,O,O3,O3_K8_sq,34,11,0,0,24,143,2,2,2,0.2675478,2.6475348,1.2381777,0.97516114
O3_K8_sq_r34_c12.tif,O,O3,O3_K8_sq,34,12,0,0,12,123,2,2,2,0.33004072,3.265937,0.77927905,1.0352794
O3_K8_sq_r34_c13.tif,O,O3,O3_K8_sq,34,13,0,0,16,115,2,2,2,0.33996674,3.364161,1.0595852,0.9973361
O3_K8_sq_r34_c14.tif,O,O3,O3_K8_sq,34,14,1,0,21,116,2,2,2,0.96890527,3.195953,1.311638,0.95567244
O3_K8_sq_r34_c15.tif,O,O3,O3_K8_sq,34,15,1,0,25,140,2,2,2,0.8074211,2.663294,1.2963864,0.9604577
O3_K8_sq_r34_c16.tif,O,O3,O3_K8_sq,34,16,1,0,16,112,2,2,2,1.0354713,3.415522,1.075762,0.98626226
O3_K8_sq_r34_c17.tif,O,O3,O3_K8_sq,34,17,1,1,21,98,2,1,1,1.102819,10.91301,1.4929212,0.9196918
O3_K8_sq_r34_c18.tif,O,O3,O3_K8_sq,34,18,1,0,21,109,1,2,2,1.0199002,3.364161,1.3806715,0.9455264
O3_K8_sq_r34_c20.tif,O,O3,O3_K8_sq,34,20,0,0,19,103,0,2,2,0.36464176,3.6083338,1.3431252,0.95858324
O3_K8_sq_r34_c21.tif,O,O3,O3_K8_sq,34,21,0,1,17,118,2,1,1,0.32764912,9.726813,1.083085,0.9861669
O3_K8_sq_r34_c22.tif,O,O3,O3_K8_sq,34,22,1,2,12,114,2,1,1,1.0354713,17.07761,0.8149712,1.0037957
O3_K8_sq_r34_c23.tif,O,O3,O3_K8_sq,34,23,0,1,19,105,2,1,1,0.35602817,10.569293,1.3113978,0.9540254
O3_K8_sq_r34_c24.tif,O,O3,O3_K8_sq,34,24,2,1,23,124,2,1,1,1.4873545,8.830922,1.320468,0.94066924
O3_K8_sq_r34_c25.tif,O,O3,O3_K8_sq,34,25,1,0,14,116,2,2,2,1.0199002,3.364161,0.9311506,1.005971
O3_K8_sq_r34_c27.tif,O,O3,O3_K8_sq,34,27,0,0,16,96,2,2,2,0.39662787,3.9248543,1.2361827,0.9721508
O3_K8_sq_r34_c28.tif,O,O3,O3_K8_sq,34,28,0,0,24,120,2,2,2,0.30969572,3.0646124,1.433233,0.94786257
O3_K8_sq_r34_c29.tif,O,O3,O3_K8_sq,34,29,0,1,24,111,2,1,1,0.32764912,9.726813,1.516319,0.92791235
O3_K8_sq_r34_c31.tif,O,O3,O3_K8_sq,34,31,1,0,14,113,2,2,2,1.0434364,3.4417953,0.9526387,1.002683
O3_K8_sq_r34_c32.tif,O,O3,O3_K8_sq,34,32,0,0,20,93,2,2,2,0.3931789,3.890725,1.5225079,0.9337378
O3_K8_sq_r34_c34.tif,O,O3,O3_K8_sq,34,34,0,0,14,114,2,2,2,0.34781215,3.4417953,0.9526387,1.0115173
O3_K8_sq_r34_c35.tif,O,O3,O3_K8_sq,34,35,0,0,13,115,2,2,2,0.34781215,3.4417953,0.88693947,1.0203515
O3_K8_sq_r34_c36.tif,O,O3,O3_K8_sq,34,36,0,0,8,106,2,1,1,0.38978946,3.8571844,0.62584174,1.0543936
O3_K8_sq_r34_c37.tif,O,O3,O3_K8_sq,34,37,3,0,7,108,2,0,0,2.6375754,3.7286117,0.53380615,1.038388
O3_K8_sq_r34_c38.tif,O,O3,O3_K8_sq,34,38,0,0,11,86,2,1,1,0.456723,4.5195293,0.99212456,1.0034416
O3_K8_sq_r34_c39.tif,O,O3,O3_K8_sq,34,39,0,0,22,101,2,2,2,0.36172464,3.5794673,1.5373619,0.9325394
O3_K8_sq_r34_c40.tif,O,O3,O3_K8_sq,34,40,1,1,26,79,2,1,1,1.2444655,12.314681,2.076457,0.8376292
O3_K8_sq_r34_c41.tif,O,O3,O3_K8_sq,34,41,0,0,18,93,2,2,2,0.40013784,3.9595876,1.3982886,0.95026416
O3_K8_sq_r34_c42.tif,O,O3,O3_K8_sq,34,42,0,0,18,136,2,2,2,0.28984344,2.8681629,1.012863,1.0048916
O3_K8_sq_r34_c43.tif,O,O3,O3_K8_sq,34,43,1,0,22,144,2,2,2,0.8026434,2.6475348,1.1371019,0.98195666
O3_K8_sq_r34_c44.tif,O,O3,O3_K8_sq,34,44,0,1,19,79,0,1,1,0.44767898,13.290101,1.6489854,0.903976
O3_K8_sq_r34_c45.tif,O,O3,O3_K8_sq,34,45,0,0,4,30,0,1,1,1.2559882,12.428705,1.0676123,0.9729903
O3_K8_sq_r34_c46.tif,O,O3,O3_K8_sq,34,46,1,1,14,91,0,1,1,1.2444655,12.314681,1.1361746,0.96406376
O3_K8_sq_r34_c47.tif,O,O3,O3_K8_sq,34,47,1,0,18,142,0,2,2,0.83218855,2.74499,0.9693658,1.0040109
O3_K8_sq_r34_c48.tif,O,O3,O3_K8_sq,34,48,2,0,6,130,0,0,0,1.6148422,3.195953,0.39654174,1.0705172
O3_K8_sq_r33_c5.tif,O,O3,O3_K8_sq,33,5,2,0,3,89,0,0,0,2.3549778,4.6607647,0.3113869,1.0706881
O3_K8_sq_r33_c6.tif,O,O3,O3_K8_sq,33,6,3,0,3,106,2,0,0,2.776395,3.9248543,0.26222056,1.0728918
O3_K8_sq_r33_c7.tif,O,O3,O3_K8_sq,33,7,1,0,7,118,2,2,2,1.0597401,3.4955733,0.5004433,1.0632112
O3_K8_sq_r33_c8.tif,O,O3,O3_K8_sq,33,8,2,0,11,118,2,0,0,1.6998336,3.364161,0.73849875,1.0232409
O3_K8_sq_r33_c9.tif,O,O3,O3_K8_sq,33,9,1,0,13,109,1,2,2,1.0851738,3.5794673,0.9224171,1.0060401
O3_K8_sq_r33_c10.tif,O,O3,O3_K8_sq,33,10,1,0,16,141,2,2,2,0.8477921,2.7964587,0.88078016,1.0156583
O3_K8_sq_r33_c11.tif,O,O3,O3_K8_sq,33,11,1,2,27,129,2,1,1,0.8425263,13.895448,1.4588491,0.9237513
O3_K8_sq_r33_c12.tif,O,O3,O3_K8_sq,33,12,1,0,23,141,2,2,2,0.8122559,2.679242,1.201863,0.9730859
O3_K8_sq_r33_c13.tif,O,O3,O3_K8_sq,33,13,2,0,14,145,1,2,2,1.3869809,2.74499,0.7597732,1.025148
O3_K8_sq_r33_c14.tif,O,O3,O3_K8_sq,33,14,0,0,32,122,1,2,2,0.28984344,2.8681629,1.7793539,0.9018258
O3_K8_sq_r33_c15.tif,O,O3,O3_K8_sq,33,15,1,0,25,147,1,2,2,0.77512413,2.5567622,1.2445309,0.9679772
O3_K8_sq_r33_c16.tif,O,O3,O3_K8_sq,33,16,0,2,12,65,1,1,1,0.558217,27.619345,1.3180399,0.9286829
O3_K8_sq_r33_c17.tif,O,O3,O3_K8_sq,33,17,0,3,35,66,2,1,1,0.42656207,29.54749,2.8603952,0.72048837
O3_K8_sq_r33_c18.tif,O,O3,O3_K8_sq,33,18,1,0,28,101,1,2,2,1.0276268,3.389647,1.8440577,0.88308656
O3_K8_sq_r33_c21.tif,O,O3,O3_K8_sq,33,21,0,3,20,108,2,1,1,0.33996674,23.549126,1.3164543,0.93689144
O3_K8_sq_r33_c22.tif,O,O3,O3_K8_sq,33,22,1,0,25,95,2,2,2,1.102819,3.6376698,1.7706741,0.89168084
O3_K8_sq_r33_c23.tif,O,O3,O3_K8_sq,33,23,0,0,25,110,1,2,2,0.33004072,3.265937,1.5897293,0.9263026
O3_K8_sq_r33_c24.tif,O,O3,O3_K8_sq,33,24,0,0,20,102,2,2,2,0.36464176,3.6083338,1.4120034,0.94932157
O3_K8_sq_r33_c25.tif,O,O3,O3_K8_sq,33,25,1,0,25,101,2,2,2,1.051525,3.4684758,1.6883172,0.9036235
O3_K8_sq_r33_c27.tif,O,O3,O3_K8_sq,33,27,1,0,15,89,2,2,2,1.2677264,4.1816206,1.2372329,0.96061736
O3_K8_sq_r33_c28.tif,O,O3,O3_K8_sq,33,28,0,0,14,97,2,1,1,0.40013784,3.9595876,1.095956,0.99091715
O3_K8_sq_r33_c31.tif,O,O3,O3_K8_sq,33,31,2,0,4,97,2,0,0,2.1531227,4.2612705,0.36603853,1.0664155
O3_K8_sq_r33_c32.tif,O,O3,O3_K8_sq,33,32,0,0,17,109,2,2,2,0.3532467,3.4955733,1.167701,0.98246104
O3_K8_sq_r33_c33.tif,O,O3,O3_K8_sq,33,33,0,0,26,96,2,2,2,0.36464176,3.6083338,1.8252727,0.8937515
O3_K8_sq_r33_c34.tif,O,O3,O3_K8_sq,33,34,1,0,35,87,2,2,2,1.0851738,3.5794673,2.4256153,0.8039133
O3_K8_sq_r33_c35.tif,O,O3,O3_K8_sq,33,35,0,3,26,98,2,1,1,0.35050836,24.279331,1.7545257,0.8769154
O3_K8_sq_r33_c36.tif,O,O3,O3_K8_sq,33,36,1,0,27,116,2,2,2,0.9290872,3.0646124,1.6087309,0.9163982
O3_K8_sq_r33_c37.tif,O,O3,O3_K8_sq,33,37,0,0,20,126,2,2,2,0.30551067,3.0231986,1.1830299,0.98161227
O3_K8_sq_r33_c38.tif,O,O3,O3_K8_sq,33,38,2,0,14,77,2,0,0,2.3797672,4.7098255,1.3036108,0.93689144
O3_K8_sq_r33_c43.tif,O,O3,O3_K8_sq,33,43,1,1,20,110,1,1,1,1.012289,10.017165,1.30663,0.94704074
O3_K8_sq_r33_c44.tif,O,O3,O3_K8_sq,33,44,2,1,10,96,1,1,1,2.0367377,12.092794,0.8079229,0.9984252
O3_K8_sq_r33_c45.tif,O,O3,O3_K8_sq,33,45,0,0,11,49,1,1,1,0.7292835,7.2166677,1.584199,0.91690576
O3_K8_sq_r33_c46.tif,O,O3,O3_K8_sq,33,46,0,1,23,112,0,1,1,0.32764912,9.726813,1.4544284,0.9362344
O3_K8_sq_r33_c47.tif,O,O3,O3_K8_sq,33,47,3,0,26,98,1,0,0,2.4535584,3.4684758,1.7545257,0.8769154
O3_K8_sq_r33_c48.tif,O,O3,O3_K8_sq,33,48,2,0,14,112,0,0,0,1.7390608,3.4417953,0.9526387,0.9938489
O3_K8_sq_r32_c4.tif,O,O3,O3_K8_sq,32,4,2,0,2,38,0,0,0,5.138134,10.1689415,0.48527834,1.0048916
O3_K8_sq_r32_c5.tif,O,O3,O3_K8_sq,32,5,2,0,4,109,1,0,0,1.9322897,3.8242173,0.3284961,1.0748291
O3_K8_sq_r32_c6.tif,O,O3,O3_K8_sq,32,6,3,0,8,136,1,0,0,2.1242218,3.0029087,0.48723248,1.0521013
O3_K8_sq_r32_c7.tif,O,O3,O3_K8_sq,32,7,2,0,19,129,2,2,2,1.4873545,2.9436407,1.0957074,0.97844714
O3_K8_sq_r32_c8.tif,O,O3,O3_K8_sq,32,8,0,0,19,102,2,2,2,0.3676063,3.6376698,1.3540449,0.95703965
O3_K8_sq_r32_c9.tif,O,O3,O3_K8_sq,32,9,0,0,32,118,1,2,2,0.2974709,2.9436407,1.826179,0.8953358
O3_K8_sq_r32_c10.tif,O,O3,O3_K8_sq,32,10,0,0,22,124,2,2,2,0.30551067,3.0231986,1.2984474,0.9660927
O3_K8_sq_r32_c11.tif,O,O3,O3_K8_sq,32,11,0,0,31,137,2,2,2,0.265974,2.631961,1.5825783,0.9288914
O3_K8_sq_r32_c12.tif,O,O3,O3_K8_sq,32,12,0,0,22,133,1,2,2,0.2879973,2.8498943,1.224014,0.9765462
O3_K8_sq_r32_c13.tif,O,O3,O3_K8_sq,32,13,0,0,26,121,1,2,2,0.30346024,3.0029087,1.5190189,0.93648577
O3_K8_sq_r32_c14.tif,O,O3,O3_K8_sq,32,14,2,0,13,99,1,0,0,1.9489473,3.8571844,0.9939839,0.98509085
O3_K8_sq_r32_c15.tif,O,O3,O3_K8_sq,32,15,2,0,19,133,1,2,2,1.4492173,2.8681629,1.0676123,0.9828061
O3_K8_sq_r32_c16.tif,O,O3,O3_K8_sq,32,16,0,0,23,106,2,2,2,0.3451571,3.415522,1.532146,0.9336616
O3_K8_sq_r32_c17.tif,O,O3,O3_K8_sq,32,17,3,0,33,100,2,0,0,2.2935438,3.242271,2.0733342,0.83636945
O3_K8_sq_r32_c18.tif,O,O3,O3_K8_sq,32,18,0,0,34,109,1,2,2,0.31183156,3.0857475,2.0321448,0.86727595
O3_K8_sq_r32_c22.tif,O,O3,O3_K8_sq,32,22,1,0,15,132,2,2,2,0.90431154,2.9828894,0.88255954,1.014462
O3_K8_sq_r32_c23.tif,O,O3,O3_K8_sq,32,23,0,2,14,97,2,1,1,0.3931789,19.453627,1.0768958,0.9736838
O3_K8_sq_r32_c24.tif,O,O3,O3_K8_sq,32,24,0,0,33,70,2,2,2,0.43062457,4.2612705,2.7249534,0.7711005
O3_K8_sq_r32_c25.tif,O,O3,O3_K8_sq,32,25,0,1,17,99,2,1,1,0.37996286,11.279834,1.2560146,0.9602566
O3_K8_sq_r32_c26.tif,O,O3,O3_K8_sq,32,26,1,0,15,88,2,2,2,1.2796862,4.22107,1.2489051,0.95884544
O3_K8_sq_r32_c27.tif,O,O3,O3_K8_sq,32,27,0,1,29,96,2,1,1,0.3532467,10.48672,1.9684103,0.86582184
O3_K8_sq_r32_c28.tif,O,O3,O3_K8_sq,32,28,0,0,28,95,2,2,2,0.36172464,3.5794673,1.9473249,0.8774139
O3_K8_sq_r32_c29.tif,O,O3,O3_K8_sq,32,29,1,1,27,64,2,1,1,1.4278603,14.129476,2.4723654,0.7797355
O3_K8_sq_r32_c32.tif,O,O3,O3_K8_sq,32,32,0,2,18,86,2,1,1,0.41866276,20.714508,1.4630244,0.91982144
O3_K8_sq_r32_c33.tif,O,O3,O3_K8_sq,32,33,2,0,18,86,2,2,2,2.0933137,4.142902,1.4630244,0.91982144
O3_K8_sq_r32_c34.tif,O,O3,O3_K8_sq,32,34,1,0,17,84,2,2,2,1.3042955,4.302244,1.4371705,0.93311363
O3_K8_sq_r32_c35.tif,O,O3,O3_K8_sq,32,35,0,0,19,88,2,2,2,0.4148218,4.104893,1.5279589,0.9324551
O3_K8_sq_r32_c36.tif,O,O3,O3_K8_sq,32,36,0,0,24,95,2,2,2,0.37368244,3.6977966,1.7293555,0.9064194
O3_K8_sq_r32_c47.tif,O,O3,O3_K8_sq,32,47,0,0,45,103,0,2,2,0.3014372,2.9828894,2.5907393,0.79242885
O3_K8_sq_r32_c48.tif,O,O3,O3_K8_sq,32,48,0,0,40,126,0,2,2,0.26914033,2.663294,2.0589666,0.86475366
O3_K8_sq_r32_c49.tif,O,O3,O3_K8_sq,32,49,3,0,18,96,0,0,0,2.65974,3.7599447,1.3277868,0.9313041
O3_K8_sq_r31_c4.tif,O,O3,O3_K8_sq,31,4,3,0,2,114,1,0,0,2.6157773,3.6977966,0.17646484,1.0867542
O3_K8_sq_r31_c5.tif,O,O3,O3_K8_sq,31,5,4,0,3,125,1,0,0,3.0368674,3.339055,0.22308318,1.0755984
O3_K8_sq_r31_c6.tif,O,O3,O3_K8_sq,31,6,3,0,19,152,2,0,0,1.7983468,2.5422354,0.94629276,0.9951037
O3_K8_sq_r31_c7.tif,O,O3,O3_K8_sq,31,7,3,0,20,128,1,0,0,2.0686865,2.9244013,1.1443689,0.96454585
O3_K8_sq_r31_c8.tif,O,O3,O3_K8_sq,31,8,1,0,28,134,1,2,2,0.82210135,2.7117174,1.4752461,0.9361588
O3_K8_sq_r31_c9.tif,O,O3,O3_K8_sq,31,9,0,0,25,131,1,2,2,0.28617454,2.831857,1.3784362,0.95582825
O3_K8_sq_r31_c10.tif,O,O3,O3_K8_sq,31,10,2,0,32,131,1,2,2,1.3537598,2.679242,1.6621509,0.90431654
O3_K8_sq_r31_c11.tif,O,O3,O3_K8_sq,31,11,1,0,24,115,2,2,2,0.95525867,3.1509392,1.4736058,0.93412465
O3_K8_sq_r31_c12.tif,O,O3,O3_K8_sq,31,12,1,0,19,115,2,2,2,0.9901221,3.265937,1.2156754,0.9682167
O3_K8_sq_r31_c13.tif,O,O3,O3_K8_sq,31,13,1,2,33,115,1,1,1,0.88658,14.622007,1.870066,0.8669653
O3_K8_sq_r31_c14.tif,O,O3,O3_K8_sq,31,14,1,1,24,116,0,1,1,0.9419912,9.321529,1.4531391,0.929126
O3_K8_sq_r31_c15.tif,O,O3,O3_K8_sq,31,15,2,0,26,113,1,2,2,1.5809642,3.1289048,1.5827539,0.9115301
O3_K8_sq_r31_c16.tif,O,O3,O3_K8_sq,31,16,1,1,23,129,2,1,1,0.8695304,8.604488,1.2866098,0.9533587
O3_K8_sq_r31_c17.tif,O,O3,O3_K8_sq,31,17,0,1,14,125,1,1,1,0.31841955,9.452818,0.872134,1.0150012
O3_K8_sq_r31_c18.tif,O,O3,O3_K8_sq,31,18,1,0,16,117,2,2,2,0.9974025,3.2899516,1.036212,0.99222493
O3_K8_sq_r31_c22.tif,O,O3,O3_K8_sq,31,22,0,0,14,102,2,2,2,0.38318285,3.7918084,1.0495172,0.99759215
O3_K8_sq_r31_c23.tif,O,O3,O3_K8_sq,31,23,0,0,27,103,2,2,2,0.34254226,3.389647,1.7793539,0.90048736
O3_K8_sq_r31_c24.tif,O,O3,O3_K8_sq,31,24,0,0,23,50,1,2,2,0.6028744,5.965779,2.6761482,0.7732881
O3_K8_sq_r31_c25.tif,O,O3,O3_K8_sq,31,25,0,0,9,54,1,1,1,0.6956243,6.8835907,1.2482853,0.9629291
O3_K8_sq_r31_c26.tif,O,O3,O3_K8_sq,31,26,1,0,20,111,2,2,2,1.012289,3.339055,1.30663,0.9556112
O3_K8_sq_r31_c27.tif,O,O3,O3_K8_sq,31,27,1,2,46,94,2,1,1,0.9354947,15.428738,2.7389777,0.748471
O3_K8_sq_r31_c33.tif,O,O3,O3_K8_sq,31,33,0,3,34,84,2,1,1,0.3676063,25.46369,2.395618,0.78897417
O3_K8_sq_r31_c34.tif,O,O3,O3_K8_sq,31,34,0,0,21,124,2,2,2,0.30758896,3.0437646,1.249179,0.97266483
O3_K8_sq_r31_c35.tif,O,O3,O3_K8_sq,31,35,1,0,14,101,2,2,2,1.1495485,3.7918084,1.0495172,0.98785955
O3_K8_sq_r31_c36.tif,O,O3,O3_K8_sq,31,36,0,1,28,93,2,1,1,0.36464176,10.825001,1.9630291,0.8659665
O3_K8_sq_r31_c48.tif,O,O3,O3_K8_sq,31,48,1,0,52,114,0,2,2,0.8026434,2.6475348,2.6532378,0.77809024
O3_K8_sq_r31_c49.tif,O,O3,O3_K8_sq,31,49,0,1,37,124,0,1,1,0.27570474,8.184757,1.9529494,0.87183976
O3_K8_sq_r30_c4.tif,O,O3,O3_K8_sq,30,4,2,0,5,94,0,0,0,2.1949308,4.3440137,0.4560674,1.0536728
O3_K8_sq_r30_c5.tif,O,O3,O3_K8_sq,30,5,0,0,26,120,2,2,2,0.30551067,3.0231986,1.5292825,0.9350536
O3_K8_sq_r30_c6.tif,O,O3,O3_K8_sq,30,6,1,0,24,127,1,2,2,0.8808229,2.9054117,1.3587793,0.95082515
O3_K8_sq_r30_c7.tif,O,O3,O3_K8_sq,30,7,2,0,27,140,2,2,2,1.3220929,2.6165695,1.3735363,0.94360757
O3_K8_sq_r30_c8.tif,O,O3,O3_K8_sq,30,8,0,0,33,146,1,2,2,0.24980983,2.4720078,1.5807741,0.9295446
O3_K8_sq_r30_c9.tif,O,O3,O3_K8_sq,30,9,1,0,30,119,1,2,2,0.89241266,2.9436407,1.7137986,0.90289134
O3_K8_sq_r30_c10.tif,O,O3,O3_K8_sq,30,10,3,0,17,109,1,0,0,2.4160995,3.415522,1.1409597,0.9599619
O3_K8_sq_r30_c11.tif,O,O3,O3_K8_sq,30,11,0,0,21,136,1,2,2,0.28437468,2.8140464,1.1549014,0.98593146
O3_K8_sq_r30_c12.tif,O,O3,O3_K8_sq,30,12,2,0,39,116,0,2,2,1.4218736,2.8140464,2.1217957,0.8414726
O3_K8_sq_r30_c13.tif,O,O3,O3_K8_sq,30,13,1,0,24,114,1,2,2,0.9620335,3.1732864,1.4840568,0.93260455
O3_K8_sq_r30_c14.tif,O,O3,O3_K8_sq,30,14,0,0,22,51,0,2,2,0.6028744,5.965779,2.5622697,0.7886007
O3_K8_sq_r30_c15.tif,O,O3,O3_K8_sq,30,15,0,0,13,89,1,1,1,0.4347652,4.302244,1.1086744,0.9883275
O3_K8_sq_r30_c16.tif,O,O3,O3_K8_sq,30,16,1,0,21,102,1,2,2,1.0765613,3.551059,1.4573756,0.934253
O3_K8_sq_r30_c17.tif,O,O3,O3_K8_sq,30,17,1,0,17,135,0,2,2,0.8751402,2.886667,0.96429497,1.0039655
O3_K8_sq_r30_c18.tif,O,O3,O3_K8_sq,30,18,1,0,22,108,1,2,2,1.0199002,3.364161,1.4448888,0.93689144
O3_K8_sq_r30_c21.tif,O,O3,O3_K8_sq,30,21,0,0,19,118,2,2,2,0.32529193,3.2189453,1.1981837,0.9790722
O3_K8_sq_r30_c22.tif,O,O3,O3_K8_sq,30,22,2,0,17,88,2,2,2,2.074109,4.104893,1.3712453,0.9324551
O3_K8_sq_r30_c23.tif,O,O3,O3_K8_sq,30,23,1,0,21,101,1,2,2,1.0851738,3.5794673,1.4690347,0.9325394
O3_K8_sq_r30_c24.tif,O,O3,O3_K8_sq,30,24,0,1,25,84,1,1,1,0.40371054,11.984823,1.9445796,0.86646265
O3_K8_sq_r30_c25.tif,O,O3,O3_K8_sq,30,25,2,1,44,96,2,1,1,1.5591578,9.257242,2.6211722,0.76431173
O3_K8_sq_r30_c26.tif,O,O3,O3_K8_sq,30,26,1,0,25,98,2,2,2,1.0765613,3.551059,1.7285153,0.89779437
O3_K8_sq_r30_c35.tif,O,O3,O3_K8_sq,30,35,2,1,20,109,2,1,1,1.6871483,10.017165,1.30663,0.93847024
O3_K8_sq_r30_c36.tif,O,O3,O3_K8_sq,30,36,2,0,27,92,2,2,2,1.8380315,3.6376698,1.9095504,0.86366993
O3_K8_sq_r30_c37.tif,O,O3,O3_K8_sq,30,37,1,0,25,101,2,2,2,1.051525,3.4684758,1.6883172,0.9036235
O3_K8_sq_r30_c38.tif,O,O3,O3_K8_sq,30,38,1,1,24,89,2,1,1,1.1593738,11.4726515,1.7884789,0.8785133
O3_K8_sq_r30_c47.tif,O,O3,O3_K8_sq,30,47,0,3,49,66,0,1,1,0.37679648,26.10028,3.5231206,0.6364314
O3_K8_sq_r30_c48.tif,O,O3,O3_K8_sq,30,48,0,0,31,112,0,2,2,0.31183156,3.0857475,1.8554366,0.8910369
O3_K8_sq_r30_c49.tif,O,O3,O3_K8_sq,30,49,1,0,31,132,0,2,2,0.817149,2.6953819,1.6207126,0.9166826
O3_K8_sq_r30_c50.tif,O,O3,O3_K8_sq,30,50,2,0,20,112,0,2,2,1.6623374,3.2899516,1.2874148,0.9500026
O3_K8_sq_r29_c3.tif,O,O3,O3_K8_sq,29,3,0,0,10,48,0,1,1,0.75359297,7.4572234,1.4946573,0.92832845
O3_K8_sq_r29_c4.tif,O,O3,O3_K8_sq,29,4,5,0,10,82,0,0,0,5.023953,4.5195293,0.9058529,0.95703965
O3_K8_sq_r29_c5.tif,O,O3,O3_K8_sq,29,5,1,1,19,149,1,1,1,0.78864384,7.8040714,0.96829957,0.9982146
O3_K8_sq_r29_c6.tif,O,O3,O3_K8_sq,29,6,2,0,12,119,1,0,0,1.674651,3.3143213,0.79082394,1.0165888
O3_K8_sq_r29_c7.tif,O,O3,O3_K8_sq,29,7,2,0,10,112,2,0,0,1.794269,3.551059,0.71174157,1.0253996
O3_K8_sq_r29_c8.tif,O,O3,O3_K8_sq,29,8,2,0,14,135,2,0,0,1.4776334,2.9244013,0.8094316,1.0170891
O3_K8_sq_r29_c9.tif,O,O3,O3_K8_sq,29,9,1,0,16,109,1,2,2,1.0597401,3.4955733,1.1009752,0.98246104
O3_K8_sq_r29_c10.tif,O,O3,O3_K8_sq,29,10,1,0,10,123,1,2,2,0.9974025,3.2899516,0.6594076,1.0428917
O3_K8_sq_r29_c11.tif,O,O3,O3_K8_sq,29,11,3,0,12,113,2,0,0,2.434685,3.4417953,0.82124025,1.002683
O3_K8_sq_r29_c12.tif,O,O3,O3_K8_sq,29,12,1,0,25,144,1,2,2,0.78864384,2.601357,1.2662379,0.9648295
O3_K8_sq_r29_c13.tif,O,O3,O3_K8_sq,29,13,0,0,25,139,1,2,2,0.27238297,2.6953819,1.3120055,0.965111
O3_K8_sq_r29_c14.tif,O,O3,O3_K8_sq,29,14,0,1,36,121,1,1,1,0.28259736,8.389377,1.9483925,0.8721024
O3_K8_sq_r29_c15.tif,O,O3,O3_K8_sq,29,15,1,0,23,123,1,2,2,0.9103807,3.0029087,1.3470545,0.95190114
O3_K8_sq_r29_c16.tif,O,O3,O3_K8_sq,29,16,0,1,33,150,1,1,1,0.2430945,7.2166677,1.5382802,0.92925465
O3_K8_sq_r29_c17.tif,O,O3,O3_K8_sq,29,17,1,0,25,108,1,2,2,0.9974025,3.2899516,1.6014185,0.9162247
O3_K8_sq_r29_c18.tif,O,O3,O3_K8_sq,29,18,2,1,38,114,1,1,1,1.4399866,8.549683,2.0944242,0.8375621
O3_K8_sq_r29_c19.tif,O,O3,O3_K8_sq,29,19,0,2,55,111,2,1,1,0.265974,13.159806,2.7883523,0.7532465
O3_K8_sq_r29_c20.tif,O,O3,O3_K8_sq,29,20,0,0,35,121,2,2,2,0.28617454,2.831857,1.9189993,0.8831417
O3_K8_sq_r29_c21.tif,O,O3,O3_K8_sq,29,21,1,2,28,72,2,1,1,1.2918737,21.306353,2.318244,0.7929757
O3_K8_sq_r29_c22.tif,O,O3,O3_K8_sq,29,22,0,0,17,76,2,1,1,0.47595346,4.7098255,1.5733234,0.92480254
O3_K8_sq_r29_c23.tif,O,O3,O3_K8_sq,29,23,0,0,27,125,0,2,2,0.29360765,2.9054117,1.5251606,0.9359102
O3_K8_sq_r29_c24.tif,O,O3,O3_K8_sq,29,24,1,2,38,112,1,1,1,0.8751402,14.433335,2.121449,0.8335507
O3_K8_sq_r29_c25.tif,O,O3,O3_K8_sq,29,25,0,3,28,103,2,1,1,0.3324675,23.029661,1.7898207,0.8740024
O3_K8_sq_r29_c26.tif,O,O3,O3_K8_sq,29,26,0,6,56,80,2,1,1,0.31399706,40.39329,3.3511164,0.64201415
O3_K8_sq_r29_c36.tif,O,O3,O3_K8_sq,29,36,1,0,19,90,2,2,2,1.2111316,3.9949412,1.4870315,0.9279867
O3_K8_sq_r29_c37.tif,O,O3,O3_K8_sq,29,37,3,1,18,101,2,1,1,2.5320723,10.738401,1.264053,0.9325394
O3_K8_sq_r29_c38.tif,O,O3,O3_K8_sq,29,38,2,0,19,101,2,2,2,1.8232087,3.6083338,1.3431252,0.9400599
O3_K8_sq_r29_c39.tif,O,O3,O3_K8_sq,29,39,0,0,13,114,2,2,2,0.35050836,3.4684758,0.893815,1.0193585
O3_K8_sq_r29_c40.tif,O,O3,O3_K8_sq,29,40,2,0,17,93,2,2,2,1.9831394,3.9248543,1.3111029,0.94192845
O3_K8_sq_r29_c43.tif,O,O3,O3_K8_sq,29,43,0,0,27,91,2,2,2,0.37679648,3.7286117,1.9572893,0.8756913
O3_K8_sq_r29_c44.tif,O,O3,O3_K8_sq,29,44,1,0,29,105,2,2,2,0.9901221,3.265937,1.8390987,0.88438845
O3_K8_sq_r29_c45.tif,O,O3,O3_K8_sq,29,45,0,0,22,138,1,2,2,0.2791085,2.7619345,1.186236,0.9818518
O3_K8_sq_r29_c46.tif,O,O3,O3_K8_sq,29,46,0,0,19,116,2,2,2,0.33004072,3.265937,1.2156754,0.97659963
O3_K8_sq_r29_c47.tif,O,O3,O3_K8_sq,29,47,3,0,18,111,1,0,0,2.3620079,3.339055,1.1791539,0.9556112
O3_K8_sq_r29_c48.tif,O,O3,O3_K8_sq,29,48,4,0,13,113,0,0,0,3.0828803,3.389647,0.873501,0.98749095
O3_K8_sq_r29_c49.tif,O,O3,O3_K8_sq,29,49,2,0,22,142,0,2,2,1.3457017,2.663294,1.1438704,0.9741296
O3_K8_sq_r29_c50.tif,O,O3,O3_K8_sq,29,50,1,0,13,139,0,2,2,0.8751402,2.886667,0.7438847,1.0336028
O3_K8_sq_r28_c2.tif,O,O3,O3_K8_sq,28,2,2,0,12,121,1,0,0,1.6502035,3.265937,0.77927905,1.0185138
O3_K8_sq_r28_c3.tif,O,O3,O3_K8_sq,28,3,0,0,7,124,1,1,1,0.33996674,3.364161,0.48162964,1.0750506
O3_K8_sq_r28_c4.tif,O,O3,O3_K8_sq,28,4,3,0,7,114,1,0,0,2.5119765,3.551059,0.50838685,1.0436289
O3_K8_sq_r28_c5.tif,O,O3,O3_K8_sq,28,5,0,0,9,138,2,1,1,0.30346024,3.0029087,0.54455394,1.0675167
O3_K8_sq_r28_c6.tif,O,O3,O3_K8_sq,28,6,2,0,12,97,2,0,0,2.0006893,3.9595876,0.9447897,0.99091715
O3_K8_sq_r28_c7.tif,O,O3,O3_K8_sq,28,7,2,0,5,112,2,0,0,1.8684123,3.6977966,0.38822266,1.0677716
O3_K8_sq_r28_c8.tif,O,O3,O3_K8_sq,28,8,1,0,6,118,1,2,2,1.0680845,3.5230975,0.43713263,1.0715829
O3_K8_sq_r28_c9.tif,O,O3,O3_K8_sq,28,9,1,0,12,87,1,2,2,1.32987,4.386602,1.0466788,0.9851879
O3_K8_sq_r28_c10.tif,O,O3,O3_K8_sq,28,10,0,0,17,140,1,2,2,0.28437468,2.8140464,0.940036,1.0148232
O3_K8_sq_r28_c11.tif,O,O3,O3_K8_sq,28,11,1,0,26,146,1,2,2,0.77512413,2.5567622,1.293336,0.96141475
O3_K8_sq_r28_c12.tif,O,O3,O3_K8_sq,28,12,1,0,22,137,1,2,2,0.8373255,2.7619345,1.186236,0.9747626
O3_K8_sq_r28_c13.tif,O,O3,O3_K8_sq,28,13,0,1,40,109,2,1,1,0.2974709,8.830922,2.2756999,0.8273356
O3_K8_sq_r28_c14.tif,O,O3,O3_K8_sq,28,14,0,0,39,117,1,2,2,0.28617454,2.831857,2.1352246,0.854067
O3_K8_sq_r28_c15.tif,O,O3,O3_K8_sq,28,15,0,0,24,104,2,2,2,0.34781215,3.4417953,1.609631,0.9231752
O3_K8_sq_r28_c16.tif,O,O3,O3_K8_sq,28,16,1,0,28,126,0,2,2,0.8639919,2.8498943,1.5504179,0.92534155
O3_K8_sq_r28_c17.tif,O,O3,O3_K8_sq,28,17,0,1,24,107,1,1,1,0.33742967,10.017165,1.5615822,0.92132926
O3_K8_sq_r28_c18.tif,O,O3,O3_K8_sq,28,18,0,2,34,130,1,1,1,0.26914033,13.31647,1.7539346,0.8920977
O3_K8_sq_r28_c19.tif,O,O3,O3_K8_sq,28,19,0,4,44,95,1,1,1,0.31183156,27.771729,2.6211722,0.75639135
O3_K8_sq_r28_c20.tif,O,O3,O3_K8_sq,28,20,0,2,43,85,1,1,1,0.34254226,16.948235,2.8146145,0.7438808
O3_K8_sq_r28_c21.tif,O,O3,O3_K8_sq,28,21,0,2,42,109,2,1,1,0.2917134,14.433335,2.3418593,0.8113226
O3_K8_sq_r28_c22.tif,O,O3,O3_K8_sq,28,22,2,1,42,85,2,1,1,1.7127113,10.1689415,2.7499104,0.7438808
O3_K8_sq_r28_c23.tif,O,O3,O3_K8_sq,28,23,0,0,18,71,1,2,2,0.49687448,4.9168506,1.7363366,0.9023517
O3_K8_sq_r28_c24.tif,O,O3,O3_K8_sq,28,24,2,2,38,68,0,1,1,2.0185525,19.974705,2.9359338,0.7023987
O3_K8_sq_r28_c25.tif,O,O3,O3_K8_sq,28,25,0,5,32,38,1,1,1,0.5872153,63.91906,3.6049247,0.5742238
O3_K8_sq_r28_c26.tif,O,O3,O3_K8_sq,28,26,1,9,48,71,2,1,1,1.0354713,64.89492,3.1620884,0.62682444
O3_K8_sq_r28_c37.tif,O,O3,O3_K8_sq,28,37,0,0,8,82,2,1,1,0.49147367,4.8634067,0.78910476,1.0298579
O3_K8_sq_r28_c38.tif,O,O3,O3_K8_sq,28,38,0,1,27,100,2,1,1,0.34781215,10.325386,1.8067286,0.88783836
O3_K8_sq_r28_c39.tif,O,O3,O3_K8_sq,28,39,0,1,17,73,2,1,1,0.486189,14.433335,1.6071583,0.9076441
O3_K8_sq_r28_c40.tif,O,O3,O3_K8_sq,28,40,0,0,9,66,2,1,1,0.5872153,5.8108234,1.0537472,0.99184114
O3_K8_sq_r28_c42.tif,O,O3,O3_K8_sq,28,42,4,0,10,93,1,0,0,3.7333963,4.104893,0.8227471,0.9851362
O3_K8_sq_r28_c43.tif,O,O3,O3_K8_sq,28,43,1,0,4,117,1,2,2,1.0939252,3.6083338,0.30995196,1.0882467
O3_K8_sq_r28_c44.tif,O,O3,O3_K8_sq,28,44,2,0,12,119,0,0,0,1.674651,3.3143213,0.79082394,1.0165888
O3_K8_sq_r28_c45.tif,O,O3,O3_K8_sq,28,45,1,0,6,83,1,1,1,1.474421,4.8634067,0.603433,1.042341
O3_K8_sq_r28_c46.tif,O,O3,O3_K8_sq,28,46,1,0,7,119,2,2,2,1.051525,3.4684758,0.49656388,1.063872
O3_K8_sq_r28_c47.tif,O,O3,O3_K8_sq,28,47,0,0,17,127,0,2,2,0.30969572,3.0646124,1.0237378,1.0029252
O3_K8_sq_r28_c48.tif,O,O3,O3_K8_sq,28,48,4,0,3,77,0,0,0,4.7318625,5.202714,0.3475947,1.0349382
O3_K8_sq_r28_c49.tif,O,O3,O3_K8_sq,28,49,1,0,2,76,0,1,1,1.674651,5.523869,0.26360798,1.0846449
O3_K8_sq_r28_c50.tif,O,O3,O3_K8_sq,28,50,2,0,5,101,0,0,0,2.0552535,4.0675764,0.42704493,1.059704
O3_K8_sq_r27_c0.tif,O,O3,O3_K8_sq,27,0,2,0,1,46,0,0,0,4.4329,8.773204,0.2512029,1.0471139
O3_K8_sq_r27_c1.tif,O,O3,O3_K8_sq,27,1,3,0,6,107,2,0,0,2.68228,3.7918084,0.47047323,1.0462552
O3_K8_sq_r27_c2.tif,O,O3,O3_K8_sq,27,2,1,0,6,130,1,2,2,0.9758758,3.2189453,0.39939454,1.0782188
O3_K8_sq_r27_c3.tif,O,O3,O3_K8_sq,27,3,2,0,11,135,1,0,0,1.5071859,2.9828894,0.65480226,1.037431
O3_K8_sq_r27_c4.tif,O,O3,O3_K8_sq,27,4,3,0,15,126,1,0,0,2.16787,3.0646124,0.90673923,0.995059
O3_K8_sq_r27_c5.tif,O,O3,O3_K8_sq,27,5,0,0,22,144,2,2,2,0.26914033,2.663294,1.1438704,0.9878016
O3_K8_sq_r27_c6.tif,O,O3,O3_K8_sq,27,6,1,1,20,146,0,1,1,0.797922,7.895884,1.0299319,0.9896916
O3_K8_sq_r27_c7.tif,O,O3,O3_K8_sq,27,7,0,0,16,148,1,2,2,0.27238297,2.6953819,0.8489448,1.0273763
O3_K8_sq_r27_c8.tif,O,O3,O3_K8_sq,27,8,1,1,9,112,2,1,1,1.0851738,10.738401,0.6491083,1.0336028
O3_K8_sq_r27_c9.tif,O,O3,O3_K8_sq,27,9,1,0,17,153,1,2,2,0.78408515,2.5863202,0.8639637,1.0189983
O3_K8_sq_r27_c10.tif,O,O3,O3_K8_sq,27,10,0,0,32,128,2,2,2,0.2791085,2.7619345,1.7134519,0.91095996
O3_K8_sq_r27_c11.tif,O,O3,O3_K8_sq,27,11,1,0,22,133,2,2,2,0.8585236,2.831857,1.2162672,0.9703655
O3_K8_sq_r27_c12.tif,O,O3,O3_K8_sq,27,12,1,0,24,128,1,2,2,0.8751402,2.886667,1.350013,0.9521001
O3_K8_sq_r27_c13.tif,O,O3,O3_K8_sq,27,13,0,0,32,123,1,2,2,0.2879973,2.8498943,1.7680204,0.90339667
O3_K8_sq_r27_c14.tif,O,O3,O3_K8_sq,27,14,0,0,38,101,1,2,2,0.32067785,3.1732864,2.3320894,0.8267194
O3_K8_sq_r27_c15.tif,O,O3,O3_K8_sq,27,15,0,3,34,78,1,1,1,0.38645795,26.76952,2.5184703,0.7705396
O3_K8_sq_r27_c16.tif,O,O3,O3_K8_sq,27,16,1,0,37,106,2,2,2,0.9290872,3.0646124,2.193724,0.8377375
O3_K8_sq_r27_c17.tif,O,O3,O3_K8_sq,27,17,1,1,25,103,2,1,1,1.0276268,10.1689415,1.6499463,0.90048736
O3_K8_sq_r27_c18.tif,O,O3,O3_K8_sq,27,18,0,3,51,66,1,1,1,0.37061948,25.672407,3.6053793,0.6259981
O3_K8_sq_r27_c19.tif,O,O3,O3_K8_sq,27,19,0,6,42,72,0,1,1,0.37061948,47.67733,2.975313,0.6824791
O3_K8_sq_r27_c20.tif,O,O3,O3_K8_sq,27,20,0,7,55,59,0,1,1,0.3676063,54.56505,3.85382,0.55554986
O3_K8_sq_r27_c21.tif,O,O3,O3_K8_sq,27,21,1,5,50,82,1,1,1,0.96890527,35.155483,3.0808241,0.6767638
O3_K8_sq_r27_c22.tif,O,O3,O3_K8_sq,27,22,2,1,51,94,2,1,1,1.5071859,8.948668,2.9323752,0.72352195
O3_K8_sq_r27_c23.tif,O,O3,O3_K8_sq,27,23,0,1,34,89,1,1,1,0.35885382,10.653176,2.3385794,0.81576234
O3_K8_sq_r27_c24.tif,O,O3,O3_K8_sq,27,24,0,6,50,96,0,1,1,0.29360765,37.77035,2.8007493,0.7196441
O3_K8_sq_r27_c25.tif,O,O3,O3_K8_sq,27,25,0,1,30,89,2,1,1,0.37061948,11.0024605,2.1352246,0.8425087
O3_K8_sq_r27_c26.tif,O,O3,O3_K8_sq,27,26,0,8,58,75,2,1,1,0.31619284,53.191383,3.494004,0.6063482
O3_K8_sq_r27_c37.tif,O,O3,O3_K8_sq,27,37,2,0,7,76,2,0,0,2.5985963,5.1429124,0.7362844,1.0098419
O3_K8_sq_r27_c38.tif,O,O3,O3_K8_sq,27,38,3,0,24,69,2,0,0,3.2296844,4.5656466,2.1352246,0.8144603
O3_K8_sq_r27_c39.tif,O,O3,O3_K8_sq,27,39,0,0,16,92,2,2,2,0.41105068,4.0675764,1.2811348,0.96573997
O3_K8_sq_r27_c40.tif,O,O3,O3_K8_sq,27,40,2,0,19,85,2,2,2,2.0933137,4.142902,1.5421066,0.9091877
O3_K8_sq_r27_c41.tif,O,O3,O3_K8_sq,27,41,2,0,14,94,1,0,0,2.0185525,3.9949412,1.1057414,0.96900266
O3_K8_sq_r27_c42.tif,O,O3,O3_K8_sq,27,42,1,0,24,124,2,2,2,0.89832276,2.963135,1.3857749,0.9468988
O3_K8_sq_r27_c43.tif,O,O3,O3_K8_sq,27,43,3,0,21,77,1,0,0,3.0729032,4.3440137,1.7828089,0.86412317
O3_K8_sq_r27_c44.tif,O,O3,O3_K8_sq,27,44,2,0,10,86,0,0,0,2.260779,4.474334,0.8967943,0.9934072
O3_K8_sq_r27_c45.tif,O,O3,O3_K8_sq,27,45,0,0,7,46,1,1,1,0.82210135,8.135153,1.1646681,0.97096026
O3_K8_sq_r27_c46.tif,O,O3,O3_K8_sq,27,46,0,0,5,66,1,1,1,0.61939144,6.129225,0.6434924,1.0461886
O3_K8_sq_r27_c47.tif,O,O3,O3_K8_sq,27,47,2,0,8,79,0,0,0,2.4843724,4.9168506,0.7977763,1.003314
O3_K8_sq_r27_c48.tif,O,O3,O3_K8_sq,27,48,3,0,2,76,0,0,0,3.813362,5.3907638,0.257256,1.058509
O3_K8_sq_r26_c1.tif,O,O3,O3_K8_sq,26,1,1,0,2,79,0,1,1,1.6148422,5.326588,0.25419343,1.0869236
O3_K8_sq_r26_c2.tif,O,O3,O3_K8_sq,26,2,3,0,6,117,0,0,0,2.4727268,3.4955733,0.43371752,1.054239
O3_K8_sq_r26_c3.tif,O,O3,O3_K8_sq,26,3,4,0,14,97,1,0,0,3.4781215,3.8242173,1.0584874,0.95703965
O3_K8_sq_r26_c4.tif,O,O3,O3_K8_sq,26,4,1,0,22,145,1,2,2,0.797922,2.631961,1.130413,0.982936
O3_K8_sq_r26_c5.tif,O,O3,O3_K8_sq,26,5,3,0,18,143,1,0,0,1.906681,2.6953819,0.95184714,0.9927845
O3_K8_sq_r26_c6.tif,O,O3,O3_K8_sq,26,6,2,0,19,123,2,2,2,1.5484787,3.0646124,1.1407365,0.9714608
O3_K8_sq_r26_c7.tif,O,O3,O3_K8_sq,26,7,0,0,17,131,2,2,2,0.3014372,2.9828894,0.9964382,1.0068057
O3_K8_sq_r26_c8.tif,O,O3,O3_K8_sq,26,8,2,0,12,147,1,0,0,1.3869809,2.74499,0.6549769,1.0392394
O3_K8_sq_r26_c9.tif,O,O3,O3_K8_sq,26,9,2,0,30,121,1,2,2,1.458567,2.886667,1.6806285,0.90023476
O3_K8_sq_r26_c10.tif,O,O3,O3_K8_sq,26,10,0,0,21,129,1,2,2,0.2974709,2.9436407,1.2080876,0.97844714
O3_K8_sq_r26_c11.tif,O,O3,O3_K8_sq,26,11,1,1,28,135,0,1,1,0.8122559,8.037726,1.4575784,0.9318242
O3_K8_sq_r26_c12.tif,O,O3,O3_K8_sq,26,12,0,0,25,158,2,2,2,0.24440853,2.4185588,1.1772591,0.98394024
O3_K8_sq_r26_c13.tif,O,O3,O3_K8_sq,26,13,0,1,34,141,2,1,1,0.2540201,7.5410123,1.6553988,0.9129513
O3_K8_sq_r26_c14.tif,O,O3,O3_K8_sq,26,14,0,1,29,59,1,1,1,0.49687448,14.750552,2.768753,0.750908
O3_K8_sq_r26_c15.tif,O,O3,O3_K8_sq,26,15,0,1,28,104,1,1,1,0.3349302,9.942965,1.8030787,0.8889835
O3_K8_sq_r26_c16.tif,O,O3,O3_K8_sq,26,16,0,0,51,108,2,2,2,0.2808421,2.7790895,2.7320266,0.77395386
O3_K8_sq_r26_c17.tif,O,O3,O3_K8_sq,26,17,0,0,50,99,2,2,2,0.29944092,2.963135,2.856393,0.7567585
O3_K8_sq_r26_c18.tif,O,O3,O3_K8_sq,26,18,1,3,36,62,1,1,1,1.3042955,30.115711,2.997527,0.69017285
O3_K8_sq_r26_c19.tif,O,O3,O3_K8_sq,26,19,0,7,43,31,1,1,1,0.54476595,80.86146,4.476254,0.4358566
O3_K8_sq_r26_c20.tif,O,O3,O3_K8_sq,26,20,0,7,49,61,0,1,1,0.37996286,56.39917,3.5527267,0.5935254
O3_K8_sq_r26_c21.tif,O,O3,O3_K8_sq,26,21,0,7,42,69,1,1,1,0.37679648,55.929173,3.0249016,0.66514254
O3_K8_sq_r26_c22.tif,O,O3,O3_K8_sq,26,22,0,1,41,99,2,1,1,0.31619284,9.386715,2.4786525,0.7990946
O3_K8_sq_r26_c23.tif,O,O3,O3_K8_sq,26,23,0,0,27,107,1,2,2,0.3324675,3.2899516,1.7270199,0.90778023
O3_K8_sq_r26_c24.tif,O,O3,O3_K8_sq,26,24,0,1,47,89,1,1,1,0.32529193,9.656836,2.9186525,0.73946804
O3_K8_sq_r26_c25.tif,O,O3,O3_K8_sq,26,25,0,1,40,121,2,1,1,0.27570474,8.184757,2.1091855,0.8508316
O3_K8_sq_r26_c26.tif,O,O3,O3_K8_sq,26,26,0,1,45,107,1,1,1,0.2917134,8.660001,2.5071669,0.79650396
O3_K8_sq_r26_c27.tif,O,O3,O3_K8_sq,26,27,1,1,47,103,2,1,1,0.8808229,8.716235,2.634368,0.77184623
O3_K8_sq_r26_c38.tif,O,O3,O3_K8_sq,26,38,2,0,16,134,2,2,2,1.4680382,2.9054117,0.9150963,1.0030272
O3_K8_sq_r26_c39.tif,O,O3,O3_K8_sq,26,39,0,0,17,107,2,2,2,0.35885382,3.551059,1.186236,0.97982633
O3_K8_sq_r26_c40.tif,O,O3,O3_K8_sq,26,40,0,1,20,113,2,1,1,0.3324675,9.869855,1.2874148,0.9584471
O3_K8_sq_r26_c41.tif,O,O3,O3_K8_sq,26,41,0,0,15,141,2,2,2,0.28617454,2.831857,0.837873,1.0285147
O3_K8_sq_r26_c42.tif,O,O3,O3_K8_sq,26,42,0,0,39,136,2,2,2,0.25545523,2.5278723,1.9060198,0.88566715
O3_K8_sq_r26_c43.tif,O,O3,O3_K8_sq,26,43,1,0,46,120,2,2,2,0.8026434,2.6475348,2.3500104,0.8188635
O3_K8_sq_r26_c44.tif,O,O3,O3_K8_sq,26,44,0,0,35,107,0,2,2,0.31399706,3.1071763,2.1055686,0.857348
O3_K8_sq_r26_c45.tif,O,O3,O3_K8_sq,26,45,0,0,36,133,0,2,2,0.26441857,2.6165695,1.8230574,0.89659506
O3_K8_sq_r26_c46.tif,O,O3,O3_K8_sq,26,46,2,0,22,102,0,2,2,1.7662334,3.4955733,1.5013298,0.9196553
O3_K8_sq_r26_c47.tif,O,O3,O3_K8_sq,26,47,4,0,6,61,0,0,0,5.574523,6.129225,0.760491,0.96752775
O3_K8_sq_r25_c3.tif,O,O3,O3_K8_sq,25,3,2,0,6,70,0,0,0,2.8259735,5.5929174,0.693948,1.0120695
O3_K8_sq_r25_c4.tif,O,O3,O3_K8_sq,25,4,5,0,7,113,0,0,0,3.91631,3.5230975,0.5043838,1.0263685
O3_K8_sq_r25_c5.tif,O,O3,O3_K8_sq,25,5,0,0,6,112,0,1,1,0.37679648,3.7286117,0.462632,1.0766696
O3_K8_sq_r25_c6.tif,O,O3,O3_K8_sq,25,6,2,0,7,88,1,0,0,2.2836149,4.5195293,0.6470378,1.0266426
O3_K8_sq_r25_c7.tif,O,O3,O3_K8_sq,25,7,2,0,10,94,1,0,0,2.0933137,4.142902,0.8303652,1.0048916
O3_K8_sq_r25_c8.tif,O,O3,O3_K8_sq,25,8,3,0,20,98,1,0,0,2.5732443,3.6376698,1.4234831,0.9196918
O3_K8_sq_r25_c9.tif,O,O3,O3_K8_sq,25,9,0,1,23,124,1,1,1,0.3014372,8.948668,1.3380741,0.9532115
O3_K8_sq_r25_c10.tif,O,O3,O3_K8_sq,25,10,2,0,34,124,2,2,2,1.3955425,2.7619345,1.8188951,0.8826032
O3_K8_sq_r25_c11.tif,O,O3,O3_K8_sq,25,11,0,0,25,131,1,2,2,0.28617454,2.831857,1.3784362,0.95582825
O3_K8_sq_r25_c12.tif,O,O3,O3_K8_sq,25,12,0,1,26,135,1,1,1,0.27570474,8.184757,1.3800842,0.94886976
O3_K8_sq_r25_c13.tif,O,O3,O3_K8_sq,25,13,0,4,37,125,1,1,1,0.26914033,23.969646,1.9064505,0.8579177
O3_K8_sq_r25_c14.tif,O,O3,O3_K8_sq,25,14,0,2,57,100,1,1,1,0.2808421,13.895448,3.050321,0.71688807
O3_K8_sq_r25_c15.tif,O,O3,O3_K8_sq,25,15,0,2,46,99,1,1,1,0.30346024,15.014544,2.6654482,0.76691633
O3_K8_sq_r25_c16.tif,O,O3,O3_K8_sq,25,16,1,1,47,111,1,1,1,0.8373255,8.285804,2.5042758,0.79044384
O3_K8_sq_r25_c17.tif,O,O3,O3_K8_sq,25,17,0,2,41,115,0,1,1,0.28259736,13.982293,2.2152956,0.82903564
O3_K8_sq_r25_c18.tif,O,O3,O3_K8_sq,25,18,1,0,39,86,0,2,2,1.0597401,3.4955733,2.635668,0.7760993
O3_K8_sq_r25_c19.tif,O,O3,O3_K8_sq,25,19,0,1,52,97,1,1,1,0.2974709,8.830922,2.9499815,0.7366687
O3_K8_sq_r25_c20.tif,O,O3,O3_K8_sq,25,20,0,4,35,80,1,1,1,0.37368244,33.28017,2.5058007,0.7640499
O3_K8_sq_r25_c21.tif,O,O3,O3_K8_sq,25,21,0,3,58,88,1,1,1,0.29944092,20.741945,3.3088913,0.6730968
O3_K8_sq_r25_c22.tif,O,O3,O3_K8_sq,25,22,0,0,38,90,1,2,2,0.34781215,3.4417953,2.52942,0.7994962
O3_K8_sq_r25_c23.tif,O,O3,O3_K8_sq,25,23,0,1,35,68,1,1,1,0.42656207,12.66321,2.8603952,0.74215716
O3_K8_sq_r25_c24.tif,O,O3,O3_K8_sq,25,24,0,1,36,94,2,1,1,0.33996674,10.092483,2.3439307,0.8160022
O3_K8_sq_r25_c25.tif,O,O3,O3_K8_sq,25,25,1,0,39,141,2,2,2,0.74123895,2.444991,1.8435273,0.8880073
O3_K8_sq_r25_c26.tif,O,O3,O3_K8_sq,25,26,0,0,28,131,2,2,2,0.2808421,2.7790895,1.5118982,0.9380178
O3_K8_sq_r25_c27.tif,O,O3,O3_K8_sq,25,27,0,0,33,114,1,2,2,0.30346024,3.0029087,1.9202693,0.8825319
O3_K8_sq_r25_c28.tif,O,O3,O3_K8_sq,25,28,0,2,47,121,1,1,1,0.26288125,13.006785,2.3586786,0.811258
O3_K8_sq_r25_c37.tif,O,O3,O3_K8_sq,25,37,1,2,35,111,2,1,1,0.89832276,14.815675,2.0079596,0.84802586
O3_K8_sq_r25_c38.tif,O,O3,O3_K8_sq,25,38,2,0,35,107,2,2,2,1.5484787,3.0646124,2.0767252,0.8456035
O3_K8_sq_r25_c39.tif,O,O3,O3_K8_sq,25,39,3,0,22,111,2,0,0,2.2935438,3.242271,1.3925378,0.92791235
O3_K8_sq_r25_c45.tif,O,O3,O3_K8_sq,25,45,0,1,36,139,0,1,1,0.2540201,7.5410123,1.751364,0.9000474
O3_K8_sq_r25_c46.tif,O,O3,O3_K8_sq,25,46,0,1,32,149,0,1,1,0.24573684,7.2951097,1.5085827,0.93311363
O3_K8_sq_r25_c47.tif,O,O3,O3_K8_sq,25,47,0,0,12,126,1,2,2,0.32296842,3.195953,0.7625803,1.0377045
O3_K8_sq_r25_c48.tif,O,O3,O3_K8_sq,25,48,0,0,5,132,0,1,1,0.32529193,3.2189453,0.33794925,1.0947433
O3_K8_sq_r24_c7.tif,O,O3,O3_K8_sq,24,7,3,0,2,100,0,0,0,2.9580283,4.1816206,0.19955371,1.0786821
O3_K8_sq_r24_c8.tif,O,O3,O3_K8_sq,24,8,3,1,7,76,1,1,1,3.5562816,15.082025,0.71973866,0.98714876
O3_K8_sq_r24_c9.tif,O,O3,O3_K8_sq,24,9,1,0,8,126,1,2,2,0.9901221,3.265937,0.5299098,1.0604279
O3_K8_sq_r24_c10.tif,O,O3,O3_K8_sq,24,10,2,0,9,117,1,0,0,1.7390608,3.4417953,0.62414265,1.0380199
O3_K8_sq_r24_c11.tif,O,O3,O3_K8_sq,24,11,0,0,24,125,1,2,2,0.29944092,2.963135,1.3857749,0.9545045
O3_K8_sq_r24_c12.tif,O,O3,O3_K8_sq,24,12,1,1,29,119,1,1,1,0.89241266,8.830922,1.6576086,0.90289134
O3_K8_sq_r24_c13.tif,O,O3,O3_K8_sq,24,13,0,0,34,100,1,2,2,0.3324675,3.2899516,2.166625,0.848669
O3_K8_sq_r24_c14.tif,O,O3,O3_K8_sq,24,14,2,0,25,97,1,2,2,1.794269,3.551059,1.7285153,0.8886797
O3_K8_sq_r24_c15.tif,O,O3,O3_K8_sq,24,15,1,3,57,110,1,1,1,0.78408515,18.10424,2.838738,0.733546
O3_K8_sq_r24_c16.tif,O,O3,O3_K8_sq,24,16,1,3,43,111,1,1,1,0.8477921,19.57521,2.3220568,0.8003244
O3_K8_sq_r24_c17.tif,O,O3,O3_K8_sq,24,17,0,0,55,102,1,2,2,0.28437468,2.8140464,2.981257,0.74035144
O3_K8_sq_r24_c18.tif,O,O3,O3_K8_sq,24,18,0,2,46,114,0,1,1,0.27570474,13.641262,2.4216573,0.80181247
O3_K8_sq_r24_c19.tif,O,O3,O3_K8_sq,24,19,0,2,55,90,1,1,1,0.30346024,15.014544,3.1813414,0.697547
O3_K8_sq_r24_c20.tif,O,O3,O3_K8_sq,24,20,0,0,33,92,1,2,2,0.35602817,3.5230975,2.2529142,0.83646774
O3_K8_sq_r24_c21.tif,O,O3,O3_K8_sq,24,21,0,1,57,96,1,1,1,0.28984344,8.604488,3.1480875,0.7104179
O3_K8_sq_r24_c22.tif,O,O3,O3_K8_sq,24,22,0,2,34,105,1,1,1,0.31619284,15.644525,2.0605664,0.8472812
O3_K8_sq_r24_c23.tif,O,O3,O3_K8_sq,24,23,0,0,37,142,1,2,2,0.24980983,2.4720078,1.7695231,0.90416455
O3_K8_sq_r24_c24.tif,O,O3,O3_K8_sq,24,24,1,0,25,80,1,2,2,1.2559882,4.142902,2.016601,0.85601884
O3_K8_sq_r24_c25.tif,O,O3,O3_K8_sq,24,25,1,0,14,69,1,2,2,1.5772877,5.202714,1.4400353,0.92810595
O3_K8_sq_r24_c26.tif,O,O3,O3_K8_sq,24,26,1,0,28,126,0,2,2,0.8639919,2.8498943,1.5504179,0.92534155
O3_K8_sq_r24_c27.tif,O,O3,O3_K8_sq,24,27,0,1,24,95,2,1,1,0.37061948,11.0024605,1.7151804,0.89898974
O3_K8_sq_r24_c28.tif,O,O3,O3_K8_sq,24,28,0,0,35,118,1,2,2,0.2917134,2.886667,1.9561414,0.8780067
O3_K8_sq_r24_c38.tif,O,O3,O3_K8_sq,24,38,1,0,20,115,2,2,2,0.98294735,3.242271,1.2687566,0.96120065
O3_K8_sq_r24_c39.tif,O,O3,O3_K8_sq,24,39,2,0,19,130,2,2,2,1.4776334,2.9244013,1.0885459,0.9795582
O3_K8_sq_r24_c45.tif,O,O3,O3_K8_sq,24,45,0,0,38,132,0,2,2,0.26288125,2.601357,1.9117709,0.88470525
O3_K8_sq_r24_c46.tif,O,O3,O3_K8_sq,24,46,0,0,37,121,0,2,2,0.28259736,2.7964587,2.001773,0.8721024
O3_K8_sq_r24_c47.tif,O,O3,O3_K8_sq,24,47,0,0,26,128,0,2,2,0.28984344,2.8681629,1.4508578,0.9459969
O3_K8_sq_r24_c48.tif,O,O3,O3_K8_sq,24,48,0,0,8,135,1,1,1,0.31183156,3.0857475,0.50067335,1.0732045
O3_K8_sq_r23_c11.tif,O,O3,O3_K8_sq,23,11,3,0,5,100,1,0,0,2.8773549,4.0675764,0.42704493,1.0492635
O3_K8_sq_r23_c12.tif,O,O3,O3_K8_sq,23,12,1,0,13,102,0,2,2,1.1495485,3.7918084,0.97713673,0.99759215
O3_K8_sq_r23_c13.tif,O,O3,O3_K8_sq,23,13,1,0,13,108,1,2,2,1.0939252,3.6083338,0.9298559,1.0048916
O3_K8_sq_r23_c14.tif,O,O3,O3_K8_sq,23,14,1,1,32,116,2,1,1,0.89241266,8.830922,1.826179,0.88022465
O3_K8_sq_r23_c15.tif,O,O3,O3_K8_sq,23,15,0,1,36,132,1,1,1,0.26441857,7.8497086,1.8230574,0.889879
O3_K8_sq_r23_c16.tif,O,O3,O3_K8_sq,23,16,0,0,35,133,1,2,2,0.265974,2.631961,1.7835406,0.9018691
O3_K8_sq_r23_c17.tif,O,O3,O3_K8_sq,23,17,0,0,38,128,1,2,2,0.26914033,2.663294,1.9572893,0.87842566
O3_K8_sq_r23_c18.tif,O,O3,O3_K8_sq,23,18,1,0,44,87,1,2,2,1.012289,3.339055,2.836343,0.7499192
O3_K8_sq_r23_c19.tif,O,O3,O3_K8_sq,23,19,0,0,47,121,0,2,2,0.265974,2.631961,2.3864276,0.8208023
O3_K8_sq_r23_c20.tif,O,O3,O3_K8_sq,23,20,0,1,42,108,1,1,1,0.29552665,8.773204,2.372472,0.81442195
O3_K8_sq_r23_c21.tif,O,O3,O3_K8_sq,23,21,1,1,40,132,0,1,1,0.77072006,7.6267056,1.9653773,0.86459833
O3_K8_sq_r23_c22.tif,O,O3,O3_K8_sq,23,22,0,0,36,118,1,2,2,0.28984344,2.8681629,1.9983512,0.8723784
O3_K8_sq_r23_c23.tif,O,O3,O3_K8_sq,23,23,1,0,32,111,0,2,2,0.9290872,3.0646124,1.9012275,0.87706786
O3_K8_sq_r23_c24.tif,O,O3,O3_K8_sq,23,24,0,1,27,74,1,1,1,0.4347652,12.906733,2.2584107,0.822686
O3_K8_sq_r23_c25.tif,O,O3,O3_K8_sq,23,25,0,0,16,112,1,2,2,0.34781215,3.4417953,1.0840372,0.9938489
O3_K8_sq_r23_c26.tif,O,O3,O3_K8_sq,23,26,1,0,36,136,1,2,2,0.77512413,2.5567622,1.7813874,0.8957891
O3_K8_sq_r23_c27.tif,O,O3,O3_K8_sq,23,27,0,2,26,98,1,1,1,0.3532467,17.477867,1.768233,0.8837663
O3_K8_sq_r23_c28.tif,O,O3,O3_K8_sq,23,28,0,0,23,124,2,2,2,0.30346024,3.0029087,1.3470545,0.95960885
O3_K8_sq_r23_c29.tif,O,O3,O3_K8_sq,23,29,1,1,34,114,0,1,1,0.89241266,8.830922,1.9385592,0.86511344
O3_K8_sq_r23_c38.tif,O,O3,O3_K8_sq,23,38,2,4,32,96,1,1,1,1.6623374,29.609564,2.0410235,0.81489116
O3_K8_sq_r23_c45.tif,O,O3,O3_K8_sq,23,45,1,1,39,128,0,1,1,0.79325575,7.8497086,1.9728976,0.8630147
O3_K8_sq_r23_c46.tif,O,O3,O3_K8_sq,23,46,1,0,21,97,0,2,2,1.1210474,3.6977966,1.5175977,0.925402
O3_K8_sq_r23_c47.tif,O,O3,O3_K8_sq,23,47,0,1,45,88,0,1,1,0.3324675,9.869855,2.8574328,0.74733543
O3_K8_sq_r23_c48.tif,O,O3,O3_K8_sq,23,48,0,0,21,100,0,2,2,0.3676063,3.6376698,1.4929212,0.9383657
O3_K8_sq_r22_c12.tif,O,O3,O3_K8_sq,22,12,0,0,2,89,0,1,1,0.486189,4.811112,0.22959405,1.1052264
O3_K8_sq_r22_c13.tif,O,O3,O3_K8_sq,22,13,3,0,7,87,1,0,0,3.1970608,4.5195293,0.6470378,1.0150421
O3_K8_sq_r22_c14.tif,O,O3,O3_K8_sq,22,14,1,0,8,110,1,2,2,1.1210474,3.6977966,0.5999805,1.0487889
O3_K8_sq_r22_c15.tif,O,O3,O3_K8_sq,22,15,2,1,18,139,1,1,1,1.3955425,8.285804,0.97534955,0.98894095
O3_K8_sq_r22_c16.tif,O,O3,O3_K8_sq,22,16,1,0,13,114,1,2,2,1.0434364,3.4417953,0.88693947,1.0115173
O3_K8_sq_r22_c17.tif,O,O3,O3_K8_sq,22,17,1,0,27,113,0,2,2,0.94857854,3.1289048,1.6424805,0.9115301
O3_K8_sq_r22_c18.tif,O,O3,O3_K8_sq,22,18,1,0,11,61,1,2,2,1.8086231,5.965779,1.3096045,0.941727
O3_K8_sq_r22_c19.tif,O,O3,O3_K8_sq,22,19,0,0,43,132,0,2,2,0.25545523,2.5278723,2.0990343,0.85971355
O3_K8_sq_r22_c20.tif,O,O3,O3_K8_sq,22,20,0,1,31,137,0,1,1,0.26441857,7.8497086,1.5733234,0.9234593
O3_K8_sq_r22_c21.tif,O,O3,O3_K8_sq,22,21,0,0,38,133,1,2,2,0.26136172,2.5863202,1.9007202,0.8862298
O3_K8_sq_r22_c22.tif,O,O3,O3_K8_sq,22,22,0,0,40,144,0,2,2,0.2430945,2.405556,1.8597118,0.8922079
O3_K8_sq_r22_c23.tif,O,O3,O3_K8_sq,22,23,1,2,39,97,1,1,1,0.9620335,15.866433,2.392663,0.79413927
O3_K8_sq_r22_c24.tif,O,O3,O3_K8_sq,22,24,0,0,46,89,0,2,2,0.33004072,3.265937,2.8989182,0.7502632
O3_K8_sq_r22_c25.tif,O,O3,O3_K8_sq,22,25,0,1,31,154,1,1,1,0.24050838,7.1398945,1.4310548,0.943804
O3_K8_sq_r22_c26.tif,O,O3,O3_K8_sq,22,26,0,1,19,135,1,1,1,0.2879973,8.549683,1.0608122,0.99117607
O3_K8_sq_r22_c27.tif,O,O3,O3_K8_sq,22,27,0,0,24,135,2,2,2,0.2808421,2.7790895,1.2997019,0.9665506
O3_K8_sq_r22_c28.tif,O,O3,O3_K8_sq,22,28,2,0,17,129,2,2,2,1.5071859,2.9828894,0.9964382,0.9914931
O3_K8_sq_r22_c29.tif,O,O3,O3_K8_sq,22,29,0,0,27,128,1,2,2,0.2879973,2.8498943,1.4960172,0.9399714
O3_K8_sq_r22_c30.tif,O,O3,O3_K8_sq,22,30,1,0,25,119,0,2,2,0.92276686,3.0437646,1.4815845,0.9336019
O3_K8_sq_r22_c31.tif,O,O3,O3_K8_sq,22,31,1,0,26,119,1,2,2,0.9165319,3.0231986,1.5292825,0.9272938
O3_K8_sq_r22_c37.tif,O,O3,O3_K8_sq,22,37,1,1,23,69,1,1,1,1.4129868,13.982293,2.090741,0.8314282
O3_K8_sq_r22_c38.tif,O,O3,O3_K8_sq,22,38,2,0,29,52,1,2,2,2.65974,5.263922,2.9641943,0.70933527
O3_K8_sq_r22_c44.tif,O,O3,O3_K8_sq,22,44,0,1,15,152,0,1,1,0.265974,7.895884,0.778729,1.030225
O3_K8_sq_r22_c45.tif,O,O3,O3_K8_sq,22,45,1,0,25,125,1,2,2,0.88658,2.9244013,1.4234831,0.9420273
O3_K8_sq_r22_c46.tif,O,O3,O3_K8_sq,22,46,0,0,13,95,1,1,1,0.41105068,4.0675764,1.0482012,0.9970613
O3_K8_sq_r22_c47.tif,O,O3,O3_K8_sq,22,47,1,0,17,109,1,2,2,1.051525,3.4684758,1.1586491,0.97484505
O3_K8_sq_r22_c48.tif,O,O3,O3_K8_sq,22,48,1,0,7,127,1,2,2,0.9901221,3.265937,0.46756744,1.0688107
O3_K8_sq_r22_c49.tif,O,O3,O3_K8_sq,22,49,0,0,5,86,0,1,1,0.486189,4.811112,0.5051069,1.0681797
O3_K8_sq_r21_c14.tif,O,O3,O3_K8_sq,21,14,3,0,5,85,0,0,0,3.331674,4.7098255,0.49447307,1.0336028
O3_K8_sq_r21_c15.tif,O,O3,O3_K8_sq,21,15,0,0,2,110,1,1,1,0.39662787,3.9248543,0.18730041,1.1131883
O3_K8_sq_r21_c16.tif,O,O3,O3_K8_sq,21,16,2,0,2,101,0,0,0,2.1128774,4.1816206,0.19955371,1.0894152
O3_K8_sq_r21_c17.tif,O,O3,O3_K8_sq,21,17,1,0,7,102,0,2,2,1.2111316,3.9949412,0.5719352,1.0510347
O3_K8_sq_r21_c18.tif,O,O3,O3_K8_sq,21,18,1,0,15,119,0,2,2,0.9901221,3.265937,0.96630603,1.0017481
O3_K8_sq_r21_c19.tif,O,O3,O3_K8_sq,21,19,1,0,15,138,0,2,2,0.8695304,2.8681629,0.84861493,1.0196154
O3_K8_sq_r21_c20.tif,O,O3,O3_K8_sq,21,20,1,0,30,162,0,2,2,0.6956243,2.2945304,1.3358842,0.95703965
O3_K8_sq_r21_c21.tif,O,O3,O3_K8_sq,21,21,1,0,42,127,2,2,2,0.78864384,2.601357,2.1103964,0.85132015
O3_K8_sq_r21_c22.tif,O,O3,O3_K8_sq,21,22,0,1,47,143,0,1,1,0.23427759,6.954923,2.1020346,0.8538975
O3_K8_sq_r21_c23.tif,O,O3,O3_K8_sq,21,23,0,0,37,138,2,2,2,0.25545523,2.5278723,1.8095125,0.89864403
O3_K8_sq_r21_c24.tif,O,O3,O3_K8_sq,21,24,0,0,32,159,0,2,2,0.23427759,2.3183076,1.4382342,0.9491057
O3_K8_sq_r21_c25.tif,O,O3,O3_K8_sq,21,25,1,0,24,132,1,2,2,0.85312414,2.8140464,1.3160504,0.95703965
O3_K8_sq_r21_c26.tif,O,O3,O3_K8_sq,21,26,1,0,30,102,1,2,2,1.0047907,3.3143213,1.9296104,0.8719695
O3_K8_sq_r21_c27.tif,O,O3,O3_K8_sq,21,27,0,0,22,135,1,2,2,0.28437468,2.8140464,1.2086177,0.9787085
O3_K8_sq_r21_c28.tif,O,O3,O3_K8_sq,21,28,0,0,23,133,1,2,2,0.28617454,2.831857,1.2703235,0.9703655
O3_K8_sq_r21_c29.tif,O,O3,O3_K8_sq,21,29,1,0,15,110,2,2,2,1.0597401,3.4955733,1.0342494,0.99143326
O3_K8_sq_r21_c30.tif,O,O3,O3_K8_sq,21,30,1,0,33,137,1,2,2,0.78408515,2.5863202,1.6538734,0.91278344
O3_K8_sq_r21_c31.tif,O,O3,O3_K8_sq,21,31,0,0,23,103,1,2,2,0.3532467,3.4955733,1.5680556,0.92862755
O3_K8_sq_r21_c32.tif,O,O3,O3_K8_sq,21,32,0,1,35,115,1,1,1,0.29552665,8.773204,1.9817117,0.8669653
O3_K8_sq_r21_c33.tif,O,O3,O3_K8_sq,21,33,1,0,36,100,0,2,2,0.9758758,3.2189453,2.242754,0.83035237
O3_K8_sq_r21_c34.tif,O,O3,O3_K8_sq,21,34,0,1,57,112,1,1,1,0.26288125,7.8040714,2.8552423,0.75116485
O3_K8_sq_r21_c35.tif,O,O3,O3_K8_sq,21,35,0,1,37,112,2,1,1,0.2974709,8.830922,2.1071296,0.8500023
O3_K8_sq_r21_c36.tif,O,O3,O3_K8_sq,21,36,0,0,34,131,2,2,2,0.27075198,2.679242,1.7644371,0.90431654
O3_K8_sq_r21_c37.tif,O,O3,O3_K8_sq,21,37,1,2,45,111,1,1,1,0.8425263,13.895448,2.413732,0.7953535
O3_K8_sq_r21_c38.tif,O,O3,O3_K8_sq,21,38,0,1,45,108,2,1,1,0.28984344,8.604488,2.4910953,0.79876006
O3_K8_sq_r21_c44.tif,O,O3,O3_K8_sq,21,44,0,0,10,94,2,1,1,0.42656207,4.22107,0.8460324,1.0238519
O3_K8_sq_r21_c45.tif,O,O3,O3_K8_sq,21,45,0,0,5,126,1,1,1,0.33996674,3.364161,0.35319504,1.0923204
O3_K8_sq_r21_c46.tif,O,O3,O3_K8_sq,21,46,0,0,7,96,0,1,1,0.43062457,4.2612705,0.6100642,1.055478
O3_K8_sq_r21_c47.tif,O,O3,O3_K8_sq,21,47,0,0,16,119,1,2,2,0.33004072,3.265937,1.0286484,1.0017481
O3_K8_sq_r21_c48.tif,O,O3,O3_K8_sq,21,48,2,0,6,121,0,0,0,1.7257854,3.415522,0.42378506,1.0651633
O3_K8_sq_r20_c19.tif,O,O3,O3_K8_sq,20,19,8,0,6,110,0,0,0,6.100515,3.551059,0.44060192,1.0071703
O3_K8_sq_r20_c20.tif,O,O3,O3_K8_sq,20,20,1,0,15,100,1,2,2,1.1495485,3.7918084,1.1218977,0.978127
O3_K8_sq_r20_c21.tif,O,O3,O3_K8_sq,20,21,1,0,25,122,0,2,2,0.90431154,2.9828894,1.4519528,0.9378989
O3_K8_sq_r20_c22.tif,O,O3,O3_K8_sq,20,22,4,0,28,117,1,0,0,2.6949682,2.963135,1.612024,0.89365953
O3_K8_sq_r20_c23.tif,O,O3,O3_K8_sq,20,23,1,0,28,133,1,2,2,0.82711416,2.7282524,1.4842415,0.93486434
O3_K8_sq_r20_c24.tif,O,O3,O3_K8_sq,20,24,1,0,31,130,1,2,2,0.82711416,2.7282524,1.6404774,0.91385615
O3_K8_sq_r20_c25.tif,O,O3,O3_K8_sq,20,25,1,0,22,131,1,2,2,0.8695304,2.8681629,1.2318604,0.9680824
O3_K8_sq_r20_c26.tif,O,O3,O3_K8_sq,20,26,3,0,11,128,1,0,0,2.1979795,3.1071763,0.68208563,1.02483
O3_K8_sq_r20_c27.tif,O,O3,O3_K8_sq,20,27,0,0,29,104,1,2,2,0.3349302,3.3143213,1.8663446,0.8889835
O3_K8_sq_r20_c28.tif,O,O3,O3_K8_sq,20,28,0,0,21,79,1,2,2,0.44329,4.386602,1.8002875,0.8951136
O3_K8_sq_r20_c29.tif,O,O3,O3_K8_sq,20,29,0,0,19,133,2,2,2,0.29360765,2.9054117,1.0814774,0.9955698
O3_K8_sq_r20_c30.tif,O,O3,O3_K8_sq,20,30,2,0,19,131,1,2,2,1.4680382,2.9054117,1.0814774,0.9806549
O3_K8_sq_r20_c31.tif,O,O3,O3_K8_sq,20,31,1,0,28,134,0,2,2,0.82210135,2.7117174,1.4752461,0.9361588
O3_K8_sq_r20_c32.tif,O,O3,O3_K8_sq,20,32,1,1,32,124,0,1,1,0.8477921,8.389377,1.7348701,0.89363575
O3_K8_sq_r20_c33.tif,O,O3,O3_K8_sq,20,33,1,1,28,141,1,1,1,0.78408515,7.7589602,1.4070266,0.9393372
O3_K8_sq_r20_c34.tif,O,O3,O3_K8_sq,20,34,2,0,23,102,1,2,2,1.7525418,3.4684758,1.5559001,0.9125262
O3_K8_sq_r20_c35.tif,O,O3,O3_K8_sq,20,35,0,0,16,131,1,2,2,0.30346024,3.0029087,0.94580424,1.0135628
O3_K8_sq_r20_c36.tif,O,O3,O3_K8_sq,20,36,1,0,20,128,0,2,2,0.89832276,2.963135,1.159526,0.9773213
O3_K8_sq_r20_c37.tif,O,O3,O3_K8_sq,20,37,1,0,27,109,1,2,2,0.9758758,3.2189453,1.6897461,0.9047123
O3_K8_sq_r20_c38.tif,O,O3,O3_K8_sq,20,38,1,2,50,110,1,1,1,0.82210135,13.558588,2.6140327,0.7691119
O3_K8_sq_r20_c44.tif,O,O3,O3_K8_sq,20,44,0,0,21,117,1,2,2,0.32296842,3.195953,1.311638,0.96387565
O3_K8_sq_r20_c45.tif,O,O3,O3_K8_sq,20,45,1,0,5,104,0,2,2,1.2111316,3.9949412,0.4194191,1.0715426
O3_K8_sq_r20_c46.tif,O,O3,O3_K8_sq,20,46,1,0,11,121,1,2,2,1.0047907,3.3143213,0.727558,1.0336028
O3_K8_sq_r20_c47.tif,O,O3,O3_K8_sq,20,47,1,0,11,113,0,2,2,1.0680845,3.5230975,0.77338845,1.0263685
O3_K8_sq_r20_c48.tif,O,O3,O3_K8_sq,20,48,1,0,1,46,1,1,1,2.7129345,8.948668,0.25622696,1.0680562
O3_K8_sq_r19_c20.tif,O,O3,O3_K8_sq,19,20,0,0,4,64,0,1,1,0.64593685,6.391906,0.5490578,1.0582124
O3_K8_sq_r19_c21.tif,O,O3,O3_K8_sq,19,21,3,0,9,78,0,0,0,3.4403155,4.8634067,0.8819406,0.9799254
O3_K8_sq_r19_c22.tif,O,O3,O3_K8_sq,19,22,1,0,16,97,0,2,2,1.1693684,3.8571844,1.2148691,0.96528995
O3_K8_sq_r19_c23.tif,O,O3,O3_K8_sq,19,23,2,0,14,129,1,0,0,1.5379449,3.0437646,0.84246963,1.0117276
O3_K8_sq_r19_c24.tif,O,O3,O3_K8_sq,19,24,2,0,15,123,0,2,2,1.5920979,3.1509392,0.9322812,0.9988259
O3_K8_sq_r19_c25.tif,O,O3,O3_K8_sq,19,25,0,0,8,139,1,1,1,0.30346024,3.0029087,0.48723248,1.0752244
O3_K8_sq_r19_c26.tif,O,O3,O3_K8_sq,19,26,1,0,23,138,1,2,2,0.82711416,2.7282524,1.2238482,0.969878
O3_K8_sq_r19_c27.tif,O,O3,O3_K8_sq,19,27,0,0,22,144,1,2,2,0.26914033,2.663294,1.1438704,0.9878016
O3_K8_sq_r19_c28.tif,O,O3,O3_K8_sq,19,28,0,0,18,149,1,2,2,0.2675478,2.6475348,0.9349504,1.0159343
O3_K8_sq_r19_c29.tif,O,O3,O3_K8_sq,19,29,1,0,16,147,1,2,2,0.817149,2.6953819,0.8489448,1.020458
O3_K8_sq_r19_c30.tif,O,O3,O3_K8_sq,19,30,0,0,21,109,1,2,2,0.34254226,3.389647,1.3911312,0.95268947
O3_K8_sq_r19_c31.tif,O,O3,O3_K8_sq,19,31,0,0,27,143,0,2,2,0.26288125,2.601357,1.3655506,0.9581525
O3_K8_sq_r19_c32.tif,O,O3,O3_K8_sq,19,32,1,0,35,131,0,2,2,0.8026434,2.6475348,1.7940941,0.89361453
O3_K8_sq_r19_c33.tif,O,O3,O3_K8_sq,19,33,1,3,36,88,1,1,1,1.0434364,24.092567,2.3980215,0.78182775
O3_K8_sq_r19_c34.tif,O,O3,O3_K8_sq,19,34,0,2,32,104,1,1,1,0.32296842,15.979765,1.9827086,0.85723406
O3_K8_sq_r19_c35.tif,O,O3,O3_K8_sq,19,35,0,0,26,108,1,2,2,0.3324675,3.2899516,1.6642193,0.9162247
O3_K8_sq_r19_c36.tif,O,O3,O3_K8_sq,19,36,0,1,38,84,0,1,1,0.36172464,10.738401,2.6305969,0.77635056
O3_K8_sq_r19_c37.tif,O,O3,O3_K8_sq,19,37,1,0,25,88,2,2,2,1.1693684,3.8571844,1.8775252,0.8761863
O3_K8_sq_r19_c38.tif,O,O3,O3_K8_sq,19,38,0,2,36,106,1,1,1,0.30969572,15.323061,2.1352246,0.8377375
O3_K8_sq_r19_c45.tif,O,O3,O3_K8_sq,19,45,1,0,8,110,0,2,2,1.1210474,3.6977966,0.5999805,1.0487889
O3_K8_sq_r19_c46.tif,O,O3,O3_K8_sq,19,46,0,0,26,143,1,2,2,0.26441857,2.6165695,1.3235896,0.9637557
O3_K8_sq_r19_c47.tif,O,O3,O3_K8_sq,19,47,0,0,21,125,0,2,2,0.30551067,3.0231986,1.2407386,0.9738525
O3_K8_sq_r19_c48.tif,O,O3,O3_K8_sq,19,48,0,0,1,58,0,1,1,0.74123895,7.3349733,0.2100221,1.10138
O3_K8_sq_r18_c24.tif,O,O3,O3_K8_sq,18,24,0,0,2,66,0,1,1,0.64593685,6.391906,0.3050321,1.0910252
O3_K8_sq_r18_c25.tif,O,O3,O3_K8_sq,18,25,2,0,9,101,0,0,0,1.9831394,3.9248543,0.71174157,1.0225213
O3_K8_sq_r18_c26.tif,O,O3,O3_K8_sq,18,26,0,0,6,129,0,1,1,0.33004072,3.265937,0.40522513,1.0855763
O3_K8_sq_r18_c27.tif,O,O3,O3_K8_sq,18,27,0,0,25,120,1,2,2,0.30758896,3.0437646,1.4815845,0.94141454
O3_K8_sq_r18_c28.tif,O,O3,O3_K8_sq,18,28,1,0,32,130,1,2,2,0.82210135,2.7117174,1.6822983,0.9083177
O3_K8_sq_r18_c29.tif,O,O3,O3_K8_sq,18,29,0,0,37,138,1,2,2,0.25545523,2.5278723,1.8095125,0.89864403
O3_K8_sq_r18_c30.tif,O,O3,O3_K8_sq,18,30,1,0,40,145,1,2,2,0.7215252,2.3799648,1.8399277,0.8888251
O3_K8_sq_r18_c31.tif,O,O3,O3_K8_sq,18,31,1,0,23,106,1,2,2,1.0276268,3.389647,1.5205387,0.9265884
O3_K8_sq_r18_c32.tif,O,O3,O3_K8_sq,18,32,0,1,30,140,1,1,1,0.26136172,7.7589602,1.5057654,0.9326988
O3_K8_sq_r18_c33.tif,O,O3,O3_K8_sq,18,33,0,1,38,133,0,1,1,0.25985965,7.714369,1.8897965,0.8811365
O3_K8_sq_r18_c34.tif,O,O3,O3_K8_sq,18,34,2,0,36,118,1,2,2,1.4308727,2.831857,1.9730557,0.8613357
O3_K8_sq_r18_c35.tif,O,O3,O3_K8_sq,18,35,0,1,31,133,1,1,1,0.27075198,8.037726,1.6110078,0.9180704
O3_K8_sq_r18_c36.tif,O,O3,O3_K8_sq,18,36,1,2,29,91,1,1,1,1.0851738,17.897335,2.0156522,0.8406636
O3_K8_sq_r18_c37.tif,O,O3,O3_K8_sq,18,37,1,0,64,94,0,2,2,0.8425263,2.7790895,3.4216642,0.6740888
O3_K8_sq_r18_c45.tif,O,O3,O3_K8_sq,18,45,3,0,11,109,0,0,0,2.5320723,3.5794673,0.78576267,1.0060401
O3_K8_sq_r18_c46.tif,O,O3,O3_K8_sq,18,46,3,0,19,144,0,0,0,1.8839824,2.663294,0.9913543,0.9878016
O3_K8_sq_r18_c47.tif,O,O3,O3_K8_sq,18,47,0,0,17,140,0,2,2,0.28437468,2.8140464,0.940036,1.0148232
O3_K8_sq_r18_c48.tif,O,O3,O3_K8_sq,18,48,2,0,2,73,1,0,0,2.8617454,5.663714,0.2702816,1.0684924
O3_K8_sq_r17_c27.tif,O,O3,O3_K8_sq,17,27,2,0,11,50,1,0,0,3.4781215,6.8835907,1.511082,0.8922554
O3_K8_sq_r17_c28.tif,O,O3,O3_K8_sq,17,28,0,0,16,100,1,2,2,0.38318285,3.7918084,1.1942782,0.978127
O3_K8_sq_r17_c29.tif,O,O3,O3_K8_sq,17,29,1,0,13,105,1,2,2,1.1210474,3.6977966,0.9529102,1.0013324
O3_K8_sq_r17_c30.tif,O,O3,O3_K8_sq,17,30,0,0,33,100,2,2,2,0.3349302,3.3143213,2.1194081,0.85495543
O3_K8_sq_r17_c31.tif,O,O3,O3_K8_sq,17,31,0,0,24,135,1,2,2,0.2808421,2.7790895,1.2997019,0.9665506
O3_K8_sq_r17_c32.tif,O,O3,O3_K8_sq,17,32,2,0,27,118,2,2,2,1.5173012,3.0029087,1.5763403,0.9133627
O3_K8_sq_r17_c33.tif,O,O3,O3_K8_sq,17,33,0,0,37,133,1,2,2,0.26288125,2.601357,1.8621145,0.8913823
O3_K8_sq_r17_c34.tif,O,O3,O3_K8_sq,17,34,1,0,16,90,0,2,2,1.2444655,4.104893,1.2928883,0.95352757
O3_K8_sq_r17_c35.tif,O,O3,O3_K8_sq,17,35,1,0,17,104,1,2,2,1.0939252,3.6083338,1.2053688,0.9678449
O3_K8_sq_r17_c36.tif,O,O3,O3_K8_sq,17,36,3,0,23,130,1,0,0,2.0032218,2.831857,1.2703235,0.9485596
O3_K8_sq_r17_c44.tif,O,O3,O3_K8_sq,17,44,0,1,44,135,0,1,1,0.24843724,7.375276,2.0882967,0.85502553
O3_K8_sq_r17_c45.tif,O,O3,O3_K8_sq,17,45,0,0,9,91,0,1,1,0.44329,4.386602,0.79547584,1.030225
O3_K8_sq_r16_c29.tif,O,O3,O3_K8_sq,16,29,0,0,8,76,0,1,1,0.5257625,5.202714,0.8441586,1.0215842
O3_K8_sq_r16_c30.tif,O,O3,O3_K8_sq,16,30,2,0,31,87,0,2,2,1.8530974,3.6674867,2.205232,0.82368165
O3_K8_sq_r16_c31.tif,O,O3,O3_K8_sq,16,31,0,0,33,106,1,2,2,0.32067785,3.1732864,2.0292206,0.8674445
O3_K8_sq_r16_c32.tif,O,O3,O3_K8_sq,16,32,0,0,15,166,1,2,2,0.24707966,2.444991,0.7234094,1.044899
O3_K8_sq_r16_c33.tif,O,O3,O3_K8_sq,16,33,1,1,19,86,2,1,1,1.2444655,12.314681,1.5279589,0.9113827
O3_K8_sq_r16_c34.tif,O,O3,O3_K8_sq,16,34,3,0,14,83,1,0,0,3.10303,4.386602,1.2141474,0.94015074
O3_K8_sq_r16_c35.tif,O,O3,O3_K8_sq,16,35,2,0,19,98,2,2,2,1.8684123,3.6977966,1.3764259,0.9348933
O3_K8_sq_r16_c36.tif,O,O3,O3_K8_sq,16,36,2,0,17,132,0,2,2,1.4776334,2.9244013,0.97690016,0.9945706
O3_K8_sq_r16_c37.tif,O,O3,O3_K8_sq,16,37,0,0,24,146,0,2,2,0.26288125,2.601357,1.2165815,0.97818357
O3_K8_sq_r16_c40.tif,O,O3,O3_K8_sq,16,40,0,0,22,134,1,2,2,0.28617454,2.831857,1.2162672,0.9776342
O3_K8_sq_r16_c41.tif,O,O3,O3_K8_sq,16,41,1,0,36,94,1,2,2,1.0199002,3.364161,2.3439307,0.8160022
O3_K8_sq_r16_c42.tif,O,O3,O3_K8_sq,16,42,2,2,46,100,0,1,1,1.4873545,14.7182045,2.6128407,0.7593354
O3_K8_sq_r16_c43.tif,O,O3,O3_K8_sq,16,43,0,1,43,98,0,1,1,0.31399706,9.321529,2.580063,0.7855701
O3_K8_sq_r16_c44.tif,O,O3,O3_K8_sq,16,44,0,0,28,102,1,2,2,0.34254226,3.389647,1.8440577,0.89178693
O3_K8_sq_r16_c45.tif,O,O3,O3_K8_sq,16,45,1,1,14,95,0,1,1,1.2004136,11.878762,1.095956,0.9705907
O3_K8_sq_r15_c31.tif,O,O3,O3_K8_sq,15,31,3,0,12,81,0,0,0,3.2296844,4.5656466,1.0894003,0.9550865
O3_K8_sq_r15_c32.tif,O,O3,O3_K8_sq,15,32,4,0,23,104,0,0,0,3.059701,3.364161,1.5091062,0.9023517
O3_K8_sq_r15_c33.tif,O,O3,O3_K8_sq,15,33,1,0,11,94,1,2,2,1.2559882,4.142902,0.90944755,1.0048916
O3_K8_sq_r15_c34.tif,O,O3,O3_K8_sq,15,34,1,0,15,96,0,2,2,1.1898836,3.9248543,1.1612625,0.9721508
O3_K8_sq_r15_c35.tif,O,O3,O3_K8_sq,15,35,0,0,20,108,1,2,2,0.34781215,3.4417953,1.3468341,0.95851207
O3_K8_sq_r15_c36.tif,O,O3,O3_K8_sq,15,36,5,0,18,132,1,0,0,3.1679704,2.8498943,1.0064117,0.9692312
O3_K8_sq_r15_c37.tif,O,O3,O3_K8_sq,15,37,3,1,31,166,0,1,1,1.5591578,6.612316,1.3253118,0.9419533
O3_K8_sq_r15_c38.tif,O,O3,O3_K8_sq,15,38,0,0,38,126,1,2,2,0.27238297,2.6953819,1.9808711,0.8751724
O3_K8_sq_r15_c39.tif,O,O3,O3_K8_sq,15,39,3,0,22,121,0,0,0,2.1385746,3.0231986,1.2984474,0.94281334
O3_K8_sq_r15_c40.tif,O,O3,O3_K8_sq,15,40,0,0,24,139,0,2,2,0.27403378,2.7117174,1.2681941,0.97096026
O3_K8_sq_r15_c41.tif,O,O3,O3_K8_sq,15,41,0,0,38,143,1,2,2,0.24707966,2.444991,1.7968557,0.9005586
O3_K8_sq_r15_c42.tif,O,O3,O3_K8_sq,15,42,0,1,36,143,0,1,1,0.24843724,7.375276,1.7128725,0.9055068
O3_K8_sq_r15_c43.tif,O,O3,O3_K8_sq,15,43,2,0,27,146,0,2,2,1.2772762,2.5278723,1.3269757,0.9505513
O3_K8_sq_r15_c44.tif,O,O3,O3_K8_sq,15,44,6,0,12,85,0,0,0,5.5981193,4.2612705,1.0167737,0.93516445
O3_K8_sq_r14_c33.tif,O,O3,O3_K8_sq,14,33,1,0,8,62,0,1,1,1.8581744,6.129225,0.99448824,0.9832599
O3_K8_sq_r14_c34.tif,O,O3,O3_K8_sq,14,34,1,0,7,101,0,2,2,1.2220427,4.0309315,0.5770877,1.0501571
O3_K8_sq_r14_c35.tif,O,O3,O3_K8_sq,14,35,1,0,6,93,1,2,2,1.32987,4.386602,0.54427296,1.0527437
O3_K8_sq_r14_c36.tif,O,O3,O3_K8_sq,14,36,3,0,13,145,0,0,0,1.9417733,2.74499,0.70737505,1.025148
O3_K8_sq_r14_c37.tif,O,O3,O3_K8_sq,14,37,1,0,11,146,0,2,2,0.8477921,2.7964587,0.61387706,1.0515473
O3_K8_sq_r14_c38.tif,O,O3,O3_K8_sq,14,38,3,0,14,100,1,0,0,2.65974,3.7599447,1.0406977,0.9699074
O3_K8_sq_r14_c39.tif,O,O3,O3_K8_sq,14,39,4,0,13,106,1,0,0,3.2555215,3.5794673,0.9224171,0.97847736
O3_K8_sq_r14_c40.tif,O,O3,O3_K8_sq,14,40,1,0,13,83,1,2,2,1.370169,4.5195293,1.1646681,0.96864015
O3_K8_sq_r14_c41.tif,O,O3,O3_K8_sq,14,41,2,0,25,119,1,2,2,1.5275532,3.0231986,1.4715737,0.9272938
O3_K8_sq_r14_c42.tif,O,O3,O3_K8_sq,14,42,1,0,21,117,1,2,2,0.9620335,3.1732864,1.3023356,0.95703965
O3_K8_sq_r14_c43.tif,O,O3,O3_K8_sq,14,43,1,0,8,133,0,2,2,0.9419912,3.1071763,0.5041503,1.0647066
O3_K8_sq_r13_c36.tif,O,O3,O3_K8_sq,13,36,3,0,2,59,0,0,0,4.795592,6.779294,0.3235189,1.0353428
O3_K8_sq_r13_c37.tif,O,O3,O3_K8_sq,13,37,2,0,4,128,0,0,0,1.6623374,3.2899516,0.28260326,1.0851141
O3_K8_sq_r13_c38.tif,O,O3,O3_K8_sq,13,38,1,0,4,99,1,1,1,1.2796862,4.22107,0.36258534,1.0780239
O3_K8_sq_r13_c39.tif,O,O3,O3_K8_sq,13,39,0,0,10,114,1,1,1,0.35885382,3.551059,0.71174157,1.0436289
O3_K8_sq_r13_c40.tif,O,O3,O3_K8_sq,13,40,3,0,3,72,0,0,0,3.956363,5.5929174,0.37366432,1.0407807
O3_K8_sq_r13_c41.tif,O,O3,O3_K8_sq,13,41,2,0,11,104,0,0,0,1.8998142,3.7599447,0.825381,1.0085107
O3_K8_sq_r13_c42.tif,O,O3,O3_K8_sq,13,42,3,0,3,77,0,0,0,3.723636,5.263922,0.35168406,1.0471139
Y1_K8_sq_r10_c15.tif,Y,Y1,Y1_K8_sq,10,15,3,0,2,130,1,0,0,2.3102849,3.265937,0.1558558,1.0939592
Y1_K8_sq_r10_c16.tif,Y,Y1,Y1_K8_sq,10,16,1,0,13,169,0,2,2,0.7332256,2.4185588,0.6232548,1.0522263
Y1_K8_sq_r10_c17.tif,Y,Y1,Y1_K8_sq,10,17,2,0,29,158,0,2,2,1.1836538,2.3425832,1.3191441,0.9530311
Y1_K8_sq_r10_c18.tif,Y,Y1,Y1_K8_sq,10,18,0,0,28,153,0,2,2,0.24707966,2.444991,1.3301399,0.9633153
Y1_K8_sq_r10_c19.tif,Y,Y1,Y1_K8_sq,10,19,1,0,8,151,0,2,2,0.8373255,2.7619345,0.44813356,1.0740112
Y1_K8_sq_r10_c20.tif,Y,Y1,Y1_K8_sq,10,20,0,2,23,114,0,1,1,0.32067785,15.866433,1.4234831,0.93260455
Y1_K8_sq_r10_c26.tif,Y,Y1,Y1_K8_sq,10,26,1,2,54,81,0,1,1,0.96890527,15.979765,3.3248498,0.6685605
Y1_K8_sq_r10_c36.tif,Y,Y1,Y1_K8_sq,10,36,2,1,17,152,1,1,1,1.2992982,7.714369,0.8589984,1.0065417
Y1_K8_sq_r10_c37.tif,Y,Y1,Y1_K8_sq,10,37,3,0,12,139,1,0,0,2.0289042,2.8681629,0.6843669,1.0269772
Y1_K8_sq_r10_c38.tif,Y,Y1,Y1_K8_sq,10,38,2,0,4,98,0,0,0,2.1328104,4.22107,0.36258534,1.0671895
Y1_K8_sq_r11_c15.tif,Y,Y1,Y1_K8_sq,11,15,1,0,9,166,0,2,2,0.7620603,2.5136707,0.45583448,1.0742501
Y1_K8_sq_r11_c16.tif,Y,Y1,Y1_K8_sq,11,16,2,0,21,181,0,2,2,1.0974654,2.1720068,0.89140445,1.0118604
Y1_K8_sq_r11_c17.tif,Y,Y1,Y1_K8_sq,11,17,1,0,35,149,0,2,2,0.7253836,2.392692,1.6214006,0.9181439
Y1_K8_sq_r11_c18.tif,Y,Y1,Y1_K8_sq,11,18,1,1,32,140,0,1,1,0.77072006,7.6267056,1.5771546,0.91680044
Y1_K8_sq_r11_c19.tif,Y,Y1,Y1_K8_sq,11,19,1,1,12,145,0,1,1,0.8425263,8.337269,0.66311324,1.0378827
Y1_K8_sq_r11_c20.tif,Y,Y1,Y1_K8_sq,11,20,3,0,16,149,0,0,0,1.861818,2.631961,0.8289696,1.0099583
Y1_K8_sq_r11_c35.tif,Y,Y1,Y1_K8_sq,11,35,0,2,42,120,2,1,1,0.27238297,13.47691,2.1866758,0.8336623
Y1_K8_sq_r11_c36.tif,Y,Y1,Y1_K8_sq,11,36,1,0,15,153,2,2,2,0.79325575,2.6165695,0.774175,1.0309163
Y1_K8_sq_r11_c37.tif,Y,Y1,Y1_K8_sq,11,37,0,0,23,136,1,2,2,0.2808421,2.7790895,1.2466528,0.9736838
Y1_K8_sq_r11_c38.tif,Y,Y1,Y1_K8_sq,11,38,7,0,11,151,1,0,0,3.9662788,2.6165695,0.5743879,1.0174843
Y1_K8_sq_r12_c14.tif,Y,Y1,Y1_K8_sq,12,14,0,0,0,62,1,1,1,0.7064934,6.9911466,0.06672577,1.1215309
Y1_K8_sq_r12_c15.tif,Y,Y1,Y1_K8_sq,12,15,1,0,6,155,0,2,2,0.82711416,2.7282524,0.33851123,1.0889244
Y1_K8_sq_r12_c16.tif,Y,Y1,Y1_K8_sq,12,16,1,1,16,145,0,1,1,0.82210135,8.135153,0.85408986,1.0127219
Y1_K8_sq_r12_c17.tif,Y,Y1,Y1_K8_sq,12,17,2,0,15,149,0,2,2,1.3457017,2.663294,0.7879996,1.0219816
Y1_K8_sq_r12_c18.tif,Y,Y1,Y1_K8_sq,12,18,1,1,23,146,0,1,1,0.78408515,7.7589602,1.1601799,0.97252935
Y1_K8_sq_r12_c19.tif,Y,Y1,Y1_K8_sq,12,19,1,1,8,145,0,1,1,0.8639919,8.549683,0.46240535,1.0643257
Y1_K8_sq_r12_c20.tif,Y,Y1,Y1_K8_sq,12,20,2,1,28,133,0,1,1,1.361915,8.086145,1.4663591,0.9236009
Y1_K8_sq_r12_c26.tif,Y,Y1,Y1_K8_sq,12,26,1,0,37,97,1,2,2,0.9901221,3.265937,2.3378372,0.81732583
Y1_K8_sq_r12_c32.tif,Y,Y1,Y1_K8_sq,12,32,0,0,55,82,0,2,2,0.32529193,3.2189453,3.410215,0.6816326
Y1_K8_sq_r12_c34.tif,Y,Y1,Y1_K8_sq,12,34,1,0,47,134,2,2,2,0.7372105,2.4317033,2.2048516,0.83949023
Y1_K8_sq_r12_c35.tif,Y,Y1,Y1_K8_sq,12,35,0,0,14,142,2,2,2,0.28617454,2.831857,0.78381664,1.0357834
Y1_K8_sq_r12_c36.tif,Y,Y1,Y1_K8_sq,12,36,3,0,32,136,1,0,0,1.829532,2.5863202,1.6045041,0.90614504
Y1_K8_sq_r12_c37.tif,Y,Y1,Y1_K8_sq,12,37,2,0,16,139,1,2,2,1.4218736,2.8140464,0.8863197,1.0076002
Y1_K8_sq_r12_c38.tif,Y,Y1,Y1_K8_sq,12,38,1,0,15,138,2,2,2,0.8695304,2.8681629,0.84861493,1.0196154
Y1_K8_sq_r13_c13.tif,Y,Y1,Y1_K8_sq,13,13,5,0,5,119,0,0,0,3.796728,3.415522,0.35858735,1.0476297
Y1_K8_sq_r13_c14.tif,Y,Y1,Y1_K8_sq,13,14,4,0,9,114,0,0,0,3.1545753,3.4684758,0.6289809,1.0193585
Y1_K8_sq_r13_c15.tif,Y,Y1,Y1_K8_sq,13,15,2,0,6,137,0,0,0,1.5379449,3.0437646,0.37765878,1.0742282
Y1_K8_sq_r13_c16.tif,Y,Y1,Y1_K8_sq,13,16,1,1,23,139,0,1,1,0.817149,8.086145,1.2091031,0.965111
Y1_K8_sq_r13_c17.tif,Y,Y1,Y1_K8_sq,13,17,0,0,19,139,0,2,2,0.28259736,2.7964587,1.040922,1.0013027
Y1_K8_sq_r13_c18.tif,Y,Y1,Y1_K8_sq,13,18,0,2,33,137,0,1,1,0.25985965,12.857282,1.6443684,0.9075376
Y1_K8_sq_r13_c19.tif,Y,Y1,Y1_K8_sq,13,19,1,0,16,136,0,2,2,0.8751402,2.886667,0.90919244,1.0113748
Y1_K8_sq_r13_c20.tif,Y,Y1,Y1_K8_sq,13,20,3,0,26,111,0,0,0,2.228937,3.1509392,1.5939001,0.901774
Y1_K8_sq_r13_c21.tif,Y,Y1,Y1_K8_sq,13,21,2,1,39,109,0,1,1,1.4776334,8.773204,2.2050033,0.82192814
Y1_K8_sq_r13_c26.tif,Y,Y1,Y1_K8_sq,13,26,1,0,42,97,2,2,2,0.95525867,3.1509392,2.5562549,0.78854674
Y1_K8_sq_r13_c33.tif,Y,Y1,Y1_K8_sq,13,33,0,1,34,103,2,1,1,0.32296842,9.587859,2.1047213,0.8490309
Y1_K8_sq_r13_c34.tif,Y,Y1,Y1_K8_sq,13,34,4,0,23,146,2,0,0,2.3253725,2.5567622,1.1469207,0.96141475
Y1_K8_sq_r13_c35.tif,Y,Y1,Y1_K8_sq,13,35,2,0,15,135,2,2,2,1.4680382,2.9054117,0.8596359,1.0104847
Y1_K8_sq_r13_c36.tif,Y,Y1,Y1_K8_sq,13,36,0,0,17,151,2,2,2,0.265974,2.631961,0.8792102,1.0234694
Y1_K8_sq_r13_c37.tif,Y,Y1,Y1_K8_sq,13,37,0,0,21,139,2,2,2,0.2791085,2.7619345,1.1335143,0.98894095
Y1_K8_sq_r13_c38.tif,Y,Y1,Y1_K8_sq,13,38,1,0,8,140,1,2,2,0.89832276,2.963135,0.48077905,1.0685886
Y1_K8_sq_r14_c13.tif,Y,Y1,Y1_K8_sq,14,13,0,0,20,141,0,2,2,0.27739617,2.74499,1.0741621,0.9969652
Y1_K8_sq_r14_c14.tif,Y,Y1,Y1_K8_sq,14,14,3,0,11,146,1,0,0,1.9537596,2.7619345,0.6062984,1.0385653
Y1_K8_sq_r14_c15.tif,Y,Y1,Y1_K8_sq,14,15,2,0,26,131,0,2,2,1.4042104,2.7790895,1.4058001,0.9380178
Y1_K8_sq_r14_c16.tif,Y,Y1,Y1_K8_sq,14,16,1,0,21,104,0,2,2,1.0597401,3.4955733,1.434604,0.9375998
Y1_K8_sq_r14_c17.tif,Y,Y1,Y1_K8_sq,14,17,1,2,34,110,0,1,1,0.9103807,15.014544,1.9775907,0.8517011
Y1_K8_sq_r14_c21.tif,Y,Y1,Y1_K8_sq,14,21,0,0,34,132,1,2,2,0.26914033,2.663294,1.7539346,0.90576965
Y1_K8_sq_r14_c22.tif,Y,Y1,Y1_K8_sq,14,22,0,1,47,95,1,1,1,0.31183156,9.257242,2.7978806,0.75639135
Y1_K8_sq_r14_c25.tif,Y,Y1,Y1_K8_sq,14,25,2,0,29,109,0,2,2,1.5920979,3.1509392,1.7743416,0.88559866
Y1_K8_sq_r14_c26.tif,Y,Y1,Y1_K8_sq,14,26,0,1,31,121,1,1,1,0.2917134,8.660001,1.735731,0.90023476
Y1_K8_sq_r14_c27.tif,Y,Y1,Y1_K8_sq,14,27,0,2,45,121,2,1,1,0.265974,13.159806,2.2859464,0.8208023
Y1_K8_sq_r14_c34.tif,Y,Y1,Y1_K8_sq,14,34,1,3,24,101,1,1,1,1.0354713,23.908653,1.5973436,0.8898277
Y1_K8_sq_r14_c35.tif,Y,Y1,Y1_K8_sq,14,35,1,0,11,100,2,2,2,1.1898836,3.9248543,0.8615819,1.0124472
Y1_K8_sq_r14_c36.tif,Y,Y1,Y1_K8_sq,14,36,0,0,17,145,2,2,2,0.27570474,2.7282524,0.9113764,1.018897
Y1_K8_sq_r14_c37.tif,Y,Y1,Y1_K8_sq,14,37,4,0,16,144,1,0,0,2.451447,2.6953819,0.8489448,0.9997029
Y1_K8_sq_r14_c38.tif,Y,Y1,Y1_K8_sq,14,38,3,1,11,149,1,1,1,1.906681,8.086145,0.59168875,1.0342946
Y1_K8_sq_r15_c12.tif,Y,Y1,Y1_K8_sq,15,12,2,0,6,119,0,0,0,1.7525418,3.4684758,0.43035537,1.063872
Y1_K8_sq_r15_c13.tif,Y,Y1,Y1_K8_sq,15,13,1,0,11,143,0,2,2,0.8639919,2.8498943,0.62560725,1.0496957
Y1_K8_sq_r15_c14.tif,Y,Y1,Y1_K8_sq,15,14,0,0,20,173,0,2,2,0.23187476,2.2945304,0.8978894,1.0218239
Y1_K8_sq_r15_c15.tif,Y,Y1,Y1_K8_sq,15,15,0,0,26,157,1,2,2,0.24440853,2.4185588,1.223426,0.9777324
Y1_K8_sq_r15_c21.tif,Y,Y1,Y1_K8_sq,15,21,0,1,19,133,1,1,1,0.2917134,8.660001,1.0745001,0.9891468
Y1_K8_sq_r15_c22.tif,Y,Y1,Y1_K8_sq,15,22,0,0,22,138,0,2,2,0.2791085,2.7619345,1.186236,0.9818518
Y1_K8_sq_r15_c23.tif,Y,Y1,Y1_K8_sq,15,23,0,0,31,82,0,2,2,0.3931789,3.890725,2.3394637,0.82388633
Y1_K8_sq_r15_c24.tif,Y,Y1,Y1_K8_sq,15,24,3,0,32,97,2,0,0,2.3620079,3.339055,2.0714867,0.8356242
Y1_K8_sq_r15_c25.tif,Y,Y1,Y1_K8_sq,15,25,1,0,38,100,2,2,2,0.9620335,3.1732864,2.3320894,0.8185743
Y1_K8_sq_r15_c26.tif,Y,Y1,Y1_K8_sq,15,26,0,0,27,113,1,2,2,0.31841955,3.1509392,1.6540473,0.9179493
Y1_K8_sq_r15_c35.tif,Y,Y1,Y1_K8_sq,15,35,2,0,29,122,2,2,2,1.458567,2.886667,1.6255258,0.9076441
Y1_K8_sq_r15_c36.tif,Y,Y1,Y1_K8_sq,15,36,1,0,26,158,2,2,2,0.7253836,2.392692,1.2103413,0.9734168
Y1_K8_sq_r15_c37.tif,Y,Y1,Y1_K8_sq,15,37,2,0,10,151,2,0,0,1.370169,2.7117174,0.54351175,1.0544838
Y1_K8_sq_r15_c38.tif,Y,Y1,Y1_K8_sq,15,38,1,0,9,144,2,2,2,0.8695304,2.8681629,0.52011883,1.0637864
Y1_K8_sq_r16_c12.tif,Y,Y1,Y1_K8_sq,16,12,1,0,13,145,0,2,2,0.8425263,2.7790895,0.7161623,1.0378827
Y1_K8_sq_r16_c13.tif,Y,Y1,Y1_K8_sq,16,13,3,0,17,159,0,0,0,1.7486688,2.4720078,0.8257775,1.0120298
Y1_K8_sq_r16_c20.tif,Y,Y1,Y1_K8_sq,16,20,0,2,34,83,1,1,1,0.37368244,18.488983,2.435215,0.7925238
Y1_K8_sq_r16_c21.tif,Y,Y1,Y1_K8_sq,16,21,2,0,19,133,1,2,2,1.4492173,2.8681629,1.0676123,0.9828061
Y1_K8_sq_r16_c22.tif,Y,Y1,Y1_K8_sq,16,22,3,0,31,135,1,0,0,1.8509301,2.6165695,1.5733234,0.9100272
Y1_K8_sq_r16_c23.tif,Y,Y1,Y1_K8_sq,16,23,3,0,24,119,0,0,0,2.1385746,3.0231986,1.413865,0.9272938
Y1_K8_sq_r16_c24.tif,Y,Y1,Y1_K8_sq,16,24,2,1,23,116,2,1,1,1.5699854,9.321529,1.3938272,0.929126
Y1_K8_sq_r16_c25.tif,Y,Y1,Y1_K8_sq,16,25,0,0,28,106,2,2,2,0.3324675,3.2899516,1.7898207,0.89933574
Y1_K8_sq_r16_c26.tif,Y,Y1,Y1_K8_sq,16,26,0,1,49,101,2,1,1,0.29552665,8.773204,2.763232,0.7618786
Y1_K8_sq_r16_c34.tif,Y,Y1,Y1_K8_sq,16,34,0,0,16,101,2,2,2,0.37996286,3.7599447,1.1842422,0.9795582
Y1_K8_sq_r16_c35.tif,Y,Y1,Y1_K8_sq,16,35,0,0,13,93,2,1,1,0.41866276,4.142902,1.0676123,0.9942578
Y1_K8_sq_r16_c36.tif,Y,Y1,Y1_K8_sq,16,36,1,0,24,158,2,2,2,0.7332256,2.4185588,1.131092,0.98394024
Y1_K8_sq_r16_c37.tif,Y,Y1,Y1_K8_sq,16,37,2,0,29,152,2,2,2,1.2220427,2.4185588,1.361927,0.94669324
Y1_K8_sq_r16_c38.tif,Y,Y1,Y1_K8_sq,16,38,1,0,12,142,2,2,2,0.8639919,2.8498943,0.6800079,1.0423808
Y1_K8_sq_r16_c39.tif,Y,Y1,Y1_K8_sq,16,39,6,0,1,74,0,0,0,7.081958,5.3907638,0.15435359,1.0308355
Y1_K8_sq_r17_c11.tif,Y,Y1,Y1_K8_sq,17,11,5,0,1,80,0,0,0,5.651947,5.0844707,0.14558351,1.0505686
Y1_K8_sq_r17_c12.tif,Y,Y1,Y1_K8_sq,17,12,1,0,15,157,0,2,2,0.77512413,2.5567622,0.7564796,1.0336028
Y1_K8_sq_r17_c13.tif,Y,Y1,Y1_K8_sq,17,13,2,0,13,168,0,2,2,1.2220427,2.4185588,0.6232548,1.0460185
Y1_K8_sq_r17_c19.tif,Y,Y1,Y1_K8_sq,17,19,0,0,33,86,0,2,2,0.37368244,3.6977966,2.3646288,0.82099766
Y1_K8_sq_r17_c20.tif,Y,Y1,Y1_K8_sq,17,20,0,0,25,126,1,2,2,0.29552665,2.9244013,1.4234831,0.94953346
Y1_K8_sq_r17_c21.tif,Y,Y1,Y1_K8_sq,17,21,1,0,12,146,1,2,2,0.8425263,2.7790895,0.66311324,1.0450159
Y1_K8_sq_r17_c22.tif,Y,Y1,Y1_K8_sq,17,22,2,0,27,143,1,2,2,1.2992982,2.5714562,1.3498547,0.94713926
Y1_K8_sq_r17_c23.tif,Y,Y1,Y1_K8_sq,17,23,2,0,27,144,1,2,2,1.2918737,2.5567622,1.3421413,0.9482896
Y1_K8_sq_r17_c24.tif,Y,Y1,Y1_K8_sq,17,24,2,0,24,121,1,2,2,1.5173012,3.0029087,1.4043759,0.93648577
Y1_K8_sq_r17_c25.tif,Y,Y1,Y1_K8_sq,17,25,1,0,27,102,1,2,2,1.0276268,3.389647,1.7793539,0.89178693
Y1_K8_sq_r17_c26.tif,Y,Y1,Y1_K8_sq,17,26,1,1,28,126,2,1,1,0.8585236,8.49557,1.5406052,0.9194849
Y1_K8_sq_r17_c34.tif,Y,Y1,Y1_K8_sq,17,34,0,0,30,106,2,2,2,0.32764912,3.242271,1.8876624,0.88630193
Y1_K8_sq_r17_c35.tif,Y,Y1,Y1_K8_sq,17,35,0,0,26,130,2,2,2,0.28617454,2.831857,1.4324925,0.9485596
Y1_K8_sq_r17_c36.tif,Y,Y1,Y1_K8_sq,17,36,1,0,31,143,2,2,2,0.7663657,2.5278723,1.5199904,0.931086
Y1_K8_sq_r17_c37.tif,Y,Y1,Y1_K8_sq,17,37,1,0,24,164,2,2,2,0.71019226,2.3425832,1.0955603,0.98910797
Y1_K8_sq_r17_c38.tif,Y,Y1,Y1_K8_sq,17,38,2,0,14,144,1,2,2,1.3955425,2.7619345,0.7644631,1.0243869
Y1_K8_sq_r18_c11.tif,Y,Y1,Y1_K8_sq,18,11,1,0,8,121,0,2,2,1.0276268,3.389647,0.5499821,1.0570939
Y1_K8_sq_r18_c12.tif,Y,Y1,Y1_K8_sq,18,12,1,0,24,146,0,2,2,0.78408515,2.5863202,1.2095492,0.97252935
Y1_K8_sq_r18_c13.tif,Y,Y1,Y1_K8_sq,18,13,4,1,13,134,0,1,1,2.6424687,8.716235,0.74871516,1.0030272
Y1_K8_sq_r18_c14.tif,Y,Y1,Y1_K8_sq,18,14,1,0,17,159,0,2,2,0.757803,2.4996278,0.83500403,1.0233374
Y1_K8_sq_r18_c19.tif,Y,Y1,Y1_K8_sq,18,19,1,0,30,113,1,2,2,0.9290872,3.0646124,1.7842288,0.89280003
Y1_K8_sq_r18_c20.tif,Y,Y1,Y1_K8_sq,18,20,0,0,27,106,1,2,2,0.3349302,3.3143213,1.7398126,0.9059975
Y1_K8_sq_r18_c21.tif,Y,Y1,Y1_K8_sq,18,21,0,0,10,135,1,2,2,0.30758896,3.0437646,0.6100642,1.058603
Y1_K8_sq_r18_c22.tif,Y,Y1,Y1_K8_sq,18,22,0,0,12,160,1,2,2,0.25985965,2.5714562,0.6135703,1.0593438
Y1_K8_sq_r18_c23.tif,Y,Y1,Y1_K8_sq,18,23,1,1,16,147,1,1,1,0.8122559,8.037726,0.8438612,1.0143474
Y1_K8_sq_r18_c24.tif,Y,Y1,Y1_K8_sq,18,24,3,0,28,126,1,0,0,1.9906229,2.8140464,1.5309157,0.913702
Y1_K8_sq_r18_c25.tif,Y,Y1,Y1_K8_sq,18,25,2,0,22,105,1,2,2,1.7257854,3.415522,1.4669483,0.9248948
Y1_K8_sq_r18_c26.tif,Y,Y1,Y1_K8_sq,18,26,0,0,30,117,2,2,2,0.30346024,3.0029087,1.7483047,0.90565497
Y1_K8_sq_r18_c27.tif,Y,Y1,Y1_K8_sq,18,27,1,0,24,100,2,2,2,1.0680845,3.5230975,1.6476537,0.90881085
Y1_K8_sq_r18_c33.tif,Y,Y1,Y1_K8_sq,18,33,1,1,17,78,2,1,1,1.370169,13.558588,1.5097548,0.91063774
Y1_K8_sq_r18_c34.tif,Y,Y1,Y1_K8_sq,18,34,0,1,25,109,2,1,1,0.33004072,9.7978115,1.5897293,0.9179198
Y1_K8_sq_r18_c35.tif,Y,Y1,Y1_K8_sq,18,35,3,0,20,128,2,0,0,2.0686865,2.9244013,1.1443689,0.96454585
Y1_K8_sq_r18_c36.tif,Y,Y1,Y1_K8_sq,18,36,1,0,26,135,1,2,2,0.82711416,2.7282524,1.3800842,0.94886976
Y1_K8_sq_r18_c37.tif,Y,Y1,Y1_K8_sq,18,37,2,0,33,151,1,2,2,1.202542,2.3799648,1.5219154,0.9254777
Y1_K8_sq_r18_c38.tif,Y,Y1,Y1_K8_sq,18,38,2,0,19,148,2,2,2,1.3220929,2.6165695,0.9739621,0.9973361
Y1_K8_sq_r18_c39.tif,Y,Y1,Y1_K8_sq,18,39,2,0,3,93,0,0,0,2.260779,4.474334,0.29893145,1.0737985
Y1_K8_sq_r19_c11.tif,Y,Y1,Y1_K8_sq,19,11,3,0,10,162,0,0,0,1.7881866,2.5278723,0.50666344,1.0543658
Y1_K8_sq_r19_c12.tif,Y,Y1,Y1_K8_sq,19,12,1,0,10,162,0,2,2,0.77512413,2.5567622,0.5124539,1.0664155
Y1_K8_sq_r19_c13.tif,Y,Y1,Y1_K8_sq,19,13,0,0,14,162,0,2,2,0.2540201,2.5136707,0.6957474,1.0484424
Y1_K8_sq_r19_c14.tif,Y,Y1,Y1_K8_sq,19,14,0,0,10,143,0,2,2,0.2917134,2.886667,0.57857704,1.0632402
Y1_K8_sq_r19_c15.tif,Y,Y1,Y1_K8_sq,19,15,2,0,9,142,0,0,0,1.458567,2.886667,0.52347445,1.0558308
Y1_K8_sq_r19_c16.tif,Y,Y1,Y1_K8_sq,19,16,0,0,22,132,0,2,2,0.28984344,2.8681629,1.2318604,0.97544426
Y1_K8_sq_r19_c17.tif,Y,Y1,Y1_K8_sq,19,17,0,0,18,122,0,2,2,0.31841955,3.1509392,1.1127226,0.9907383
Y1_K8_sq_r19_c18.tif,Y,Y1,Y1_K8_sq,19,18,0,0,16,109,1,2,2,0.35602817,3.5230975,1.1096443,0.99019694
Y1_K8_sq_r19_c19.tif,Y,Y1,Y1_K8_sq,19,19,2,0,26,114,0,2,2,1.5699854,3.1071763,1.5717626,0.91317534
Y1_K8_sq_r19_c20.tif,Y,Y1,Y1_K8_sq,19,20,1,0,19,95,1,2,2,1.1593738,3.8242173,1.4234831,0.93740803
Y1_K8_sq_r19_c21.tif,Y,Y1,Y1_K8_sq,19,21,1,0,20,146,0,2,2,0.8026434,2.6475348,1.0360262,0.9955478
Y1_K8_sq_r19_c22.tif,Y,Y1,Y1_K8_sq,19,22,0,0,18,120,2,2,2,0.32296842,3.195953,1.1286187,0.9884852
Y1_K8_sq_r19_c23.tif,Y,Y1,Y1_K8_sq,19,23,1,0,12,130,1,2,2,0.9354947,3.0857475,0.7362844,1.0336028
Y1_K8_sq_r19_c24.tif,Y,Y1,Y1_K8_sq,19,24,0,0,23,145,2,2,2,0.265974,2.631961,1.1806537,0.982936
Y1_K8_sq_r19_c25.tif,Y,Y1,Y1_K8_sq,19,25,0,0,18,108,2,2,2,0.3532467,3.4955733,1.2344267,0.97348875
Y1_K8_sq_r19_c26.tif,Y,Y1,Y1_K8_sq,19,26,0,0,19,136,2,2,2,0.2879973,2.8498943,1.0608122,0.99849105
Y1_K8_sq_r19_c27.tif,Y,Y1,Y1_K8_sq,19,27,0,0,24,118,2,2,2,0.31399706,3.1071763,1.4531391,0.9450767
Y1_K8_sq_r19_c28.tif,Y,Y1,Y1_K8_sq,19,28,1,1,40,105,2,1,1,0.9103807,9.008726,2.3215194,0.81316257
Y1_K8_sq_r19_c32.tif,Y,Y1,Y1_K8_sq,19,32,2,0,29,98,2,2,2,1.7257854,3.415522,1.9233321,0.8635274
Y1_K8_sq_r19_c33.tif,Y,Y1,Y1_K8_sq,19,33,0,0,36,61,2,2,2,0.456723,4.5195293,3.148917,0.7134296
Y1_K8_sq_r19_c34.tif,Y,Y1,Y1_K8_sq,19,34,0,1,37,81,2,1,1,0.37368244,11.0933895,2.6469727,0.77354115
Y1_K8_sq_r19_c35.tif,Y,Y1,Y1_K8_sq,19,35,1,0,22,79,2,2,2,1.3042955,4.302244,1.8477906,0.8778998
Y1_K8_sq_r19_c36.tif,Y,Y1,Y1_K8_sq,19,36,1,0,15,129,2,2,2,0.92276686,3.0437646,0.9005709,1.0117276
Y1_K8_sq_r19_c37.tif,Y,Y1,Y1_K8_sq,19,37,2,0,21,138,2,2,2,1.3869809,2.74499,1.1265603,0.9758282
Y1_K8_sq_r19_c38.tif,Y,Y1,Y1_K8_sq,19,38,4,0,14,134,2,0,0,2.6424687,2.9054117,0.8041755,1.0030272
Y1_K8_sq_r19_c39.tif,Y,Y1,Y1_K8_sq,19,39,2,0,7,126,2,0,0,1.6502035,3.265937,0.46756744,1.0604279
Y1_K8_sq_r1_c30.tif,Y,Y1,Y1_K8_sq,1,30,3,0,1,52,0,0,0,5.457052,7.714369,0.22088532,1.039543
Y1_K8_sq_r1_c31.tif,Y,Y1,Y1_K8_sq,1,31,1,0,6,111,0,2,2,1.1303895,3.7286117,0.462632,1.0670992
Y1_K8_sq_r1_c33.tif,Y,Y1,Y1_K8_sq,1,33,4,0,5,93,0,0,0,3.9128866,4.302244,0.45168215,1.0324985
Y1_K8_sq_r1_c34.tif,Y,Y1,Y1_K8_sq,1,34,2,0,1,87,0,0,0,2.4573684,4.8634067,0.13925378,1.0922735
Y1_K8_sq_r1_c35.tif,Y,Y1,Y1_K8_sq,1,35,0,0,3,93,1,1,1,0.46138343,4.5656466,0.3050321,1.0957128
Y1_K8_sq_r1_c36.tif,Y,Y1,Y1_K8_sq,1,36,1,0,8,81,0,2,2,1.474421,4.8634067,0.78910476,1.0173748
Y1_K8_sq_r20_c10.tif,Y,Y1,Y1_K8_sq,20,10,2,0,0,89,0,0,0,2.4309452,4.811112,0.04591881,1.1052264
Y1_K8_sq_r20_c11.tif,Y,Y1,Y1_K8_sq,20,11,1,0,12,140,0,2,2,0.8751402,2.886667,0.68878216,1.0410122
Y1_K8_sq_r20_c12.tif,Y,Y1,Y1_K8_sq,20,12,1,0,8,166,0,2,2,0.7663657,2.5278723,0.41015613,1.0803193
Y1_K8_sq_r20_c13.tif,Y,Y1,Y1_K8_sq,20,13,0,0,20,166,0,2,2,0.24050838,2.3799648,0.9313214,1.0171092
Y1_K8_sq_r20_c14.tif,Y,Y1,Y1_K8_sq,20,14,0,0,6,130,0,1,1,0.32764912,3.242271,0.4022887,1.0860319
Y1_K8_sq_r20_c15.tif,Y,Y1,Y1_K8_sq,20,15,2,0,17,141,0,2,2,1.3955425,2.7619345,0.922628,1.0031193
Y1_K8_sq_r20_c16.tif,Y,Y1,Y1_K8_sq,20,16,0,0,8,130,0,1,1,0.32296842,3.195953,0.51855457,1.0705172
Y1_K8_sq_r20_c17.tif,Y,Y1,Y1_K8_sq,20,17,1,0,23,125,0,2,2,0.89832276,2.963135,1.3292128,0.9545045
Y1_K8_sq_r20_c18.tif,Y,Y1,Y1_K8_sq,20,18,0,1,45,127,2,1,1,0.25837472,7.6702867,2.2206335,0.83672607
Y1_K8_sq_r20_c19.tif,Y,Y1,Y1_K8_sq,20,19,0,0,26,118,1,2,2,0.30969572,3.0646124,1.5502316,0.9321304
Y1_K8_sq_r20_c20.tif,Y,Y1,Y1_K8_sq,20,20,1,0,10,131,1,2,2,0.9419912,3.1071763,0.6227738,1.0487559
Y1_K8_sq_r20_c21.tif,Y,Y1,Y1_K8_sq,20,21,1,1,20,129,1,1,1,0.88658,8.773204,1.1443689,0.97205204
Y1_K8_sq_r20_c22.tif,Y,Y1,Y1_K8_sq,20,22,0,0,24,115,2,2,2,0.32067785,3.1732864,1.4840568,0.94074965
Y1_K8_sq_r20_c23.tif,Y,Y1,Y1_K8_sq,20,23,1,0,12,130,1,2,2,0.9354947,3.0857475,0.7362844,1.0336028
Y1_K8_sq_r20_c24.tif,Y,Y1,Y1_K8_sq,20,24,1,0,12,144,2,2,2,0.85312414,2.8140464,0.6714543,1.0437149
Y1_K8_sq_r20_c25.tif,Y,Y1,Y1_K8_sq,20,25,1,0,21,133,2,2,2,0.8639919,2.8498943,1.1696135,0.9765462
Y1_K8_sq_r20_c26.tif,Y,Y1,Y1_K8_sq,20,26,1,0,23,121,2,2,2,0.92276686,3.0437646,1.3653818,0.9492271
Y1_K8_sq_r20_c27.tif,Y,Y1,Y1_K8_sq,20,27,1,2,45,86,2,1,1,0.9974025,16.449759,2.8574328,0.73044646
Y1_K8_sq_r20_c28.tif,Y,Y1,Y1_K8_sq,20,28,1,1,46,105,2,1,1,0.8751402,8.660001,2.5622697,0.7816853
Y1_K8_sq_r20_c29.tif,Y,Y1,Y1_K8_sq,20,29,2,1,27,113,2,1,1,1.5591578,9.257242,1.6198256,0.8989572
Y1_K8_sq_r20_c31.tif,Y,Y1,Y1_K8_sq,20,31,4,1,30,95,2,1,1,3.0828803,10.1689415,1.9734652,0.83088446
Y1_K8_sq_r20_c32.tif,Y,Y1,Y1_K8_sq,20,32,0,1,19,84,2,1,1,0.42656207,12.66321,1.5712031,0.91550773
Y1_K8_sq_r20_c35.tif,Y,Y1,Y1_K8_sq,20,35,0,0,17,96,2,2,2,0.3931789,3.890725,1.2997019,0.9636974
Y1_K8_sq_r20_c36.tif,Y,Y1,Y1_K8_sq,20,36,1,0,18,136,2,2,2,0.8639919,2.8498943,1.0064117,0.99849105
Y1_K8_sq_r20_c37.tif,Y,Y1,Y1_K8_sq,20,37,2,0,24,144,2,2,2,1.3144064,2.601357,1.2165815,0.9648295
Y1_K8_sq_r20_c38.tif,Y,Y1,Y1_K8_sq,20,38,2,0,12,129,2,0,0,1.5591578,3.0857475,0.7362844,1.0256824
Y1_K8_sq_r20_c39.tif,Y,Y1,Y1_K8_sq,20,39,1,0,6,129,2,2,2,0.98294735,3.242271,0.4022887,1.0777099
Y1_K8_sq_r21_c10.tif,Y,Y1,Y1_K8_sq,21,10,4,0,5,103,0,0,0,3.5696507,3.9248543,0.4120609,1.0426695
Y1_K8_sq_r21_c11.tif,Y,Y1,Y1_K8_sq,21,11,0,0,12,146,0,2,2,0.28259736,2.7964587,0.6672577,1.0515473
Y1_K8_sq_r21_c12.tif,Y,Y1,Y1_K8_sq,21,12,2,0,19,138,0,2,2,1.4042104,2.7790895,1.0344566,0.98795027
Y1_K8_sq_r21_c13.tif,Y,Y1,Y1_K8_sq,21,13,0,0,16,108,1,2,2,0.35885382,3.551059,1.1184511,0.98894095
Y1_K8_sq_r21_c14.tif,Y,Y1,Y1_K8_sq,21,14,1,0,16,128,0,2,2,0.92276686,3.0437646,0.9586723,1.0039151
Y1_K8_sq_r21_c15.tif,Y,Y1,Y1_K8_sq,21,15,0,0,14,134,0,2,2,0.3014372,2.9828894,0.8256202,1.0297747
Y1_K8_sq_r21_c16.tif,Y,Y1,Y1_K8_sq,21,16,2,0,24,142,0,2,2,1.32987,2.631961,1.2308943,0.9626693
Y1_K8_sq_r21_c17.tif,Y,Y1,Y1_K8_sq,21,17,2,0,23,143,0,2,2,1.32987,2.631961,1.1806537,0.96942484
Y1_K8_sq_r21_c18.tif,Y,Y1,Y1_K8_sq,21,18,0,0,17,135,0,2,2,0.29360765,2.9054117,0.9705567,1.0104847
Y1_K8_sq_r21_c19.tif,Y,Y1,Y1_K8_sq,21,19,0,0,17,134,1,2,2,0.29552665,2.9244013,0.97690016,1.009583
Y1_K8_sq_r21_c20.tif,Y,Y1,Y1_K8_sq,21,20,0,0,10,160,2,2,2,0.26288125,2.601357,0.52139205,1.0716618
Y1_K8_sq_r21_c21.tif,Y,Y1,Y1_K8_sq,21,21,2,0,18,141,1,2,2,1.3869809,2.74499,0.9693658,0.9969652
Y1_K8_sq_r21_c22.tif,Y,Y1,Y1_K8_sq,21,22,0,0,24,131,1,2,2,0.2879973,2.8498943,1.3328153,0.96191627
Y1_K8_sq_r21_c23.tif,Y,Y1,Y1_K8_sq,21,23,0,0,14,126,1,2,2,0.31841955,3.1509392,0.872134,1.0230888
Y1_K8_sq_r21_c24.tif,Y,Y1,Y1_K8_sq,21,24,0,1,18,111,1,1,1,0.34254226,10.1689415,1.1970199,0.9700902
Y1_K8_sq_r21_c25.tif,Y,Y1,Y1_K8_sq,21,25,2,0,26,102,0,2,2,1.7127113,3.389647,1.7146502,0.89178693
Y1_K8_sq_r21_c26.tif,Y,Y1,Y1_K8_sq,21,26,3,1,23,122,2,1,1,2.0960865,8.889405,1.3292128,0.9316876
Y1_K8_sq_r21_c30.tif,Y,Y1,Y1_K8_sq,21,30,2,0,23,108,2,2,2,1.674651,3.3143213,1.4867489,0.9230116
Y1_K8_sq_r21_c31.tif,Y,Y1,Y1_K8_sq,21,31,1,1,26,129,2,1,1,0.85312414,8.44214,1.4234831,0.9353708
Y1_K8_sq_r21_c32.tif,Y,Y1,Y1_K8_sq,21,32,0,1,31,98,2,1,1,0.34254226,10.1689415,2.038169,0.8569855
Y1_K8_sq_r21_c36.tif,Y,Y1,Y1_K8_sq,21,36,2,0,20,124,2,2,2,1.5275532,3.0231986,1.1830299,0.9660927
Y1_K8_sq_r21_c37.tif,Y,Y1,Y1_K8_sq,21,37,1,0,17,140,2,2,2,0.8477921,2.7964587,0.93416077,1.0084805
Y1_K8_sq_r21_c38.tif,Y,Y1,Y1_K8_sq,21,38,3,0,21,123,2,0,0,2.1242218,3.0029087,1.2324116,0.95190114
Y1_K8_sq_r21_c39.tif,Y,Y1,Y1_K8_sq,21,39,2,0,10,145,1,0,0,1.4218736,2.8140464,0.5640216,1.0509379
Y1_K8_sq_r22_c10.tif,Y,Y1,Y1_K8_sq,22,10,1,0,8,126,0,2,2,0.9901221,3.265937,0.5299098,1.0604279
Y1_K8_sq_r22_c11.tif,Y,Y1,Y1_K8_sq,22,11,1,0,9,163,0,2,2,0.77512413,2.5567622,0.46364877,1.0729781
Y1_K8_sq_r22_c12.tif,Y,Y1,Y1_K8_sq,22,12,4,0,35,134,0,0,0,2.3253725,2.5567622,1.7325822,0.882664
Y1_K8_sq_r22_c13.tif,Y,Y1,Y1_K8_sq,22,13,0,0,28,140,0,2,2,0.265974,2.631961,1.4318566,0.9491582
Y1_K8_sq_r22_c14.tif,Y,Y1,Y1_K8_sq,22,14,1,1,23,142,0,1,1,0.8026434,7.9426045,1.1876397,0.96836555
Y1_K8_sq_r22_c15.tif,Y,Y1,Y1_K8_sq,22,15,2,0,20,149,0,2,2,1.3068086,2.5863202,1.0120718,0.9924446
Y1_K8_sq_r22_c16.tif,Y,Y1,Y1_K8_sq,22,16,0,0,15,150,1,2,2,0.27075198,2.679242,0.7927181,1.0349783
Y1_K8_sq_r22_c17.tif,Y,Y1,Y1_K8_sq,22,17,1,0,24,147,1,2,2,0.7795789,2.5714562,1.2025979,0.9735403
Y1_K8_sq_r22_c18.tif,Y,Y1,Y1_K8_sq,22,18,1,0,19,138,0,2,2,0.8477921,2.7964587,1.040922,0.99412495
Y1_K8_sq_r22_c19.tif,Y,Y1,Y1_K8_sq,22,19,0,0,15,151,0,2,2,0.26914033,2.663294,0.7879996,1.0356536
Y1_K8_sq_r22_c20.tif,Y,Y1,Y1_K8_sq,22,20,2,1,27,117,1,1,1,1.5173012,9.008726,1.5763403,0.90565497
Y1_K8_sq_r22_c21.tif,Y,Y1,Y1_K8_sq,22,21,0,1,15,119,1,1,1,0.33004072,9.7978115,0.96630603,1.0017481
Y1_K8_sq_r22_c22.tif,Y,Y1,Y1_K8_sq,22,22,0,0,19,134,0,2,2,0.2917134,2.886667,1.0745001,0.99655616
Y1_K8_sq_r22_c23.tif,Y,Y1,Y1_K8_sq,22,23,1,1,22,108,1,1,1,1.012289,10.017165,1.4341061,0.92989975
Y1_K8_sq_r22_c24.tif,Y,Y1,Y1_K8_sq,22,24,0,0,16,103,0,2,2,0.37368244,3.6977966,1.1646681,0.9823498
Y1_K8_sq_r22_c25.tif,Y,Y1,Y1_K8_sq,22,25,1,0,31,102,1,2,2,0.9974025,3.2899516,1.9782228,0.8655579
Y1_K8_sq_r22_c26.tif,Y,Y1,Y1_K8_sq,22,26,1,0,30,89,0,2,2,1.1118585,3.6674867,2.1352246,0.8425087
Y1_K8_sq_r22_c30.tif,Y,Y1,Y1_K8_sq,22,30,4,0,17,119,1,0,0,2.8657758,3.1509392,1.0525755,0.96647525
Y1_K8_sq_r22_c31.tif,Y,Y1,Y1_K8_sq,22,31,1,0,25,111,2,2,2,0.9758758,3.2189453,1.5668554,0.92123675
Y1_K8_sq_r22_c37.tif,Y,Y1,Y1_K8_sq,22,37,2,0,21,146,1,2,2,1.3220929,2.6165695,1.0738556,0.98390394
Y1_K8_sq_r22_c38.tif,Y,Y1,Y1_K8_sq,22,38,0,0,11,124,2,2,2,0.33004072,3.265937,0.71693677,1.0436622
Y1_K8_sq_r22_c39.tif,Y,Y1,Y1_K8_sq,22,39,4,0,8,146,2,0,0,2.5433762,2.7964587,0.45373526,1.0515473
Y1_K8_sq_r22_c40.tif,Y,Y1,Y1_K8_sq,22,40,1,0,3,66,0,1,1,1.8839824,6.2143526,0.4151826,1.0607189
Y1_K8_sq_r23_c10.tif,Y,Y1,Y1_K8_sq,23,10,0,0,11,122,0,1,1,0.3349302,3.3143213,0.727558,1.0421098
Y1_K8_sq_r23_c11.tif,Y,Y1,Y1_K8_sq,23,11,1,0,24,107,0,2,2,1.012289,3.339055,1.5615822,0.92132926
Y1_K8_sq_r23_c15.tif,Y,Y1,Y1_K8_sq,23,15,1,0,21,161,1,2,2,0.7332256,2.4185588,0.9925909,1.0025637
Y1_K8_sq_r23_c16.tif,Y,Y1,Y1_K8_sq,23,16,0,0,22,145,1,2,2,0.2675478,2.6475348,1.1371019,0.98875225
Y1_K8_sq_r23_c17.tif,Y,Y1,Y1_K8_sq,23,17,1,0,24,144,1,2,2,0.79325575,2.6165695,1.223696,0.9704718
Y1_K8_sq_r23_c18.tif,Y,Y1,Y1_K8_sq,23,18,0,0,14,134,1,2,2,0.3014372,2.9828894,0.8256202,1.0297747
Y1_K8_sq_r23_c19.tif,Y,Y1,Y1_K8_sq,23,19,0,0,9,128,1,1,1,0.32529193,3.2189453,0.58373046,1.0616944
Y1_K8_sq_r23_c20.tif,Y,Y1,Y1_K8_sq,23,20,4,0,19,126,0,0,0,2.6949682,2.963135,1.1029637,0.96211004
Y1_K8_sq_r23_c21.tif,Y,Y1,Y1_K8_sq,23,21,2,0,38,131,1,2,2,1.3068086,2.5863202,1.9007202,0.87295294
Y1_K8_sq_r23_c22.tif,Y,Y1,Y1_K8_sq,23,22,1,0,47,126,1,2,2,0.77072006,2.5422354,2.305072,0.8254467
Y1_K8_sq_r23_c23.tif,Y,Y1,Y1_K8_sq,23,23,1,1,55,106,1,1,1,0.82210135,8.135153,2.8728478,0.7412707
Y1_K8_sq_r23_c24.tif,Y,Y1,Y1_K8_sq,23,24,0,0,26,125,2,2,2,0.29552665,2.9244013,1.479306,0.9420273
Y1_K8_sq_r23_c25.tif,Y,Y1,Y1_K8_sq,23,25,1,0,41,84,0,2,2,1.0597401,3.4955733,2.7691195,0.75815487
Y1_K8_sq_r23_c30.tif,Y,Y1,Y1_K8_sq,23,30,1,0,23,102,1,2,2,1.0597401,3.4955733,1.5680556,0.9196553
Y1_K8_sq_r23_c31.tif,Y,Y1,Y1_K8_sq,23,31,1,1,27,104,2,1,1,1.0047907,9.942965,1.7398126,0.8889835
Y1_K8_sq_r23_c37.tif,Y,Y1,Y1_K8_sq,23,37,0,0,33,131,2,2,2,0.27238297,2.6953819,1.723615,0.90976423
Y1_K8_sq_r23_c38.tif,Y,Y1,Y1_K8_sq,23,38,2,0,17,104,2,2,2,1.8086231,3.5794673,1.1957258,0.9601022
Y1_K8_sq_r23_c39.tif,Y,Y1,Y1_K8_sq,23,39,3,0,9,141,2,0,0,2.0419939,2.886667,0.52347445,1.0484215
Y1_K8_sq_r23_c40.tif,Y,Y1,Y1_K8_sq,23,40,3,0,2,86,0,0,0,3.4033232,4.811112,0.22959405,1.0681797
Y1_K8_sq_r24_c10.tif,Y,Y1,Y1_K8_sq,24,10,0,0,18,159,0,2,2,0.252601,2.4996278,0.8827186,1.0233374
Y1_K8_sq_r24_c16.tif,Y,Y1,Y1_K8_sq,24,16,1,0,13,148,1,2,2,0.82711416,2.7282524,0.7030618,1.0399053
Y1_K8_sq_r24_c17.tif,Y,Y1,Y1_K8_sq,24,17,2,1,17,138,0,1,1,1.4129868,8.389377,0.93416077,0.99412495
Y1_K8_sq_r24_c18.tif,Y,Y1,Y1_K8_sq,24,18,0,0,24,134,1,2,2,0.28259736,2.7964587,1.3078251,0.96541375
Y1_K8_sq_r24_c19.tif,Y,Y1,Y1_K8_sq,24,19,0,0,23,152,1,2,2,0.25545523,2.5278723,1.1339611,0.9894817
Y1_K8_sq_r24_c20.tif,Y,Y1,Y1_K8_sq,24,20,0,0,24,135,1,2,2,0.2808421,2.7790895,1.2997019,0.9665506
Y1_K8_sq_r24_c21.tif,Y,Y1,Y1_K8_sq,24,21,0,0,22,141,1,2,2,0.27403378,2.7117174,1.1646681,0.9848808
Y1_K8_sq_r24_c22.tif,Y,Y1,Y1_K8_sq,24,22,1,0,24,114,1,2,2,0.9620335,3.1732864,1.4840568,0.93260455
Y1_K8_sq_r24_c23.tif,Y,Y1,Y1_K8_sq,24,23,0,2,47,104,0,1,1,0.2917134,14.433335,2.6173723,0.77427596
Y1_K8_sq_r24_c24.tif,Y,Y1,Y1_K8_sq,24,24,2,0,43,73,2,2,2,1.8839824,3.7286117,3.0960758,0.70342416
Y1_K8_sq_r24_c25.tif,Y,Y1,Y1_K8_sq,24,25,0,0,48,90,2,2,2,0.32296842,3.195953,2.9588113,0.7423893
Y1_K8_sq_r24_c30.tif,Y,Y1,Y1_K8_sq,24,30,1,2,61,71,1,1,1,0.9901221,16.329685,3.834053,0.59937227
Y1_K8_sq_r24_c31.tif,Y,Y1,Y1_K8_sq,24,31,3,1,50,101,2,2,2,2.0159812,8.549683,2.7472317,0.7424677
Y1_K8_sq_r24_c37.tif,Y,Y1,Y1_K8_sq,24,37,1,1,14,131,2,1,1,0.9103807,9.008726,0.8311613,1.0135628
Y1_K8_sq_r24_c38.tif,Y,Y1,Y1_K8_sq,24,38,3,0,16,145,2,0,0,1.906681,2.6953819,0.8489448,1.0066212
Y1_K8_sq_r24_c39.tif,Y,Y1,Y1_K8_sq,24,39,5,0,7,143,2,0,0,3.1679704,2.8498943,0.40800473,1.0496957
Y1_K8_sq_r24_c40.tif,Y,Y1,Y1_K8_sq,24,40,1,0,4,116,1,2,2,1.102819,3.6376698,0.3124719,1.0877572
Y1_K8_sq_r24_c9.tif,Y,Y1,Y1_K8_sq,24,9,3,0,2,60,0,0,0,4.7240157,6.67811,0.31869024,1.037031
Y1_K8_sq_r25_c10.tif,Y,Y1,Y1_K8_sq,25,10,1,1,40,117,1,1,1,0.8425263,8.337269,2.1484869,0.8381527
Y1_K8_sq_r25_c16.tif,Y,Y1,Y1_K8_sq,25,16,2,0,18,150,0,2,2,1.3144064,2.601357,0.9186432,1.0048916
Y1_K8_sq_r25_c17.tif,Y,Y1,Y1_K8_sq,25,17,0,0,19,159,1,2,2,0.25119767,2.4857411,0.925264,1.0176522
Y1_K8_sq_r25_c18.tif,Y,Y1,Y1_K8_sq,25,18,1,0,20,162,1,2,2,0.7332256,2.4185588,0.9464239,1.0087715
Y1_K8_sq_r25_c19.tif,Y,Y1,Y1_K8_sq,25,19,1,0,18,153,1,2,2,0.7795789,2.5714562,0.9080841,1.013142
Y1_K8_sq_r25_c20.tif,Y,Y1,Y1_K8_sq,25,20,1,0,25,129,1,2,2,0.8639919,2.8498943,1.387216,0.9472864
Y1_K8_sq_r25_c21.tif,Y,Y1,Y1_K8_sq,25,21,0,1,27,117,1,1,1,0.30758896,9.131293,1.5977871,0.91797686
Y1_K8_sq_r25_c22.tif,Y,Y1,Y1_K8_sq,25,22,2,0,30,110,1,2,2,1.5699854,3.1071763,1.8090098,0.881274
Y1_K8_sq_r25_c23.tif,Y,Y1,Y1_K8_sq,25,23,0,2,54,73,0,1,1,0.3451571,17.07761,3.5532746,0.64435804
Y1_K8_sq_r25_c24.tif,Y,Y1,Y1_K8_sq,25,24,1,2,41,80,2,1,1,1.0765613,17.755295,2.8130736,0.73373044
Y1_K8_sq_r25_c25.tif,Y,Y1,Y1_K8_sq,25,25,2,1,39,92,2,1,1,1.6623374,9.869855,2.4806287,0.78111327
Y1_K8_sq_r25_c38.tif,Y,Y1,Y1_K8_sq,25,38,4,0,17,128,2,0,0,2.6949682,2.963135,0.98983926,0.9773213
Y1_K8_sq_r25_c39.tif,Y,Y1,Y1_K8_sq,25,39,6,0,20,150,2,0,0,3.302261,2.5136707,0.9836428,0.97101885
Y1_K8_sq_r25_c40.tif,Y,Y1,Y1_K8_sq,25,40,3,0,1,132,1,0,0,2.2935438,3.242271,0.09283586,1.1026762
Y1_K8_sq_r25_c9.tif,Y,Y1,Y1_K8_sq,25,9,6,0,14,121,0,0,0,4.110507,3.1289048,0.86603516,0.9757789
Y1_K8_sq_r26_c10.tif,Y,Y1,Y1_K8_sq,26,10,1,1,36,126,1,1,1,0.817149,8.086145,1.8779687,0.8751724
Y1_K8_sq_r26_c16.tif,Y,Y1,Y1_K8_sq,26,16,0,0,13,149,0,2,2,0.27570474,2.7282524,0.7030618,1.046908
Y1_K8_sq_r26_c17.tif,Y,Y1,Y1_K8_sq,26,17,1,2,33,155,0,1,1,0.7028328,11.591538,1.4824876,0.92530364
Y1_K8_sq_r26_c18.tif,Y,Y1,Y1_K8_sq,26,18,3,0,36,150,1,2,2,1.6571155,2.3425832,1.6321613,0.90492857
Y1_K8_sq_r26_c19.tif,Y,Y1,Y1_K8_sq,26,19,0,0,26,123,1,2,2,0.29944092,2.963135,1.4988993,0.93929327
Y1_K8_sq_r26_c20.tif,Y,Y1,Y1_K8_sq,26,20,2,2,22,117,1,1,1,1.5591578,15.428738,1.3253118,0.93063855
Y1_K8_sq_r26_c21.tif,Y,Y1,Y1_K8_sq,26,21,2,0,23,125,0,2,2,1.4873545,2.9436407,1.320468,0.94822484
Y1_K8_sq_r26_c22.tif,Y,Y1,Y1_K8_sq,26,22,0,3,31,94,1,1,1,0.34781215,24.092567,2.0695255,0.834833
Y1_K8_sq_r26_c23.tif,Y,Y1,Y1_K8_sq,26,23,0,1,16,38,1,1,1,0.79325575,23.549126,2.4723654,0.7757058
Y1_K8_sq_r26_c24.tif,Y,Y1,Y1_K8_sq,26,24,0,2,42,82,1,1,1,0.3532467,17.477867,2.8358452,0.74021035
Y1_K8_sq_r26_c25.tif,Y,Y1,Y1_K8_sq,26,25,1,0,36,119,2,2,2,0.8585236,2.831857,1.9730557,0.86860436
Y1_K8_sq_r26_c37.tif,Y,Y1,Y1_K8_sq,26,37,1,0,34,134,2,2,2,0.79325575,2.6165695,1.7231638,0.9033111
Y1_K8_sq_r26_c38.tif,Y,Y1,Y1_K8_sq,26,38,0,0,22,157,2,2,2,0.24980983,2.4720078,1.0617139,0.99933976
Y1_K8_sq_r26_c39.tif,Y,Y1,Y1_K8_sq,26,39,2,0,23,135,2,2,2,1.3955425,2.7619345,1.2389575,0.9605843
Y1_K8_sq_r26_c40.tif,Y,Y1,Y1_K8_sq,26,40,5,0,8,137,1,0,0,3.2721798,2.9436407,0.47761604,1.0388918
Y1_K8_sq_r26_c41.tif,Y,Y1,Y1_K8_sq,26,41,0,0,2,85,0,1,1,0.5080402,5.0273414,0.23991288,1.1032839
Y1_K8_sq_r26_c9.tif,Y,Y1,Y1_K8_sq,26,9,4,0,17,139,0,0,0,2.5119765,2.7619345,0.922628,0.98894095
Y1_K8_sq_r27_c10.tif,Y,Y1,Y1_K8_sq,27,10,3,0,22,91,1,0,0,2.68228,3.7918084,1.6285613,0.8905335
Y1_K8_sq_r27_c15.tif,Y,Y1,Y1_K8_sq,27,15,1,0,29,122,1,2,2,0.8808229,2.9054117,1.6360812,0.91353786
Y1_K8_sq_r27_c16.tif,Y,Y1,Y1_K8_sq,27,16,1,0,28,129,0,2,2,0.8477921,2.7964587,1.5213475,0.9295248
Y1_K8_sq_r27_c17.tif,Y,Y1,Y1_K8_sq,27,17,3,0,28,123,0,0,0,2.0289042,2.8681629,1.5603565,0.9091877
Y1_K8_sq_r27_c18.tif,Y,Y1,Y1_K8_sq,27,18,1,1,32,132,1,1,1,0.8074211,7.9898825,1.6522572,0.90576965
Y1_K8_sq_r27_c19.tif,Y,Y1,Y1_K8_sq,27,19,0,0,20,148,1,2,2,0.265974,2.631961,1.0299319,1.0032028
Y1_K8_sq_r27_c20.tif,Y,Y1,Y1_K8_sq,27,20,4,0,23,150,1,0,0,2.273409,2.4996278,1.1212912,0.9655942
Y1_K8_sq_r27_c21.tif,Y,Y1,Y1_K8_sq,27,21,4,0,34,131,0,0,0,2.3797672,2.6165695,1.7231638,0.8831629
Y1_K8_sq_r27_c22.tif,Y,Y1,Y1_K8_sq,27,22,1,0,42,88,1,2,2,1.0199002,3.364161,2.7292345,0.7641926
Y1_K8_sq_r27_c23.tif,Y,Y1,Y1_K8_sq,27,23,0,1,2,5,1,1,1,4.521558,134.23003,2.1352246,0.63164616
Y1_K8_sq_r27_c24.tif,Y,Y1,Y1_K8_sq,27,24,1,2,24,57,1,1,1,1.5772877,26.01357,2.433163,0.76785743
Y1_K8_sq_r27_c25.tif,Y,Y1,Y1_K8_sq,27,25,2,0,24,71,2,2,2,2.2836149,4.5195293,2.1136568,0.82943434
Y1_K8_sq_r27_c39.tif,Y,Y1,Y1_K8_sq,27,39,0,0,20,129,2,2,2,0.29944092,2.963135,1.159526,0.9849269
Y1_K8_sq_r27_c40.tif,Y,Y1,Y1_K8_sq,27,40,0,0,11,154,2,2,2,0.27075198,2.679242,0.58814573,1.0624859
Y1_K8_sq_r27_c41.tif,Y,Y1,Y1_K8_sq,27,41,2,0,0,95,0,0,0,2.2836149,4.5195293,0.04313585,1.1078459
Y1_K8_sq_r27_c9.tif,Y,Y1,Y1_K8_sq,27,9,1,0,17,102,1,2,2,1.1118585,3.6674867,1.2251289,0.9648843
Y1_K8_sq_r28_c10.tif,Y,Y1,Y1_K8_sq,28,10,2,0,15,126,0,2,2,1.5591578,3.0857475,0.9129926,1.0019215
Y1_K8_sq_r28_c11.tif,Y,Y1,Y1_K8_sq,28,11,0,0,14,163,0,2,2,0.252601,2.4996278,0.6918605,1.049001
Y1_K8_sq_r28_c14.tif,Y,Y1,Y1_K8_sq,28,14,1,0,35,119,0,2,2,0.8639919,2.8498943,1.9312223,0.87413687
Y1_K8_sq_r28_c15.tif,Y,Y1,Y1_K8_sq,28,15,1,0,39,118,1,2,2,0.8477921,2.7964587,2.1085343,0.850569
Y1_K8_sq_r28_c16.tif,Y,Y1,Y1_K8_sq,28,16,0,2,36,117,1,1,1,0.2879973,14.249472,1.9856229,0.85950696
Y1_K8_sq_r28_c17.tif,Y,Y1,Y1_K8_sq,28,17,1,0,35,106,0,2,2,0.9419912,3.1071763,2.1055686,0.8493727
Y1_K8_sq_r28_c18.tif,Y,Y1,Y1_K8_sq,28,18,0,0,53,96,1,2,2,0.29944092,2.963135,3.0260801,0.7339417
Y1_K8_sq_r28_c19.tif,Y,Y1,Y1_K8_sq,28,19,0,0,27,135,1,2,2,0.27570474,2.7282524,1.4321629,0.94886976
Y1_K8_sq_r28_c20.tif,Y,Y1,Y1_K8_sq,28,20,1,0,33,133,2,2,2,0.8026434,2.6475348,1.6930184,0.90720564
Y1_K8_sq_r28_c21.tif,Y,Y1,Y1_K8_sq,28,21,2,2,24,93,1,1,1,1.8380315,18.188349,1.7012359,0.8730069
Y1_K8_sq_r28_c33.tif,Y,Y1,Y1_K8_sq,28,33,0,2,44,85,1,1,1,0.33996674,16.820803,2.857669,0.73828775
Y1_K8_sq_r28_c34.tif,Y,Y1,Y1_K8_sq,28,34,1,1,17,114,2,1,1,1.0047907,9.942965,1.1071535,0.97405374
Y1_K8_sq_r28_c38.tif,Y,Y1,Y1_K8_sq,28,38,4,0,24,100,2,0,0,3.1303093,3.4417953,1.609631,0.88783836
Y1_K8_sq_r28_c39.tif,Y,Y1,Y1_K8_sq,28,39,3,0,20,126,2,0,0,2.0960865,2.963135,1.159526,0.96211004
Y1_K8_sq_r28_c40.tif,Y,Y1,Y1_K8_sq,28,40,1,0,16,146,2,2,2,0.82210135,2.7117174,0.85408986,1.0196823
Y1_K8_sq_r28_c41.tif,Y,Y1,Y1_K8_sq,28,41,7,0,8,123,1,0,0,4.8445263,3.195953,0.51855457,1.0130948
Y1_K8_sq_r28_c8.tif,Y,Y1,Y1_K8_sq,28,8,7,0,1,62,1,0,0,9.419911,6.2143526,0.17793539,0.99691635
Y1_K8_sq_r28_c9.tif,Y,Y1,Y1_K8_sq,28,9,0,0,14,130,1,2,2,0.30969572,3.0646124,0.84823996,1.0265234
Y1_K8_sq_r29_c10.tif,Y,Y1,Y1_K8_sq,29,10,1,0,9,135,0,2,2,0.92276686,3.0437646,0.55196285,1.058603
Y1_K8_sq_r29_c11.tif,Y,Y1,Y1_K8_sq,29,11,0,0,16,129,0,2,2,0.30758896,3.0437646,0.9586723,1.0117276
Y1_K8_sq_r29_c12.tif,Y,Y1,Y1_K8_sq,29,12,1,0,44,139,0,2,2,0.7292835,2.405556,2.043387,0.8613357
Y1_K8_sq_r29_c13.tif,Y,Y1,Y1_K8_sq,29,13,1,1,65,113,0,1,1,0.74531174,7.375276,3.0737848,0.7162022
Y1_K8_sq_r29_c14.tif,Y,Y1,Y1_K8_sq,29,14,2,2,33,105,0,1,1,1.5699854,15.535883,1.9869453,0.84139735
Y1_K8_sq_r29_c15.tif,Y,Y1,Y1_K8_sq,29,15,1,2,38,79,0,1,1,1.1118585,18.337435,2.6952837,0.7483736
Y1_K8_sq_r29_c16.tif,Y,Y1,Y1_K8_sq,29,16,0,1,30,42,1,1,1,0.6028744,17.897335,3.4732988,0.65078694
Y1_K8_sq_r29_c17.tif,Y,Y1,Y1_K8_sq,29,17,0,0,52,83,0,2,2,0.33004072,3.265937,3.272972,0.6999662
Y1_K8_sq_r29_c18.tif,Y,Y1,Y1_K8_sq,29,18,0,0,54,82,1,2,2,0.32764912,3.242271,3.373036,0.6865719
Y1_K8_sq_r29_c19.tif,Y,Y1,Y1_K8_sq,29,19,3,1,40,99,1,1,1,2.182821,9.257242,2.3855615,0.78807265
Y1_K8_sq_r29_c33.tif,Y,Y1,Y1_K8_sq,29,33,1,1,31,104,2,1,1,0.9758758,9.656836,1.9355274,0.86340123
Y1_K8_sq_r29_c34.tif,Y,Y1,Y1_K8_sq,29,34,3,0,19,113,2,0,0,2.3102849,3.265937,1.2156754,0.95145106
Y1_K8_sq_r29_c39.tif,Y,Y1,Y1_K8_sq,29,39,2,1,22,115,2,1,1,1.5920979,9.452818,1.3533114,0.93412465
Y1_K8_sq_r29_c40.tif,Y,Y1,Y1_K8_sq,29,40,2,0,15,159,2,2,2,1.2701005,2.5136707,0.74372995,1.0290865
Y1_K8_sq_r29_c41.tif,Y,Y1,Y1_K8_sq,29,41,6,0,11,139,1,0,0,3.7202692,2.831857,0.6216477,1.0139774
Y1_K8_sq_r29_c8.tif,Y,Y1,Y1_K8_sq,29,8,1,0,4,83,0,1,1,1.5071859,4.9714823,0.42704493,1.0655042
Y1_K8_sq_r29_c9.tif,Y,Y1,Y1_K8_sq,29,9,0,0,11,144,0,2,2,0.2879973,2.8498943,0.62560725,1.0570107
Y1_K8_sq_r2_c27.tif,Y,Y1,Y1_K8_sq,2,27,4,0,3,97,0,0,0,3.8390586,4.22107,0.2820108,1.0563551
Y1_K8_sq_r2_c28.tif,Y,Y1,Y1_K8_sq,2,28,5,0,5,121,0,0,0,3.739634,3.364161,0.35319504,1.0491457
Y1_K8_sq_r2_c30.tif,Y,Y1,Y1_K8_sq,2,30,2,0,10,97,1,0,0,2.0367377,4.0309315,0.8079229,1.0087715
Y1_K8_sq_r2_c31.tif,Y,Y1,Y1_K8_sq,2,31,1,0,10,171,1,2,2,0.7372105,2.4317033,0.48738825,1.070428
Y1_K8_sq_r2_c32.tif,Y,Y1,Y1_K8_sq,2,32,1,0,24,137,1,2,2,0.82711416,2.7282524,1.275927,0.96287525
Y1_K8_sq_r2_c33.tif,Y,Y1,Y1_K8_sq,2,33,1,0,14,125,2,2,2,0.95525867,3.1509392,0.872134,1.0150012
Y1_K8_sq_r2_c34.tif,Y,Y1,Y1_K8_sq,2,34,1,0,6,87,2,1,1,1.4129868,4.6607647,0.57829005,1.0467621
Y1_K8_sq_r2_c35.tif,Y,Y1,Y1_K8_sq,2,35,2,0,3,134,1,0,0,1.6033893,3.1732864,0.21200812,1.095505
Y1_K8_sq_r2_c36.tif,Y,Y1,Y1_K8_sq,2,36,0,0,4,114,1,1,1,0.37679648,3.7286117,0.3202837,1.0958104
Y1_K8_sq_r2_c37.tif,Y,Y1,Y1_K8_sq,2,37,1,0,0,73,1,1,1,1.7848253,5.8872814,0.056190122,1.1106697
Y1_K8_sq_r30_c10.tif,Y,Y1,Y1_K8_sq,30,10,3,1,29,121,0,1,1,2.0289042,8.604488,1.6151057,0.89446396
Y1_K8_sq_r30_c11.tif,Y,Y1,Y1_K8_sq,30,11,2,0,32,137,0,2,2,1.3068086,2.5863202,1.6045041,0.91278344
Y1_K8_sq_r30_c12.tif,Y,Y1,Y1_K8_sq,30,12,1,4,54,106,1,1,1,0.8122559,24.113176,2.7872992,0.73239326
Y1_K8_sq_r30_c14.tif,Y,Y1,Y1_K8_sq,30,14,1,1,38,110,1,1,1,0.89241266,8.830922,2.1633196,0.8348912
Y1_K8_sq_r30_c15.tif,Y,Y1,Y1_K8_sq,30,15,1,1,24,112,1,1,1,0.96890527,9.587859,1.4946573,0.9228596
Y1_K8_sq_r30_c16.tif,Y,Y1,Y1_K8_sq,30,16,0,0,39,102,0,2,2,0.31619284,3.1289048,2.3591993,0.82318795
Y1_K8_sq_r30_c17.tif,Y,Y1,Y1_K8_sq,30,17,1,2,27,58,0,1,1,1.5071859,24.85741,2.609719,0.7464909
Y1_K8_sq_r30_c28.tif,Y,Y1,Y1_K8_sq,30,28,0,0,36,91,1,2,2,0.35050836,3.4684758,2.4166107,0.81459653
Y1_K8_sq_r30_c33.tif,Y,Y1,Y1_K8_sq,30,33,4,0,27,88,1,0,0,3.3631423,3.6977966,1.9411134,0.83998024
Y1_K8_sq_r30_c34.tif,Y,Y1,Y1_K8_sq,30,34,2,0,20,111,2,2,2,1.674651,3.3143213,1.2969513,0.94853264
Y1_K8_sq_r30_c39.tif,Y,Y1,Y1_K8_sq,30,39,2,0,23,117,2,2,2,1.5699854,3.1071763,1.3938272,0.9371013
Y1_K8_sq_r30_c40.tif,Y,Y1,Y1_K8_sq,30,40,0,0,8,141,2,1,1,0.29944092,2.963135,0.48077905,1.0761943
Y1_K8_sq_r30_c41.tif,Y,Y1,Y1_K8_sq,30,41,3,0,8,138,1,0,0,2.0960865,2.963135,0.48077905,1.0533774
Y1_K8_sq_r30_c8.tif,Y,Y1,Y1_K8_sq,30,8,4,0,6,73,1,0,0,4.787532,5.263922,0.65312755,0.99306935
Y1_K8_sq_r30_c9.tif,Y,Y1,Y1_K8_sq,30,9,2,2,31,129,0,1,1,1.361915,13.47691,1.6207126,0.8959275
Y1_K8_sq_r31_c10.tif,Y,Y1,Y1_K8_sq,31,10,0,4,25,141,0,1,1,0.26288125,23.412212,1.2662379,0.9447984
Y1_K8_sq_r31_c11.tif,Y,Y1,Y1_K8_sq,31,11,3,0,33,128,0,0,0,1.906681,2.6953819,1.723615,0.8890091
Y1_K8_sq_r31_c16.tif,Y,Y1,Y1_K8_sq,31,16,0,2,37,97,1,1,1,0.32764912,16.211355,2.3208964,0.8114032
Y1_K8_sq_r31_c27.tif,Y,Y1,Y1_K8_sq,31,27,2,2,44,102,2,1,1,1.4873545,14.7182045,2.5004604,0.77444655
Y1_K8_sq_r31_c28.tif,Y,Y1,Y1_K8_sq,31,28,2,2,35,89,0,1,1,1.7390608,17.208977,2.3323224,0.790662
Y1_K8_sq_r31_c29.tif,Y,Y1,Y1_K8_sq,31,29,2,0,9,79,0,0,0,2.4573684,4.8634067,0.8819406,0.9924085
Y1_K8_sq_r31_c30.tif,Y,Y1,Y1_K8_sq,31,30,1,1,26,126,2,1,1,0.8695304,8.604488,1.4508578,0.93127316
Y1_K8_sq_r31_c31.tif,Y,Y1,Y1_K8_sq,31,31,1,0,32,101,2,2,2,0.9974025,3.2899516,2.0410235,0.8571135
Y1_K8_sq_r31_c32.tif,Y,Y1,Y1_K8_sq,31,32,2,0,26,94,1,2,2,1.8232087,3.6083338,1.8252727,0.87522817
Y1_K8_sq_r31_c33.tif,Y,Y1,Y1_K8_sq,31,33,1,0,6,52,1,1,1,2.223717,7.3349733,0.91009575,0.988418
Y1_K8_sq_r31_c34.tif,Y,Y1,Y1_K8_sq,31,34,2,0,19,108,2,2,2,1.7257854,3.415522,1.271355,0.9511951
Y1_K8_sq_r31_c39.tif,Y,Y1,Y1_K8_sq,31,39,3,1,19,140,2,1,1,1.9182366,8.135153,1.0093789,0.97792053
Y1_K8_sq_r31_c40.tif,Y,Y1,Y1_K8_sq,31,40,2,0,23,112,2,2,2,1.6264597,3.2189453,1.4439648,0.929499
Y1_K8_sq_r31_c41.tif,Y,Y1,Y1_K8_sq,31,41,2,0,10,137,1,0,0,1.4972045,2.963135,0.59390354,1.0457718
Y1_K8_sq_r31_c8.tif,Y,Y1,Y1_K8_sq,31,8,4,0,3,48,1,0,0,7.1393013,7.8497086,0.5244411,0.9771878
Y1_K8_sq_r31_c9.tif,Y,Y1,Y1_K8_sq,31,9,3,0,17,93,0,0,0,2.7522523,3.890725,1.2997019,0.9337378
Y1_K8_sq_r32_c10.tif,Y,Y1,Y1_K8_sq,32,10,1,0,24,149,0,2,2,0.77072006,2.5422354,1.188932,0.97552794
Y1_K8_sq_r32_c28.tif,Y,Y1,Y1_K8_sq,32,28,3,0,31,113,0,0,0,2.1242218,3.0029087,1.8056262,0.87482417
Y1_K8_sq_r32_c29.tif,Y,Y1,Y1_K8_sq,32,29,1,0,12,66,1,2,2,1.674651,5.523869,1.3180399,0.94286126
Y1_K8_sq_r32_c30.tif,Y,Y1,Y1_K8_sq,32,30,0,0,23,93,1,2,2,0.38318285,3.7918084,1.7009417,0.9099987
Y1_K8_sq_r32_c31.tif,Y,Y1,Y1_K8_sq,32,31,1,0,20,87,1,2,2,1.2331522,4.0675764,1.591713,0.91353786
Y1_K8_sq_r32_c32.tif,Y,Y1,Y1_K8_sq,32,32,5,0,17,65,0,0,0,5.5884423,5.0273414,1.6793902,0.8452058
Y1_K8_sq_r32_c33.tif,Y,Y1,Y1_K8_sq,32,33,2,0,30,96,1,2,2,1.7390608,3.4417953,2.0038261,0.85250145
Y1_K8_sq_r32_c34.tif,Y,Y1,Y1_K8_sq,32,34,1,2,19,102,2,1,1,1.0765613,17.755295,1.3218058,0.934253
Y1_K8_sq_r32_c39.tif,Y,Y1,Y1_K8_sq,32,39,3,0,25,96,2,0,0,2.5119765,3.551059,1.7285153,0.879565
Y1_K8_sq_r32_c40.tif,Y,Y1,Y1_K8_sq,32,40,0,0,35,125,2,2,2,0.2791085,2.7619345,1.8716167,0.8896924
Y1_K8_sq_r32_c41.tif,Y,Y1,Y1_K8_sq,32,41,1,0,20,145,2,2,2,0.8074211,2.663294,1.0421929,0.9946376
Y1_K8_sq_r32_c42.tif,Y,Y1,Y1_K8_sq,32,42,5,0,11,102,0,0,0,4.1447616,3.7286117,0.8185028,0.9809657
Y1_K8_sq_r32_c8.tif,Y,Y1,Y1_K8_sq,32,8,1,0,4,125,0,2,2,1.0276268,3.389647,0.29116702,1.0918952
Y1_K8_sq_r32_c9.tif,Y,Y1,Y1_K8_sq,32,9,0,0,29,138,1,2,2,0.2675478,2.6475348,1.4908669,0.9411834
Y1_K8_sq_r33_c10.tif,Y,Y1,Y1_K8_sq,33,10,0,0,20,120,0,2,2,0.31841955,3.1509392,1.233017,0.97456294
Y1_K8_sq_r33_c11.tif,Y,Y1,Y1_K8_sq,33,11,2,1,17,147,0,1,1,1.337739,7.9426045,0.8844125,1.0023433
Y1_K8_sq_r33_c28.tif,Y,Y1,Y1_K8_sq,33,28,1,0,22,154,2,2,2,0.757803,2.4996278,1.0735767,0.99125785
Y1_K8_sq_r33_c29.tif,Y,Y1,Y1_K8_sq,33,29,2,0,11,90,1,0,0,2.1531227,4.2612705,0.9354318,0.9898524
Y1_K8_sq_r33_c30.tif,Y,Y1,Y1_K8_sq,33,30,2,0,19,139,2,2,2,1.3955425,2.7619345,1.0280712,0.98894095
Y1_K8_sq_r33_c31.tif,Y,Y1,Y1_K8_sq,33,31,1,0,35,104,2,2,2,0.95525867,3.1509392,2.1352246,0.84516037
Y1_K8_sq_r33_c32.tif,Y,Y1,Y1_K8_sq,33,32,1,0,43,121,2,2,2,0.8122559,2.679242,2.224725,0.8355472
Y1_K8_sq_r33_c33.tif,Y,Y1,Y1_K8_sq,33,33,1,1,34,118,2,1,1,0.8695304,8.604488,1.8888525,0.8723784
Y1_K8_sq_r33_c34.tif,Y,Y1,Y1_K8_sq,33,34,2,0,14,111,2,0,0,1.7525418,3.4684758,0.9600235,0.99265045
Y1_K8_sq_r33_c39.tif,Y,Y1,Y1_K8_sq,33,39,2,0,30,130,2,2,2,1.3785237,2.7282524,1.5883988,0.91385615
Y1_K8_sq_r33_c40.tif,Y,Y1,Y1_K8_sq,33,40,2,0,16,144,2,2,2,1.3785237,2.7282524,0.85929775,1.0118943
Y1_K8_sq_r33_c41.tif,Y,Y1,Y1_K8_sq,33,41,1,0,19,147,2,2,2,0.8026434,2.6475348,0.9854883,1.0023433
Y1_K8_sq_r33_c42.tif,Y,Y1,Y1_K8_sq,33,42,4,0,6,109,0,0,0,3.3631423,3.6977966,0.4588086,1.0392976
Y1_K8_sq_r33_c8.tif,Y,Y1,Y1_K8_sq,33,8,3,0,5,127,0,0,0,2.3102849,3.265937,0.34288278,1.0688107
Y1_K8_sq_r33_c9.tif,Y,Y1,Y1_K8_sq,33,9,0,0,17,151,1,2,2,0.265974,2.631961,0.8792102,1.0234694
Y1_K8_sq_r34_c10.tif,Y,Y1,Y1_K8_sq,34,10,0,0,21,149,0,2,2,0.26288125,2.601357,1.0676123,0.9982146
Y1_K8_sq_r34_c11.tif,Y,Y1,Y1_K8_sq,34,11,1,0,19,166,1,2,2,0.7215252,2.3799648,0.8858911,1.0171092
Y1_K8_sq_r34_c22.tif,Y,Y1,Y1_K8_sq,34,22,1,1,49,116,1,1,1,0.8026434,7.9426045,2.501624,0.79168135
Y1_K8_sq_r34_c28.tif,Y,Y1,Y1_K8_sq,34,28,3,0,19,108,1,0,0,2.397796,3.389647,1.2617236,0.9439891
Y1_K8_sq_r34_c29.tif,Y,Y1,Y1_K8_sq,34,29,3,0,8,73,1,0,0,3.6803377,5.202714,0.8441586,0.9815221
Y1_K8_sq_r34_c33.tif,Y,Y1,Y1_K8_sq,34,33,2,0,53,90,2,2,2,1.5379449,3.0437646,3.1084223,0.70703745
Y1_K8_sq_r34_c34.tif,Y,Y1,Y1_K8_sq,34,34,2,0,29,98,2,2,2,1.7257854,3.415522,1.9233321,0.8635274
Y1_K8_sq_r34_c38.tif,Y,Y1,Y1_K8_sq,34,38,4,0,19,162,2,0,0,2.1761508,2.392692,0.89062846,0.99798256
Y1_K8_sq_r34_c39.tif,Y,Y1,Y1_K8_sq,34,39,3,0,17,110,2,0,0,2.397796,3.389647,1.132316,0.9613898
Y1_K8_sq_r34_c40.tif,Y,Y1,Y1_K8_sq,34,40,3,0,24,116,2,0,0,2.182821,3.0857475,1.4431174,0.9227182
Y1_K8_sq_r34_c41.tif,Y,Y1,Y1_K8_sq,34,41,0,0,17,138,2,2,2,0.2879973,2.8498943,0.952011,1.013121
Y1_K8_sq_r34_c42.tif,Y,Y1,Y1_K8_sq,34,42,2,0,5,139,0,0,0,1.5275532,3.0231986,0.31739825,1.0824895
Y1_K8_sq_r34_c8.tif,Y,Y1,Y1_K8_sq,34,8,2,0,6,111,0,0,0,1.8684123,3.6977966,0.4588086,1.0582802
Y1_K8_sq_r34_c9.tif,Y,Y1,Y1_K8_sq,34,9,1,0,17,137,1,2,2,0.8639919,2.8498943,0.952011,1.0058061
Y1_K8_sq_r35_c10.tif,Y,Y1,Y1_K8_sq,35,10,2,0,21,149,0,2,2,1.2992982,2.5714562,1.0553409,0.9867409
Y1_K8_sq_r35_c11.tif,Y,Y1,Y1_K8_sq,35,11,0,0,11,123,0,1,1,0.3324675,3.2899516,0.7222083,1.0428917
Y1_K8_sq_r35_c28.tif,Y,Y1,Y1_K8_sq,35,28,1,1,34,140,2,1,1,0.7620603,7.5410123,1.6553988,0.9064993
Y1_K8_sq_r35_c29.tif,Y,Y1,Y1_K8_sq,35,29,3,0,13,61,2,0,0,4.0064435,5.663714,1.4595206,0.89404464
Y1_K8_sq_r35_c34.tif,Y,Y1,Y1_K8_sq,35,34,1,1,19,52,2,1,1,1.8086231,17.897335,2.2206335,0.8039133
Y1_K8_sq_r35_c36.tif,Y,Y1,Y1_K8_sq,35,36,1,0,34,124,2,2,2,0.8425263,2.7790895,1.8301926,0.88808525
Y1_K8_sq_r35_c37.tif,Y,Y1,Y1_K8_sq,35,37,1,0,17,121,1,2,2,0.9620335,3.1732864,1.0600406,0.98961973
Y1_K8_sq_r35_c38.tif,Y,Y1,Y1_K8_sq,35,38,4,0,18,117,1,0,0,2.8861008,3.1732864,1.1206144,0.95703965
Y1_K8_sq_r35_c39.tif,Y,Y1,Y1_K8_sq,35,39,2,0,22,128,2,2,2,1.4680382,2.9054117,1.2478585,0.95828253
Y1_K8_sq_r35_c40.tif,Y,Y1,Y1_K8_sq,35,40,1,0,23,113,2,2,2,0.9758758,3.2189453,1.4439648,0.9377611
Y1_K8_sq_r35_c41.tif,Y,Y1,Y1_K8_sq,35,41,1,0,16,128,2,2,2,0.92276686,3.0437646,0.9586723,1.0039151
Y1_K8_sq_r35_c42.tif,Y,Y1,Y1_K8_sq,35,42,2,0,17,147,2,2,2,1.3457017,2.663294,0.8896769,1.0083096
Y1_K8_sq_r35_c8.tif,Y,Y1,Y1_K8_sq,35,8,1,0,7,85,0,2,2,1.4278603,4.7098255,0.6742814,1.0336028
Y1_K8_sq_r35_c9.tif,Y,Y1,Y1_K8_sq,35,9,1,0,13,140,0,2,2,0.8695304,2.8681629,0.73911625,1.034339
Y1_K8_sq_r36_c10.tif,Y,Y1,Y1_K8_sq,36,10,1,0,22,154,0,2,2,0.757803,2.4996278,1.0735767,0.99125785
Y1_K8_sq_r36_c11.tif,Y,Y1,Y1_K8_sq,36,11,1,0,24,129,1,2,2,0.8695304,2.8681629,1.341359,0.9533587
Y1_K8_sq_r36_c12.tif,Y,Y1,Y1_K8_sq,36,12,1,0,19,124,0,2,2,0.9290872,3.0646124,1.1407365,0.9793269
Y1_K8_sq_r36_c28.tif,Y,Y1,Y1_K8_sq,36,28,2,0,23,112,2,2,2,1.6264597,3.2189453,1.4439648,0.929499
Y1_K8_sq_r36_c35.tif,Y,Y1,Y1_K8_sq,36,35,1,0,8,66,1,1,1,1.7616458,5.8108234,0.9428265,0.99184114
Y1_K8_sq_r36_c36.tif,Y,Y1,Y1_K8_sq,36,36,2,0,12,104,0,0,0,1.8839824,3.7286117,0.8896769,1.0001065
Y1_K8_sq_r36_c37.tif,Y,Y1,Y1_K8_sq,36,37,0,0,24,127,2,2,2,0.29552665,2.9244013,1.3676603,0.95703965
Y1_K8_sq_r36_c38.tif,Y,Y1,Y1_K8_sq,36,38,0,0,26,121,1,2,2,0.30346024,3.0029087,1.5190189,0.93648577
Y1_K8_sq_r36_c39.tif,Y,Y1,Y1_K8_sq,36,39,2,0,15,141,2,2,2,1.4129868,2.7964587,0.82739955,1.0156583
Y1_K8_sq_r36_c40.tif,Y,Y1,Y1_K8_sq,36,40,0,0,21,163,2,2,2,0.2430945,2.405556,0.98725444,1.0095224
Y1_K8_sq_r36_c41.tif,Y,Y1,Y1_K8_sq,36,41,1,0,20,150,2,2,2,0.78408515,2.5863202,1.0120718,0.999083
Y1_K8_sq_r36_c42.tif,Y,Y1,Y1_K8_sq,36,42,1,0,20,143,2,2,2,0.817149,2.6953819,1.0547495,0.9927845
Y1_K8_sq_r36_c43.tif,Y,Y1,Y1_K8_sq,36,43,3,0,3,66,1,0,0,4.277149,6.046397,0.40396145,1.0320508
Y1_K8_sq_r36_c8.tif,Y,Y1,Y1_K8_sq,36,8,3,0,3,84,1,0,0,3.4403155,4.8634067,0.32492548,1.0548241
Y1_K8_sq_r36_c9.tif,Y,Y1,Y1_K8_sq,36,9,1,0,22,128,0,2,2,0.88658,2.9244013,1.2560146,0.96454585
Y1_K8_sq_r37_c10.tif,Y,Y1,Y1_K8_sq,37,10,1,0,16,146,0,2,2,0.82210135,2.7117174,0.85408986,1.0196823
Y1_K8_sq_r37_c11.tif,Y,Y1,Y1_K8_sq,37,11,1,1,18,145,1,1,1,0.8122559,8.037726,0.94614744,1.0005935
Y1_K8_sq_r37_c12.tif,Y,Y1,Y1_K8_sq,37,12,0,0,13,141,0,2,2,0.28984344,2.8681629,0.73911625,1.0417008
Y1_K8_sq_r37_c13.tif,Y,Y1,Y1_K8_sq,37,13,0,1,27,149,0,1,1,0.252601,7.498884,1.3121493,0.9591783
Y1_K8_sq_r37_c28.tif,Y,Y1,Y1_K8_sq,37,28,1,2,64,104,1,1,1,0.78408515,12.931601,3.1843233,0.69371545
Y1_K8_sq_r37_c29.tif,Y,Y1,Y1_K8_sq,37,29,0,0,18,74,1,2,2,0.48101676,4.7599297,1.6809216,0.9102058
Y1_K8_sq_r37_c37.tif,Y,Y1,Y1_K8_sq,37,37,2,0,17,133,1,2,2,1.4680382,2.9054117,0.9705567,0.9955698
Y1_K8_sq_r37_c38.tif,Y,Y1,Y1_K8_sq,37,38,1,0,17,138,2,2,2,0.8585236,2.831857,0.9459856,1.0067087
Y1_K8_sq_r37_c39.tif,Y,Y1,Y1_K8_sq,37,39,4,0,20,134,2,0,0,2.5433762,2.7964587,1.0943027,0.96541375
Y1_K8_sq_r37_c40.tif,Y,Y1,Y1_K8_sq,37,40,4,0,9,136,2,0,0,2.6949682,2.963135,0.5373413,1.0381662
Y1_K8_sq_r37_c41.tif,Y,Y1,Y1_K8_sq,37,41,3,0,14,133,2,0,0,2.0822964,2.9436407,0.8147568,1.0086694
Y1_K8_sq_r37_c42.tif,Y,Y1,Y1_K8_sq,37,42,4,0,12,150,1,0,0,2.4222631,2.663294,0.6354835,1.0288177
Y1_K8_sq_r37_c43.tif,Y,Y1,Y1_K8_sq,37,43,5,0,5,66,0,0,0,6.376556,5.7363257,0.6022429,0.9791252
Y1_K8_sq_r37_c8.tif,Y,Y1,Y1_K8_sq,37,8,5,0,0,76,0,0,0,5.992426,5.3907638,0.051451195,1.058509
Y1_K8_sq_r37_c9.tif,Y,Y1,Y1_K8_sq,37,9,4,0,15,126,0,0,0,2.7683008,3.0437646,0.9005709,0.9882899
Y1_K8_sq_r38_c10.tif,Y,Y1,Y1_K8_sq,38,10,1,0,11,127,0,2,2,0.9620335,3.1732864,0.6965981,1.0384898
Y1_K8_sq_r38_c11.tif,Y,Y1,Y1_K8_sq,38,11,1,0,7,86,1,2,2,1.4129868,4.6607647,0.6672577,1.0347991
Y1_K8_sq_r38_c12.tif,Y,Y1,Y1_K8_sq,38,12,1,1,5,120,1,1,1,1.051525,10.405428,0.36414686,1.0727748
Y1_K8_sq_r38_c13.tif,Y,Y1,Y1_K8_sq,38,13,0,0,18,108,1,2,2,0.3532467,3.4955733,1.2344267,0.97348875
Y1_K8_sq_r38_c29.tif,Y,Y1,Y1_K8_sq,38,29,0,0,22,87,1,2,2,0.40734756,4.0309315,1.7312633,0.90530777
Y1_K8_sq_r38_c36.tif,Y,Y1,Y1_K8_sq,38,36,1,1,16,52,1,1,1,1.8839824,18.643059,1.9572893,0.83740973
Y1_K8_sq_r38_c37.tif,Y,Y1,Y1_K8_sq,38,37,1,0,8,59,2,1,1,1.9378105,6.391906,1.0371091,0.9761805
Y1_K8_sq_r38_c38.tif,Y,Y1,Y1_K8_sq,38,38,6,0,11,135,1,0,0,3.8168993,2.9054117,0.6377944,1.0104847
Y1_K8_sq_r38_c39.tif,Y,Y1,Y1_K8_sq,38,39,4,0,12,120,1,0,0,2.948842,3.242271,0.7736321,1.0028111
Y1_K8_sq_r38_c40.tif,Y,Y1,Y1_K8_sq,38,40,5,0,14,116,2,0,0,3.6304479,3.265937,0.90396374,0.97659963
Y1_K8_sq_r38_c41.tif,Y,Y1,Y1_K8_sq,38,41,3,0,10,129,2,0,0,2.1979795,3.1071763,0.6227738,1.0328053
Y1_K8_sq_r38_c42.tif,Y,Y1,Y1_K8_sq,38,42,1,0,14,146,2,2,2,0.83218855,2.74499,0.7597732,1.0321937
Y1_K8_sq_r38_c43.tif,Y,Y1,Y1_K8_sq,38,43,5,0,19,115,1,0,0,3.5274565,3.1732864,1.1811881,0.94074965
Y1_K8_sq_r38_c9.tif,Y,Y1,Y1_K8_sq,38,9,4,0,8,127,0,0,0,2.8861008,3.1732864,0.51487684,1.0384898
Y1_K8_sq_r39_c10.tif,Y,Y1,Y1_K8_sq,39,10,0,0,6,149,0,1,1,0.2879973,2.8498943,0.35360408,1.0935855
Y1_K8_sq_r39_c11.tif,Y,Y1,Y1_K8_sq,39,11,1,0,13,133,0,2,2,0.9103807,3.0029087,0.77383983,1.0289782
Y1_K8_sq_r39_c12.tif,Y,Y1,Y1_K8_sq,39,12,0,0,11,135,0,2,2,0.30551067,3.0231986,0.6636509,1.0514503
Y1_K8_sq_r39_c13.tif,Y,Y1,Y1_K8_sq,39,13,0,0,16,146,0,2,2,0.27570474,2.7282524,0.85929775,1.0258998
Y1_K8_sq_r39_c14.tif,Y,Y1,Y1_K8_sq,39,14,2,0,18,138,0,2,2,1.4129868,2.7964587,0.98754144,0.99412495
Y1_K8_sq_r39_c15.tif,Y,Y1,Y1_K8_sq,39,15,0,1,43,94,0,1,1,0.32296842,9.587859,2.653779,0.77520216
Y1_K8_sq_r39_c28.tif,Y,Y1,Y1_K8_sq,39,28,1,0,51,86,1,2,2,0.96890527,3.195953,3.1418304,0.70957655
Y1_K8_sq_r39_c29.tif,Y,Y1,Y1_K8_sq,39,29,2,1,29,115,1,1,1,1.5173012,9.008726,1.6909833,0.89023954
Y1_K8_sq_r39_c30.tif,Y,Y1,Y1_K8_sq,39,30,3,0,17,110,0,0,0,2.397796,3.389647,1.132316,0.9613898
Y1_K8_sq_r39_c36.tif,Y,Y1,Y1_K8_sq,39,36,1,0,35,119,2,2,2,0.8639919,2.8498943,1.9312223,0.87413687
Y1_K8_sq_r39_c37.tif,Y,Y1,Y1_K8_sq,39,37,3,0,19,121,1,0,0,2.182821,3.0857475,1.1486036,0.96231985
Y1_K8_sq_r39_c38.tif,Y,Y1,Y1_K8_sq,39,38,1,0,8,136,2,2,2,0.92276686,3.0437646,0.4938615,1.0664155
Y1_K8_sq_r39_c39.tif,Y,Y1,Y1_K8_sq,39,39,1,0,13,153,2,2,2,0.8026434,2.6475348,0.6822611,1.0431166
Y1_K8_sq_r39_c40.tif,Y,Y1,Y1_K8_sq,39,40,0,0,11,138,2,2,2,0.29944092,2.963135,0.6504658,1.0533774
Y1_K8_sq_r39_c41.tif,Y,Y1,Y1_K8_sq,39,41,0,0,27,129,2,2,2,0.28617454,2.831857,1.4865488,0.9412909
Y1_K8_sq_r39_c42.tif,Y,Y1,Y1_K8_sq,39,42,2,0,22,147,2,2,2,1.3068086,2.5863202,1.1108104,0.97916776
Y1_K8_sq_r39_c43.tif,Y,Y1,Y1_K8_sq,39,43,0,0,15,118,2,2,2,0.3349302,3.3143213,0.9806217,1.0080818
Y1_K8_sq_r39_c44.tif,Y,Y1,Y1_K8_sq,39,44,4,0,7,74,1,0,0,4.6774735,5.1429124,0.7362844,0.9834407
Y1_K8_sq_r39_c9.tif,Y,Y1,Y1_K8_sq,39,9,4,0,8,129,0,0,0,2.8457358,3.1289048,0.5076758,1.0400277
Y1_K8_sq_r3_c24.tif,Y,Y1,Y1_K8_sq,3,24,1,0,4,104,0,1,1,1.2220427,4.0309315,0.34625262,1.0811961
Y1_K8_sq_r3_c25.tif,Y,Y1,Y1_K8_sq,3,25,1,0,6,135,0,2,2,0.9419912,3.1071763,0.38552666,1.0806572
Y1_K8_sq_r3_c26.tif,Y,Y1,Y1_K8_sq,3,26,0,0,19,157,2,2,2,0.2540201,2.5136707,0.9356603,1.0161825
Y1_K8_sq_r3_c27.tif,Y,Y1,Y1_K8_sq,3,27,1,0,23,145,0,2,2,0.79325575,2.6165695,1.1737492,0.9771878
Y1_K8_sq_r3_c28.tif,Y,Y1,Y1_K8_sq,3,28,4,0,24,158,0,0,0,2.1645756,2.3799648,1.1130426,0.96823907
Y1_K8_sq_r3_c29.tif,Y,Y1,Y1_K8_sq,3,29,3,0,8,110,0,0,0,2.5732443,3.6376698,0.5902247,1.0317354
Y1_K8_sq_r3_c30.tif,Y,Y1,Y1_K8_sq,3,30,2,0,17,164,0,2,2,1.2220427,2.4185588,0.8079229,1.0211872
Y1_K8_sq_r3_c31.tif,Y,Y1,Y1_K8_sq,3,31,1,0,21,168,1,2,2,0.7064934,2.3303823,0.9564027,1.0078824
Y1_K8_sq_r3_c32.tif,Y,Y1,Y1_K8_sq,3,32,1,0,36,144,1,2,2,0.74123895,2.444991,1.7035125,0.9068343
Y1_K8_sq_r3_c33.tif,Y,Y1,Y1_K8_sq,3,33,1,0,23,167,0,2,2,0.7028328,2.3183076,1.039954,0.9967097
Y1_K8_sq_r3_c34.tif,Y,Y1,Y1_K8_sq,3,34,2,0,20,168,1,2,2,1.1774889,2.3303823,0.9119189,1.0078824
Y1_K8_sq_r3_c35.tif,Y,Y1,Y1_K8_sq,3,35,0,0,21,155,2,2,2,0.2540201,2.5136707,1.0316254,1.0032786
Y1_K8_sq_r3_c36.tif,Y,Y1,Y1_K8_sq,3,36,1,0,6,138,2,2,2,0.92276686,3.0437646,0.37765878,1.0820408
Y1_K8_sq_r3_c37.tif,Y,Y1,Y1_K8_sq,3,37,2,0,11,140,0,0,0,1.458567,2.886667,0.63367957,1.0410122
Y1_K8_sq_r40_c10.tif,Y,Y1,Y1_K8_sq,40,10,0,0,19,156,0,2,2,0.25545523,2.5278723,0.94094646,1.0154353
Y1_K8_sq_r40_c11.tif,Y,Y1,Y1_K8_sq,40,11,1,0,18,129,1,2,2,0.90431154,2.9828894,1.0533775,0.9914931
Y1_K8_sq_r40_c12.tif,Y,Y1,Y1_K8_sq,40,12,1,0,23,134,0,2,2,0.8477921,2.7964587,1.2544445,0.96541375
Y1_K8_sq_r40_c13.tif,Y,Y1,Y1_K8_sq,40,13,0,0,14,128,0,2,2,0.31399706,3.1071763,0.86002105,1.02483
Y1_K8_sq_r40_c14.tif,Y,Y1,Y1_K8_sq,40,14,2,0,9,144,0,0,0,1.4399866,2.8498943,0.51680595,1.0570107
Y1_K8_sq_r40_c15.tif,Y,Y1,Y1_K8_sq,40,15,1,0,13,122,0,2,2,0.98294735,3.242271,0.8355227,1.0194553
Y1_K8_sq_r40_c27.tif,Y,Y1,Y1_K8_sq,40,27,4,0,47,118,2,0,0,2.3797672,2.6165695,2.372472,0.79585403
Y1_K8_sq_r40_c28.tif,Y,Y1,Y1_K8_sq,40,28,2,0,43,132,2,2,2,1.2630049,2.4996278,2.0755816,0.85010785
Y1_K8_sq_r40_c29.tif,Y,Y1,Y1_K8_sq,40,29,1,0,10,130,2,2,2,0.94857854,3.1289048,0.62712896,1.0480587
Y1_K8_sq_r40_c30.tif,Y,Y1,Y1_K8_sq,40,30,0,0,19,141,2,2,2,0.2791085,2.7619345,1.0280712,1.0031193
Y1_K8_sq_r40_c31.tif,Y,Y1,Y1_K8_sq,40,31,2,0,14,109,2,0,0,1.7801409,3.5230975,0.97514194,0.99019694
Y1_K8_sq_r40_c37.tif,Y,Y1,Y1_K8_sq,40,37,0,0,35,121,1,2,2,0.28617454,2.831857,1.9189993,0.8831417
Y1_K8_sq_r40_c38.tif,Y,Y1,Y1_K8_sq,40,38,1,0,22,136,2,2,2,0.8425263,2.7790895,1.1936039,0.9736838
Y1_K8_sq_r40_c39.tif,Y,Y1,Y1_K8_sq,40,39,0,0,18,135,2,2,2,0.2917134,2.886667,1.0193976,1.0039655
Y1_K8_sq_r40_c40.tif,Y,Y1,Y1_K8_sq,40,40,3,1,22,153,2,1,1,1.7486688,7.4160233,1.0617139,0.9739597
Y1_K8_sq_r40_c41.tif,Y,Y1,Y1_K8_sq,40,41,2,0,20,121,2,2,2,1.5591578,3.0857475,1.2075064,0.96231985
Y1_K8_sq_r40_c42.tif,Y,Y1,Y1_K8_sq,40,42,0,0,27,157,2,2,2,0.2430945,2.405556,1.2627672,0.9724758
Y1_K8_sq_r40_c43.tif,Y,Y1,Y1_K8_sq,40,43,2,0,14,155,2,2,2,1.3068086,2.5863202,0.71585566,1.0322752
Y1_K8_sq_r40_c44.tif,Y,Y1,Y1_K8_sq,40,44,3,0,7,121,0,0,0,2.3797672,3.364161,0.48162964,1.0491457
Y1_K8_sq_r40_c9.tif,Y,Y1,Y1_K8_sq,40,9,1,0,2,131,0,2,2,0.9974025,3.2899516,0.15700182,1.1104475
Y1_K8_sq_r41_c10.tif,Y,Y1,Y1_K8_sq,41,10,5,0,13,150,0,0,0,2.925714,2.631961,0.67824787,1.016714
Y1_K8_sq_r41_c11.tif,Y,Y1,Y1_K8_sq,41,11,0,1,17,154,0,1,1,0.25985965,7.714369,0.8589984,1.0197423
Y1_K8_sq_r41_c12.tif,Y,Y1,Y1_K8_sq,41,12,1,0,26,129,1,2,2,0.8585236,2.831857,1.4324925,0.9412909
Y1_K8_sq_r41_c13.tif,Y,Y1,Y1_K8_sq,41,13,0,0,30,138,0,2,2,0.265974,2.631961,1.5323378,0.935647
Y1_K8_sq_r41_c14.tif,Y,Y1,Y1_K8_sq,41,14,2,0,11,133,0,0,0,1.5275532,3.0231986,0.6636509,1.0359308
Y1_K8_sq_r41_c15.tif,Y,Y1,Y1_K8_sq,41,15,1,0,13,128,0,2,2,0.9419912,3.1071763,0.80070925,1.02483
Y1_K8_sq_r41_c16.tif,Y,Y1,Y1_K8_sq,41,16,0,1,31,116,0,1,1,0.3014372,8.948668,1.7935886,0.8919609
Y1_K8_sq_r41_c24.tif,Y,Y1,Y1_K8_sq,41,24,2,1,44,97,2,1,1,1.5484787,9.193837,2.603219,0.76694274
Y1_K8_sq_r41_c25.tif,Y,Y1,Y1_K8_sq,41,25,1,0,30,112,1,2,2,0.9354947,3.0857475,1.7965338,0.8910369
Y1_K8_sq_r41_c26.tif,Y,Y1,Y1_K8_sq,41,26,5,1,15,105,2,1,1,3.8857136,10.48672,1.0342494,0.946572
Y1_K8_sq_r41_c27.tif,Y,Y1,Y1_K8_sq,41,27,2,1,45,89,2,1,1,1.6264597,9.656836,2.7957618,0.73946804
Y1_K8_sq_r41_c28.tif,Y,Y1,Y1_K8_sq,41,28,3,0,34,123,2,2,2,1.9537596,2.7619345,1.8188951,0.87551403
Y1_K8_sq_r41_c29.tif,Y,Y1,Y1_K8_sq,41,29,1,0,13,116,1,2,2,1.0276268,3.389647,0.873501,1.013592
Y1_K8_sq_r41_c30.tif,Y,Y1,Y1_K8_sq,41,30,0,0,10,118,1,1,1,0.34781215,3.4417953,0.6898418,1.0468541
Y1_K8_sq_r41_c31.tif,Y,Y1,Y1_K8_sq,41,31,1,0,7,116,2,2,2,1.0765613,3.551059,0.50838685,1.0618583
Y1_K8_sq_r41_c32.tif,Y,Y1,Y1_K8_sq,41,32,2,0,12,118,2,0,0,1.6871483,3.339055,0.7967256,1.0156047
Y1_K8_sq_r41_c33.tif,Y,Y1,Y1_K8_sq,41,33,1,0,41,82,1,2,2,1.0765613,3.551059,2.8130736,0.75195974
Y1_K8_sq_r41_c38.tif,Y,Y1,Y1_K8_sq,41,38,0,1,16,133,2,1,1,0.2974709,8.830922,0.9271371,1.0086694
Y1_K8_sq_r41_c39.tif,Y,Y1,Y1_K8_sq,41,39,2,1,19,110,2,1,1,1.6871483,10.017165,1.2428919,0.94704074
Y1_K8_sq_r41_c40.tif,Y,Y1,Y1_K8_sq,41,40,1,0,22,151,2,2,2,0.77072006,2.5422354,1.0918763,0.98857844
Y1_K8_sq_r41_c41.tif,Y,Y1,Y1_K8_sq,41,41,2,0,28,124,1,2,2,1.4492173,2.8681629,1.5603565,0.9165495
Y1_K8_sq_r41_c42.tif,Y,Y1,Y1_K8_sq,41,42,5,0,24,131,2,0,0,3.0701933,2.7619345,1.2916791,0.93222755
Y1_K8_sq_r41_c43.tif,Y,Y1,Y1_K8_sq,41,43,2,0,11,153,2,0,0,1.3457017,2.663294,0.58464485,1.0493256
Y1_K8_sq_r41_c44.tif,Y,Y1,Y1_K8_sq,41,44,2,0,7,120,2,0,0,1.7257854,3.415522,0.48898274,1.0563964
Y1_K8_sq_r41_c9.tif,Y,Y1,Y1_K8_sq,41,9,4,0,1,88,0,0,0,4.2835813,4.7098255,0.1348563,1.0698696
Y1_K8_sq_r42_c10.tif,Y,Y1,Y1_K8_sq,42,10,0,0,19,111,0,2,2,0.34254226,3.389647,1.2617236,0.9700902
Y1_K8_sq_r42_c11.tif,Y,Y1,Y1_K8_sq,42,11,4,0,26,136,0,0,0,2.4222631,2.663294,1.3472251,0.93311363
Y1_K8_sq_r42_c12.tif,Y,Y1,Y1_K8_sq,42,12,2,0,32,163,0,2,2,1.1360698,2.248409,1.3948703,0.9435738
Y1_K8_sq_r42_c13.tif,Y,Y1,Y1_K8_sq,42,13,1,0,22,161,0,2,2,0.7292835,2.405556,1.0331732,0.9971736
Y1_K8_sq_r42_c14.tif,Y,Y1,Y1_K8_sq,42,14,1,0,16,145,1,2,2,0.82711416,2.7282524,0.85929775,1.018897
Y1_K8_sq_r42_c15.tif,Y,Y1,Y1_K8_sq,42,15,0,0,14,117,0,2,2,0.33996674,3.364161,0.9311506,1.014606
Y1_K8_sq_r42_c16.tif,Y,Y1,Y1_K8_sq,42,16,0,0,21,124,0,2,2,0.30758896,3.0437646,1.249179,0.97266483
Y1_K8_sq_r42_c24.tif,Y,Y1,Y1_K8_sq,42,24,4,1,37,108,1,1,1,2.6772382,8.830922,2.1071296,0.81978005
Y1_K8_sq_r42_c25.tif,Y,Y1,Y1_K8_sq,42,25,1,0,34,76,2,2,2,1.2004136,3.9595876,2.6076195,0.7774889
Y1_K8_sq_r42_c26.tif,Y,Y1,Y1_K8_sq,42,26,2,0,26,84,1,2,2,1.9831394,3.9248543,1.9853843,0.85126156
Y1_K8_sq_r42_c27.tif,Y,Y1,Y1_K8_sq,42,27,2,1,30,106,2,1,1,1.6033893,9.519859,1.8474993,0.8674445
Y1_K8_sq_r42_c28.tif,Y,Y1,Y1_K8_sq,42,28,4,0,47,111,2,0,0,2.4813426,2.7282524,2.4737358,0.78080434
Y1_K8_sq_r42_c29.tif,Y,Y1,Y1_K8_sq,42,29,2,0,24,96,2,2,2,1.8232087,3.6083338,1.6875163,0.8937515
Y1_K8_sq_r42_c30.tif,Y,Y1,Y1_K8_sq,42,30,5,0,13,130,2,0,0,3.3158088,2.9828894,0.76868093,0.9991494
Y1_K8_sq_r42_c31.tif,Y,Y1,Y1_K8_sq,42,31,1,0,16,128,2,2,2,0.92276686,3.0437646,0.9586723,1.0039151
Y1_K8_sq_r42_c32.tif,Y,Y1,Y1_K8_sq,42,32,2,0,22,141,2,2,2,1.3537598,2.679242,1.1507199,0.9730859
Y1_K8_sq_r42_c33.tif,Y,Y1,Y1_K8_sq,42,33,3,0,37,104,2,2,2,2.16787,3.0646124,2.193724,0.82200533
Y1_K8_sq_r42_c34.tif,Y,Y1,Y1_K8_sq,42,34,0,0,27,117,2,2,2,0.30969572,3.0646124,1.6087309,0.9242644
Y1_K8_sq_r42_c40.tif,Y,Y1,Y1_K8_sq,42,40,2,1,39,104,2,1,1,1.5275532,9.069595,2.2794967,0.8108971
Y1_K8_sq_r42_c41.tif,Y,Y1,Y1_K8_sq,42,41,3,0,42,110,2,2,2,2.0159812,2.8498943,2.3120267,0.8083023
Y1_K8_sq_r42_c42.tif,Y,Y1,Y1_K8_sq,42,42,2,0,11,128,2,0,0,1.5809642,3.1289048,0.68685544,1.0319966
Y1_K8_sq_r42_c43.tif,Y,Y1,Y1_K8_sq,42,43,0,1,29,117,2,1,1,0.30346024,9.008726,1.6909833,0.90565497
Y1_K8_sq_r42_c44.tif,Y,Y1,Y1_K8_sq,42,44,1,0,21,113,2,2,2,0.9901221,3.265937,1.34036,0.95145106
Y1_K8_sq_r42_c45.tif,Y,Y1,Y1_K8_sq,42,45,2,0,11,120,1,0,0,1.674651,3.3143213,0.727558,1.0250958
Y1_K8_sq_r43_c10.tif,Y,Y1,Y1_K8_sq,43,10,1,0,6,137,0,2,2,0.9290872,3.0646124,0.3802455,1.0815859
Y1_K8_sq_r43_c11.tif,Y,Y1,Y1_K8_sq,43,11,2,0,15,132,0,2,2,1.4972045,2.963135,0.8767147,1.0077437
Y1_K8_sq_r43_c12.tif,Y,Y1,Y1_K8_sq,43,12,2,0,25,156,0,2,2,1.2220427,2.4185588,1.1772591,0.9715246
Y1_K8_sq_r43_c13.tif,Y,Y1,Y1_K8_sq,43,13,1,0,25,145,0,2,2,0.78408515,2.5863202,1.2589186,0.96589094
Y1_K8_sq_r43_c14.tif,Y,Y1,Y1_K8_sq,43,14,0,0,12,144,0,2,2,0.28617454,2.831857,0.675704,1.0503207
Y1_K8_sq_r43_c15.tif,Y,Y1,Y1_K8_sq,43,15,0,0,8,114,0,1,1,0.36464176,3.6083338,0.58546484,1.0604616
Y1_K8_sq_r43_c16.tif,Y,Y1,Y1_K8_sq,43,16,1,0,5,123,0,2,2,1.0354713,3.415522,0.35858735,1.0826968
Y1_K8_sq_r43_c17.tif,Y,Y1,Y1_K8_sq,43,17,0,0,35,102,0,2,2,0.32529193,3.2189453,2.1813085,0.8468768
Y1_K8_sq_r43_c23.tif,Y,Y1,Y1_K8_sq,43,23,1,1,57,87,0,1,1,0.9165319,9.069595,3.3182545,0.6789808
Y1_K8_sq_r43_c24.tif,Y,Y1,Y1_K8_sq,43,24,3,0,42,120,2,2,2,1.8952638,2.679242,2.173582,0.82867026
Y1_K8_sq_r43_c25.tif,Y,Y1,Y1_K8_sq,43,25,4,0,29,112,2,0,0,2.7683008,3.0437646,1.7139899,0.87891394
Y1_K8_sq_r43_c26.tif,Y,Y1,Y1_K8_sq,43,26,3,1,30,108,2,1,1,2.1979795,9.321529,1.8090098,0.86532336
Y1_K8_sq_r43_c27.tif,Y,Y1,Y1_K8_sq,43,27,2,2,50,95,1,1,1,1.4972045,14.815675,2.856393,0.72633606
Y1_K8_sq_r43_c31.tif,Y,Y1,Y1_K8_sq,43,31,2,4,36,110,1,1,1,1.4680382,26.148705,2.024304,0.8240484
Y1_K8_sq_r43_c32.tif,Y,Y1,Y1_K8_sq,43,32,0,0,57,96,1,2,2,0.2917134,2.886667,3.168398,0.7150012
Y1_K8_sq_r43_c33.tif,Y,Y1,Y1_K8_sq,43,33,2,0,39,99,2,2,2,1.5920979,3.1509392,2.3758132,0.8047221
Y1_K8_sq_r43_c34.tif,Y,Y1,Y1_K8_sq,43,34,0,0,18,130,2,2,2,0.3014372,2.9828894,1.0533775,0.9991494
Y1_K8_sq_r43_c35.tif,Y,Y1,Y1_K8_sq,43,35,2,0,23,117,2,2,2,1.5699854,3.1071763,1.3938272,0.9371013
Y1_K8_sq_r43_c36.tif,Y,Y1,Y1_K8_sq,43,36,3,0,37,103,2,2,2,2.182821,3.0857475,2.208853,0.81975394
Y1_K8_sq_r43_c41.tif,Y,Y1,Y1_K8_sq,43,41,0,0,37,88,1,2,2,0.35602817,3.5230975,2.521919,0.8002962
Y1_K8_sq_r43_c42.tif,Y,Y1,Y1_K8_sq,43,42,0,0,29,101,1,2,2,0.34254226,3.389647,1.9087614,0.88308656
Y1_K8_sq_r43_c43.tif,Y,Y1,Y1_K8_sq,43,43,2,0,30,113,2,2,2,1.5379449,3.0437646,1.7720913,0.88672656
Y1_K8_sq_r43_c44.tif,Y,Y1,Y1_K8_sq,43,44,2,0,14,133,2,0,0,1.4972045,2.963135,0.8201525,1.0153494
Y1_K8_sq_r43_c45.tif,Y,Y1,Y1_K8_sq,43,45,1,0,13,127,1,2,2,0.94857854,3.1289048,0.80630857,1.0239655
Y1_K8_sq_r44_c10.tif,Y,Y1,Y1_K8_sq,44,10,3,0,8,92,0,0,0,3.0143719,4.2612705,0.69140613,1.0117276
Y1_K8_sq_r44_c11.tif,Y,Y1,Y1_K8_sq,44,11,2,0,8,146,0,0,0,1.4308727,2.831857,0.45947874,1.0648581
Y1_K8_sq_r44_c12.tif,Y,Y1,Y1_K8_sq,44,12,2,0,22,144,0,2,2,1.32987,2.631961,1.130413,0.9761805
Y1_K8_sq_r44_c13.tif,Y,Y1,Y1_K8_sq,44,13,0,0,21,137,1,2,2,0.28259736,2.7964587,1.1476833,0.9869471
Y1_K8_sq_r44_c14.tif,Y,Y1,Y1_K8_sq,44,14,2,1,16,117,1,1,1,1.6382455,9.726813,1.0211945,0.97784483
Y1_K8_sq_r44_c15.tif,Y,Y1,Y1_K8_sq,44,15,0,0,17,152,1,2,2,0.26441857,2.6165695,0.87406856,1.0242003
Y1_K8_sq_r44_c16.tif,Y,Y1,Y1_K8_sq,44,16,1,0,14,143,0,2,2,0.8477921,2.7964587,0.77401894,1.0300139
Y1_K8_sq_r44_c17.tif,Y,Y1,Y1_K8_sq,44,17,1,0,16,127,1,2,2,0.9290872,3.0646124,0.9652386,1.0029252
Y1_K8_sq_r44_c25.tif,Y,Y1,Y1_K8_sq,44,25,3,0,39,104,2,2,2,2.1385746,3.0231986,2.2794967,0.8108971
Y1_K8_sq_r44_c33.tif,Y,Y1,Y1_K8_sq,44,33,0,1,38,88,2,1,1,0.35050836,10.405428,2.549028,0.78788847
Y1_K8_sq_r44_c34.tif,Y,Y1,Y1_K8_sq,44,34,0,0,12,119,2,2,2,0.33996674,3.364161,0.802716,1.0318758
Y1_K8_sq_r44_c35.tif,Y,Y1,Y1_K8_sq,44,35,1,0,15,100,2,2,2,1.1495485,3.7918084,1.1218977,0.978127
Y1_K8_sq_r44_c36.tif,Y,Y1,Y1_K8_sq,44,36,4,0,31,118,1,0,0,2.6254206,2.886667,1.735731,0.8780067
Y1_K8_sq_r44_c42.tif,Y,Y1,Y1_K8_sq,44,42,1,0,50,89,1,2,2,0.95525867,3.1509392,3.0374322,0.7238455
Y1_K8_sq_r44_c43.tif,Y,Y1,Y1_K8_sq,44,43,3,1,55,112,2,2,2,1.829532,7.7589602,2.7399993,0.74682283
Y1_K8_sq_r44_c44.tif,Y,Y1,Y1_K8_sq,44,44,1,0,29,130,2,2,2,0.8373255,2.7619345,1.555287,0.92513835
Y1_K8_sq_r44_c45.tif,Y,Y1,Y1_K8_sq,44,45,2,0,15,139,1,2,2,1.4308727,2.831857,0.837873,1.0139774
Y1_K8_sq_r45_c11.tif,Y,Y1,Y1_K8_sq,45,11,3,0,6,109,0,0,0,2.6375754,3.7286117,0.462632,1.0479585
Y1_K8_sq_r45_c12.tif,Y,Y1,Y1_K8_sq,45,12,2,0,15,145,0,2,2,1.3785237,2.7282524,0.8072191,1.018897
Y1_K8_sq_r45_c13.tif,Y,Y1,Y1_K8_sq,45,13,1,0,25,125,1,2,2,0.88658,2.9244013,1.4234831,0.9420273
Y1_K8_sq_r45_c14.tif,Y,Y1,Y1_K8_sq,45,14,2,0,20,148,0,2,2,1.3144064,2.601357,1.0179559,0.9915376
Y1_K8_sq_r45_c15.tif,Y,Y1,Y1_K8_sq,45,15,2,0,22,147,0,2,2,1.3068086,2.5863202,1.1108104,0.97916776
Y1_K8_sq_r45_c16.tif,Y,Y1,Y1_K8_sq,45,16,0,0,23,146,0,2,2,0.26441857,2.6165695,1.1737492,0.98390394
Y1_K8_sq_r45_c17.tif,Y,Y1,Y1_K8_sq,45,17,1,0,30,121,0,2,2,0.8808229,2.9054117,1.6915416,0.9060804
Y1_K8_sq_r45_c33.tif,Y,Y1,Y1_K8_sq,45,33,2,1,25,116,2,1,1,1.5484787,9.193837,1.4917324,0.9163982
Y1_K8_sq_r45_c34.tif,Y,Y1,Y1_K8_sq,45,34,2,0,5,102,2,0,0,2.0367377,4.0309315,0.4231977,1.0605034
Y1_K8_sq_r45_c36.tif,Y,Y1,Y1_K8_sq,45,36,0,0,21,106,1,2,2,0.35050836,3.4684758,1.4234831,0.9481369
Y1_K8_sq_r45_c37.tif,Y,Y1,Y1_K8_sq,45,37,2,0,18,100,1,2,2,1.8530974,3.6674867,1.2951362,0.9460572
Y1_K8_sq_r45_c42.tif,Y,Y1,Y1_K8_sq,45,42,1,0,27,88,1,2,2,1.1495485,3.7918084,1.9904637,0.8613357
Y1_K8_sq_r45_c43.tif,Y,Y1,Y1_K8_sq,45,43,1,2,38,92,2,1,1,1.0047907,16.571608,2.4357378,0.78689927
Y1_K8_sq_r45_c45.tif,Y,Y1,Y1_K8_sq,45,45,0,0,20,129,2,2,2,0.29944092,2.963135,1.159526,0.9849269
Y1_K8_sq_r46_c11.tif,Y,Y1,Y1_K8_sq,46,11,1,0,11,135,0,2,2,0.9103807,3.0029087,0.65919685,1.0443937
Y1_K8_sq_r46_c12.tif,Y,Y1,Y1_K8_sq,46,12,1,0,23,163,0,2,2,0.71770763,2.3673723,1.0619636,0.99349827
Y1_K8_sq_r46_c13.tif,Y,Y1,Y1_K8_sq,46,13,1,0,28,145,0,2,2,0.77072006,2.5422354,1.3830432,0.94942683
Y1_K8_sq_r46_c14.tif,Y,Y1,Y1_K8_sq,46,14,1,0,16,164,0,2,2,0.74123895,2.444991,0.770081,1.0323477
Y1_K8_sq_r46_c15.tif,Y,Y1,Y1_K8_sq,46,15,2,0,18,119,1,2,2,1.6033893,3.1732864,1.1206144,0.97332966
Y1_K8_sq_r46_c16.tif,Y,Y1,Y1_K8_sq,46,16,0,1,21,130,0,1,1,0.29360765,8.716235,1.1923982,0.97319746
Y1_K8_sq_r46_c17.tif,Y,Y1,Y1_K8_sq,46,17,1,0,30,129,1,2,2,0.8373255,2.7619345,1.6080087,0.9180491
Y1_K8_sq_r46_c33.tif,Y,Y1,Y1_K8_sq,46,33,2,0,21,115,1,2,2,1.6148422,3.195953,1.311638,0.94746923
Y1_K8_sq_r46_c34.tif,Y,Y1,Y1_K8_sq,46,34,0,0,4,96,2,1,1,0.44329,4.386602,0.37680435,1.0865215
Y1_K8_sq_r46_c35.tif,Y,Y1,Y1_K8_sq,46,35,2,0,9,117,2,0,0,1.7390608,3.4417953,0.62414265,1.0380199
Y1_K8_sq_r46_c36.tif,Y,Y1,Y1_K8_sq,46,36,3,0,20,134,2,0,0,1.9906229,2.8140464,1.1011851,0.9714855
Y1_K8_sq_r46_c37.tif,Y,Y1,Y1_K8_sq,46,37,1,0,22,125,0,2,2,0.90431154,2.9828894,1.2811348,0.96086776
Y1_K8_sq_r46_c38.tif,Y,Y1,Y1_K8_sq,46,38,0,0,31,113,2,2,2,0.30969572,3.0646124,1.8427281,0.89280003
Y1_K8_sq_r46_c43.tif,Y,Y1,Y1_K8_sq,46,43,1,0,24,125,2,2,2,0.89241266,2.9436407,1.376658,0.94822484
Y1_K8_sq_r46_c44.tif,Y,Y1,Y1_K8_sq,46,44,1,0,13,132,2,2,2,0.9165319,3.0231986,0.7790684,1.028171
Y1_K8_sq_r46_c45.tif,Y,Y1,Y1_K8_sq,46,45,2,0,10,141,2,0,0,1.458567,2.886667,0.57857704,1.0484215
Y1_K8_sq_r46_c46.tif,Y,Y1,Y1_K8_sq,46,46,4,0,2,76,0,0,0,4.8445263,5.326588,0.25419343,1.0459076
Y1_K8_sq_r47_c11.tif,Y,Y1,Y1_K8_sq,47,11,5,0,19,122,0,0,0,3.3606172,3.0231986,1.125321,0.95057315
Y1_K8_sq_r47_c12.tif,Y,Y1,Y1_K8_sq,47,12,2,0,29,148,0,2,2,1.2490491,2.4720078,1.392025,0.9422346
Y1_K8_sq_r47_c13.tif,Y,Y1,Y1_K8_sq,47,13,2,0,18,147,1,2,2,1.337739,2.6475348,0.9349504,1.0023433
Y1_K8_sq_r47_c14.tif,Y,Y1,Y1_K8_sq,47,14,1,0,18,129,1,2,2,0.90431154,2.9828894,1.0533775,0.9914931
Y1_K8_sq_r47_c15.tif,Y,Y1,Y1_K8_sq,47,15,3,3,16,142,0,1,1,1.906681,18.867672,0.8489448,0.9858661
Y1_K8_sq_r47_c16.tif,Y,Y1,Y1_K8_sq,47,16,2,1,23,120,0,1,1,1.5275532,9.069595,1.3561561,0.9350536
Y1_K8_sq_r47_c17.tif,Y,Y1,Y1_K8_sq,47,17,0,0,23,122,1,2,2,0.30758896,3.0437646,1.3653818,0.95703965
Y1_K8_sq_r47_c18.tif,Y,Y1,Y1_K8_sq,47,18,0,1,36,77,0,1,1,0.38978946,11.571553,2.687438,0.76728183
Y1_K8_sq_r47_c31.tif,Y,Y1,Y1_K8_sq,47,31,1,0,21,99,1,2,2,1.102819,3.6376698,1.4929212,0.92902875
Y1_K8_sq_r47_c32.tif,Y,Y1,Y1_K8_sq,47,32,3,1,21,130,1,1,1,2.0159812,8.549683,1.1696135,0.95460135
Y1_K8_sq_r47_c33.tif,Y,Y1,Y1_K8_sq,47,33,2,0,18,107,2,2,2,1.7525418,3.4684758,1.2248574,0.95703965
Y1_K8_sq_r47_c34.tif,Y,Y1,Y1_K8_sq,47,34,0,0,24,126,2,2,2,0.2974709,2.9436407,1.376658,0.9557804
Y1_K8_sq_r47_c35.tif,Y,Y1,Y1_K8_sq,47,35,2,1,21,118,2,1,1,1.5699854,9.321529,1.2752036,0.9450767
Y1_K8_sq_r47_c36.tif,Y,Y1,Y1_K8_sq,47,36,2,0,20,113,2,2,2,1.6502035,3.265937,1.2780176,0.95145106
Y1_K8_sq_r47_c37.tif,Y,Y1,Y1_K8_sq,47,37,2,0,6,61,1,0,0,3.1841958,6.3018785,0.7819132,0.99478203
Y1_K8_sq_r47_c38.tif,Y,Y1,Y1_K8_sq,47,38,0,0,15,88,2,1,1,0.43062457,4.2612705,1.2607994,0.9679772
Y1_K8_sq_r47_c43.tif,Y,Y1,Y1_K8_sq,47,43,0,0,17,136,2,2,2,0.2917134,2.886667,0.96429497,1.0113748
Y1_K8_sq_r47_c44.tif,Y,Y1,Y1_K8_sq,47,44,0,0,18,128,2,2,2,0.30551067,3.0231986,1.0676123,0.9971318
Y1_K8_sq_r47_c45.tif,Y,Y1,Y1_K8_sq,47,45,1,0,9,157,1,2,2,0.8026434,2.6475348,0.4801097,1.0702988
Y1_K8_sq_r47_c46.tif,Y,Y1,Y1_K8_sq,47,46,3,0,3,113,0,0,0,2.6157773,3.6977966,0.24705079,1.0772629
Y1_K8_sq_r48_c11.tif,Y,Y1,Y1_K8_sq,48,11,3,0,13,64,0,0,0,3.8598664,5.456505,1.4061236,0.9033521
Y1_K8_sq_r48_c12.tif,Y,Y1,Y1_K8_sq,48,12,3,0,20,96,0,0,0,2.6157773,3.6977966,1.4470118,0.91591066
Y1_K8_sq_r48_c13.tif,Y,Y1,Y1_K8_sq,48,13,2,0,20,128,0,2,2,1.4873545,2.9436407,1.1518975,0.97089154
Y1_K8_sq_r48_c14.tif,Y,Y1,Y1_K8_sq,48,14,2,0,25,138,1,2,2,1.3537598,2.679242,1.3041492,0.952455
Y1_K8_sq_r48_c15.tif,Y,Y1,Y1_K8_sq,48,15,1,0,27,141,0,2,2,0.79325575,2.6165695,1.3735363,0.9503236
Y1_K8_sq_r48_c16.tif,Y,Y1,Y1_K8_sq,48,16,0,0,12,140,0,2,2,0.29360765,2.9054117,0.69325477,1.0477719
Y1_K8_sq_r48_c17.tif,Y,Y1,Y1_K8_sq,48,17,0,1,24,127,1,1,1,0.29360765,8.716235,1.3587793,0.95082515
Y1_K8_sq_r48_c18.tif,Y,Y1,Y1_K8_sq,48,18,0,0,26,89,0,2,2,0.38645795,3.8242173,1.9344771,0.8785133
Y1_K8_sq_r48_c29.tif,Y,Y1,Y1_K8_sq,48,29,2,0,24,131,2,2,2,1.4218736,2.8140464,1.3160504,0.9498167
Y1_K8_sq_r48_c30.tif,Y,Y1,Y1_K8_sq,48,30,1,0,17,127,1,2,2,0.92276686,3.0437646,1.0167737,0.9961025
Y1_K8_sq_r48_c31.tif,Y,Y1,Y1_K8_sq,48,31,1,0,11,130,1,2,2,0.9419912,3.1071763,0.68208563,1.0407807
Y1_K8_sq_r48_c32.tif,Y,Y1,Y1_K8_sq,48,32,4,0,6,104,1,0,0,3.508105,3.8571844,0.47858483,1.0345929
Y1_K8_sq_r48_c33.tif,Y,Y1,Y1_K8_sq,48,33,1,0,18,113,2,2,2,1.012289,3.339055,1.1791539,0.9727522
Y1_K8_sq_r48_c34.tif,Y,Y1,Y1_K8_sq,48,34,0,0,13,130,2,2,2,0.31183156,3.0857475,0.7951871,1.0336028
Y1_K8_sq_r48_c35.tif,Y,Y1,Y1_K8_sq,48,35,4,0,20,89,1,0,0,3.5386105,3.890725,1.5225079,0.89379185
Y1_K8_sq_r48_c36.tif,Y,Y1,Y1_K8_sq,48,36,2,0,7,100,2,0,0,2.0367377,4.0309315,0.5770877,1.0398107
Y1_K8_sq_r48_c38.tif,Y,Y1,Y1_K8_sq,48,38,0,0,15,81,1,1,1,0.46138343,4.5656466,1.3508564,0.9550865
Y1_K8_sq_r48_c39.tif,Y,Y1,Y1_K8_sq,48,39,0,0,19,114,2,2,2,0.3349302,3.3143213,1.2336854,0.97405374
Y1_K8_sq_r48_c43.tif,Y,Y1,Y1_K8_sq,48,43,1,0,23,110,2,2,2,0.9974025,3.2899516,1.4758171,0.93311363
Y1_K8_sq_r48_c44.tif,Y,Y1,Y1_K8_sq,48,44,1,0,16,123,2,2,2,0.95525867,3.1509392,0.99242836,0.9988259
Y1_K8_sq_r48_c45.tif,Y,Y1,Y1_K8_sq,48,45,1,0,13,157,2,2,2,0.78408515,2.5863202,0.6664863,1.045552
Y1_K8_sq_r48_c46.tif,Y,Y1,Y1_K8_sq,48,46,2,0,4,141,1,0,0,1.5173012,3.0029087,0.2579466,1.0906398
Y1_K8_sq_r49_c12.tif,Y,Y1,Y1_K8_sq,49,12,4,0,10,103,0,0,0,3.4196656,3.7599447,0.7536087,0.9988598
Y1_K8_sq_r49_c13.tif,Y,Y1,Y1_K8_sq,49,13,2,0,39,108,0,2,2,1.4972045,2.963135,2.2342086,0.825209
Y1_K8_sq_r49_c14.tif,Y,Y1,Y1_K8_sq,49,14,2,0,27,160,0,2,2,1.1836538,2.3425832,1.2297106,0.9650568
Y1_K8_sq_r49_c15.tif,Y,Y1,Y1_K8_sq,49,15,0,0,26,109,1,2,2,0.33004072,3.265937,1.6520717,0.9179198
Y1_K8_sq_r49_c16.tif,Y,Y1,Y1_K8_sq,49,16,0,0,21,143,0,2,2,0.27238297,2.6953819,1.1062008,0.9927845
Y1_K8_sq_r49_c17.tif,Y,Y1,Y1_K8_sq,49,17,0,0,18,141,1,2,2,0.2808421,2.7790895,0.9814076,1.00935
Y1_K8_sq_r49_c18.tif,Y,Y1,Y1_K8_sq,49,18,0,1,32,93,0,1,1,0.3532467,10.48672,2.1685874,0.8389051
Y1_K8_sq_r49_c19.tif,Y,Y1,Y1_K8_sq,49,19,0,0,34,88,1,2,2,0.36464176,3.6083338,2.3762984,0.8196581
Y1_K8_sq_r49_c20.tif,Y,Y1,Y1_K8_sq,49,20,0,2,61,64,0,1,1,0.35050836,17.34238,4.0718236,0.5742238
Y1_K8_sq_r49_c21.tif,Y,Y1,Y1_K8_sq,49,21,1,3,41,41,0,1,1,1.5414401,35.591293,4.02781,0.5415974
Y1_K8_sq_r49_c28.tif,Y,Y1,Y1_K8_sq,49,28,0,1,39,104,2,1,1,0.30969572,9.193837,2.3107226,0.82200533
Y1_K8_sq_r49_c29.tif,Y,Y1,Y1_K8_sq,49,29,2,1,24,109,1,1,1,1.6382455,9.726813,1.516319,0.9112682
Y1_K8_sq_r49_c30.tif,Y,Y1,Y1_K8_sq,49,30,2,0,11,126,2,0,0,1.6033893,3.1732864,0.6965981,1.0303448
Y1_K8_sq_r49_c31.tif,Y,Y1,Y1_K8_sq,49,31,1,0,3,131,1,2,2,0.9901221,3.265937,0.21819814,1.102342
Y1_K8_sq_r49_c32.tif,Y,Y1,Y1_K8_sq,49,32,2,0,14,125,1,0,0,1.5809642,3.1289048,0.86603516,1.0079033
Y1_K8_sq_r49_c33.tif,Y,Y1,Y1_K8_sq,49,33,1,0,8,123,2,2,2,1.012289,3.339055,0.54177344,1.0584573
Y1_K8_sq_r49_c34.tif,Y,Y1,Y1_K8_sq,49,34,0,0,12,115,2,1,1,0.35050836,3.4684758,0.82760644,1.0282612
Y1_K8_sq_r49_c35.tif,Y,Y1,Y1_K8_sq,49,35,0,0,14,91,1,1,1,0.42257547,4.1816206,1.1574115,0.98208374
Y1_K8_sq_r49_c36.tif,Y,Y1,Y1_K8_sq,49,36,1,0,14,95,2,2,2,1.2111316,3.9949412,1.1057414,0.9792567
Y1_K8_sq_r49_c37.tif,Y,Y1,Y1_K8_sq,49,37,1,0,12,59,2,2,2,1.8330638,6.046397,1.4427193,0.923414
Y1_K8_sq_r49_c38.tif,Y,Y1,Y1_K8_sq,49,38,0,0,10,90,2,1,1,0.44329,4.386602,0.8792102,1.0189657
Y1_K8_sq_r49_c44.tif,Y,Y1,Y1_K8_sq,49,44,0,0,26,118,2,2,2,0.30969572,3.0646124,1.5502316,0.9321304
Y1_K8_sq_r49_c45.tif,Y,Y1,Y1_K8_sq,49,45,2,0,26,133,2,2,2,1.3869809,2.74499,1.388551,0.94059974
Y1_K8_sq_r49_c46.tif,Y,Y1,Y1_K8_sq,49,46,2,0,12,120,1,0,0,1.6623374,3.2899516,0.785009,1.0175583
Y1_K8_sq_r4_c22.tif,Y,Y1,Y1_K8_sq,4,22,1,0,6,66,0,1,1,1.8086231,5.965779,0.7402112,1.0182902
Y1_K8_sq_r4_c23.tif,Y,Y1,Y1_K8_sq,4,23,2,0,10,134,0,0,0,1.5275532,3.0231986,0.60594213,1.0436906
Y1_K8_sq_r4_c24.tif,Y,Y1,Y1_K8_sq,4,24,2,1,12,151,0,1,1,1.3457017,7.9898825,0.6354835,1.0356536
Y1_K8_sq_r4_c25.tif,Y,Y1,Y1_K8_sq,4,25,4,0,24,144,0,0,0,2.3387368,2.5714562,1.2025979,0.9537395
Y1_K8_sq_r4_c26.tif,Y,Y1,Y1_K8_sq,4,26,0,0,27,144,0,2,2,0.26136172,2.5863202,1.3576573,0.9592524
Y1_K8_sq_r4_c27.tif,Y,Y1,Y1_K8_sq,4,27,0,0,28,182,0,2,2,0.21328104,2.110535,1.1481868,0.98864007
Y1_K8_sq_r4_c28.tif,Y,Y1,Y1_K8_sq,4,28,1,0,27,161,1,2,2,0.71019226,2.3425832,1.2297106,0.9710696
Y1_K8_sq_r4_c29.tif,Y,Y1,Y1_K8_sq,4,29,5,0,19,170,0,0,0,2.5376089,2.2828233,0.8497322,0.9990322
Y1_K8_sq_r4_c30.tif,Y,Y1,Y1_K8_sq,4,30,2,0,23,171,0,2,2,1.1418074,2.2597647,1.0136925,0.99474126
Y1_K8_sq_r4_c31.tif,Y,Y1,Y1_K8_sq,4,31,0,0,35,170,0,2,2,0.21843274,2.161514,1.4647435,0.9459436
Y1_K8_sq_r4_c32.tif,Y,Y1,Y1_K8_sq,4,32,1,1,39,135,1,1,1,0.7620603,7.5410123,1.8953118,0.87423956
Y1_K8_sq_r4_c33.tif,Y,Y1,Y1_K8_sq,4,33,1,0,28,152,0,2,2,0.74123895,2.444991,1.3301399,0.95703965
Y1_K8_sq_r4_c34.tif,Y,Y1,Y1_K8_sq,4,34,0,0,23,193,1,2,2,0.2074109,2.0524466,0.9206932,1.0193789
Y1_K8_sq_r4_c35.tif,Y,Y1,Y1_K8_sq,4,35,0,0,31,163,1,2,2,0.23069172,2.2828233,1.3726444,0.9580163
Y1_K8_sq_r4_c36.tif,Y,Y1,Y1_K8_sq,4,36,2,0,27,162,1,2,2,1.171388,2.3183076,1.2169675,0.96695715
Y1_K8_sq_r4_c37.tif,Y,Y1,Y1_K8_sq,4,37,0,0,15,135,1,2,2,0.2974709,2.9436407,0.8709469,1.0237806
Y1_K8_sq_r4_c38.tif,Y,Y1,Y1_K8_sq,4,38,1,0,1,108,0,1,1,1.2111316,3.9949412,0.114387035,1.1125586
Y1_K8_sq_r50_c13.tif,Y,Y1,Y1_K8_sq,50,13,4,0,19,134,0,0,0,2.5593724,2.8140464,1.0474687,0.9714855
Y1_K8_sq_r50_c14.tif,Y,Y1,Y1_K8_sq,50,14,1,0,38,125,0,2,2,0.817149,2.6953819,1.9808711,0.86825407
Y1_K8_sq_r50_c15.tif,Y,Y1,Y1_K8_sq,50,15,1,0,19,143,1,2,2,0.82210135,2.7117174,1.0093789,0.9988014
Y1_K8_sq_r50_c16.tif,Y,Y1,Y1_K8_sq,50,16,0,0,11,137,1,2,2,0.3014372,2.9828894,0.65480226,1.0527437
Y1_K8_sq_r50_c17.tif,Y,Y1,Y1_K8_sq,50,17,0,0,29,149,0,2,2,0.25119767,2.4857411,1.3997583,0.95384955
Y1_K8_sq_r50_c18.tif,Y,Y1,Y1_K8_sq,50,18,0,0,33,105,0,2,2,0.32296842,3.195953,2.043715,0.8654373
Y1_K8_sq_r50_c19.tif,Y,Y1,Y1_K8_sq,50,19,1,0,30,120,0,2,2,0.88658,2.9244013,1.7025975,0.90449625
Y1_K8_sq_r50_c20.tif,Y,Y1,Y1_K8_sq,50,20,0,1,28,87,0,1,1,0.38318285,11.375425,2.0628443,0.8516031
Y1_K8_sq_r50_c21.tif,Y,Y1,Y1_K8_sq,50,21,0,4,28,54,1,1,1,0.5138134,45.760235,2.7660863,0.7112545
Y1_K8_sq_r50_c27.tif,Y,Y1,Y1_K8_sq,50,27,0,4,59,80,1,1,1,0.31183156,27.771729,3.5047138,0.6375865
Y1_K8_sq_r50_c28.tif,Y,Y1,Y1_K8_sq,50,28,2,0,42,119,1,2,2,1.370169,2.7117174,2.1999283,0.8317545
Y1_K8_sq_r50_c29.tif,Y,Y1,Y1_K8_sq,50,29,1,1,28,103,2,1,1,1.0047907,9.942965,1.8030787,0.8804765
Y1_K8_sq_r50_c30.tif,Y,Y1,Y1_K8_sq,50,30,2,0,16,140,1,2,2,1.4129868,2.7964587,0.88078016,1.0084805
Y1_K8_sq_r50_c31.tif,Y,Y1,Y1_K8_sq,50,31,1,0,14,136,2,2,2,0.88658,2.9244013,0.8094316,1.0245954
Y1_K8_sq_r50_c32.tif,Y,Y1,Y1_K8_sq,50,32,4,0,16,115,1,0,0,2.9703665,3.265937,1.0286484,0.9682167
Y1_K8_sq_r50_c33.tif,Y,Y1,Y1_K8_sq,50,33,1,0,14,115,2,2,2,1.0276268,3.389647,0.93820477,1.0048916
Y1_K8_sq_r50_c34.tif,Y,Y1,Y1_K8_sq,50,34,3,0,11,125,1,0,0,2.244745,3.1732864,0.6965981,1.0221997
Y1_K8_sq_r50_c35.tif,Y,Y1,Y1_K8_sq,50,35,1,0,21,88,1,2,2,1.2111316,3.9949412,1.6395475,0.9074787
Y1_K8_sq_r50_c36.tif,Y,Y1,Y1_K8_sq,50,36,3,0,24,106,2,0,0,2.3445113,3.3143213,1.550015,0.9059975
Y1_K8_sq_r50_c37.tif,Y,Y1,Y1_K8_sq,50,37,3,0,26,80,1,0,0,2.8514328,4.0309315,2.0390434,0.8328831
Y1_K8_sq_r50_c38.tif,Y,Y1,Y1_K8_sq,50,38,0,1,7,56,1,1,1,0.6850845,20.337883,0.9705567,0.98314077
Y1_K8_sq_r50_c43.tif,Y,Y1,Y1_K8_sq,50,43,2,0,32,107,1,2,2,1.5809642,3.1289048,1.9411134,0.8633435
Y1_K8_sq_r50_c44.tif,Y,Y1,Y1_K8_sq,50,44,2,0,25,115,2,2,2,1.5699854,3.1071763,1.5124508,0.9211506
Y1_K8_sq_r50_c45.tif,Y,Y1,Y1_K8_sq,50,45,0,0,18,133,2,2,2,0.29552665,2.9244013,1.0327231,1.0020767
Y1_K8_sq_r50_c46.tif,Y,Y1,Y1_K8_sq,50,46,2,0,13,141,1,0,0,1.4308727,2.831857,0.7297603,1.0285147
Y1_K8_sq_r50_c47.tif,Y,Y1,Y1_K8_sq,50,47,2,0,6,76,0,0,0,2.6288128,5.202714,0.645533,1.0215842
Y1_K8_sq_r51_c13.tif,Y,Y1,Y1_K8_sq,51,13,5,0,11,117,0,0,0,3.6842322,3.3143213,0.727558,0.9995748
Y1_K8_sq_r51_c14.tif,Y,Y1,Y1_K8_sq,51,14,2,0,25,145,0,2,2,1.2992982,2.5714562,1.2516835,0.9603398
Y1_K8_sq_r51_c15.tif,Y,Y1,Y1_K8_sq,51,15,0,0,27,141,0,2,2,0.265974,2.631961,1.381616,0.9559137
Y1_K8_sq_r51_c16.tif,Y,Y1,Y1_K8_sq,51,16,1,0,12,123,0,2,2,0.98294735,3.242271,0.7736321,1.0277774
Y1_K8_sq_r51_c17.tif,Y,Y1,Y1_K8_sq,51,17,1,2,18,119,0,1,1,0.95525867,15.754698,1.1127226,0.96647525
Y1_K8_sq_r51_c18.tif,Y,Y1,Y1_K8_sq,51,18,0,0,3,113,1,1,1,0.38318285,3.7918084,0.25333172,1.1046509
Y1_K8_sq_r51_c19.tif,Y,Y1,Y1_K8_sq,51,19,0,0,20,120,1,2,2,0.31841955,3.1509392,1.233017,0.97456294
Y1_K8_sq_r51_c20.tif,Y,Y1,Y1_K8_sq,51,20,1,0,37,103,0,2,2,0.94857854,3.1289048,2.239746,0.8312191
Y1_K8_sq_r51_c21.tif,Y,Y1,Y1_K8_sq,51,21,0,0,45,83,0,2,2,0.34781215,3.4417953,2.9893146,0.7376567
Y1_K8_sq_r51_c22.tif,Y,Y1,Y1_K8_sq,51,22,0,0,42,72,0,2,2,0.38978946,3.8571844,3.1292086,0.71777976
Y1_K8_sq_r51_c23.tif,Y,Y1,Y1_K8_sq,51,23,0,3,56,78,0,1,1,0.32529193,22.532616,3.4716604,0.6485837
Y1_K8_sq_r51_c24.tif,Y,Y1,Y1_K8_sq,51,24,1,3,29,41,0,1,1,1.7848253,41.21097,3.3152173,0.6271128
Y1_K8_sq_r51_c27.tif,Y,Y1,Y1_K8_sq,51,27,1,0,43,113,2,2,2,0.85312414,2.8140464,2.3366609,0.8198038
Y1_K8_sq_r51_c28.tif,Y,Y1,Y1_K8_sq,51,28,2,0,44,90,1,2,2,1.6382455,3.242271,2.7541304,0.7531486
Y1_K8_sq_r51_c29.tif,Y,Y1,Y1_K8_sq,51,29,1,1,29,100,1,1,1,1.0199002,10.092483,1.8944099,0.86781186
Y1_K8_sq_r51_c32.tif,Y,Y1,Y1_K8_sq,51,32,0,0,38,108,1,2,2,0.30551067,3.0231986,2.221788,0.84193623
Y1_K8_sq_r51_c33.tif,Y,Y1,Y1_K8_sq,51,33,1,0,23,108,1,2,2,1.012289,3.339055,1.4978442,0.92989975
Y1_K8_sq_r51_c34.tif,Y,Y1,Y1_K8_sq,51,34,0,0,16,122,1,2,2,0.32296842,3.195953,1.0066059,1.0048916
Y1_K8_sq_r51_c35.tif,Y,Y1,Y1_K8_sq,51,35,3,0,21,108,2,0,0,2.3620079,3.339055,1.3703681,0.92989975
Y1_K8_sq_r51_c36.tif,Y,Y1,Y1_K8_sq,51,36,2,0,24,104,2,2,2,1.7127113,3.389647,1.5852425,0.9091877
Y1_K8_sq_r51_c37.tif,Y,Y1,Y1_K8_sq,51,37,2,0,16,116,2,2,2,1.6623374,3.2899516,1.036212,0.98378044
Y1_K8_sq_r51_c38.tif,Y,Y1,Y1_K8_sq,51,38,0,0,5,54,2,1,1,0.74123895,7.3349733,0.770081,1.026072
Y1_K8_sq_r51_c44.tif,Y,Y1,Y1_K8_sq,51,44,3,1,46,130,2,1,1,1.7390608,7.375276,2.1821527,0.82347476
Y1_K8_sq_r51_c45.tif,Y,Y1,Y1_K8_sq,51,45,1,0,21,138,2,2,2,0.8373255,2.7619345,1.1335143,0.9818518
Y1_K8_sq_r51_c46.tif,Y,Y1,Y1_K8_sq,51,46,3,0,20,150,1,0,0,1.8086231,2.5567622,1.0005052,0.98766494
Y1_K8_sq_r51_c47.tif,Y,Y1,Y1_K8_sq,51,47,2,0,3,81,0,0,0,2.569067,5.0844707,0.33969483,1.0636191
Y1_K8_sq_r52_c14.tif,Y,Y1,Y1_K8_sq,52,14,1,0,4,139,0,2,2,0.9290872,3.0646124,0.26324686,1.097318
Y1_K8_sq_r52_c15.tif,Y,Y1,Y1_K8_sq,52,15,1,0,16,154,0,2,2,0.78408515,2.5863202,0.8145944,1.0256368
Y1_K8_sq_r52_c16.tif,Y,Y1,Y1_K8_sq,52,16,2,0,20,103,1,2,2,1.7801409,3.5230975,1.378649,0.9359396
Y1_K8_sq_r52_c17.tif,Y,Y1,Y1_K8_sq,52,17,1,0,12,129,1,2,2,0.9419912,3.1071763,0.74139744,1.0328053
Y1_K8_sq_r52_c21.tif,Y,Y1,Y1_K8_sq,52,21,3,1,39,91,1,1,1,2.3272724,9.869855,2.4806287,0.7726688
Y1_K8_sq_r52_c22.tif,Y,Y1,Y1_K8_sq,52,22,0,1,44,100,1,1,1,0.30758896,9.131293,2.58551,0.7851631
Y1_K8_sq_r52_c23.tif,Y,Y1,Y1_K8_sq,52,23,1,1,35,122,1,1,1,0.8425263,8.337269,1.8832417,0.8738188
Y1_K8_sq_r52_c24.tif,Y,Y1,Y1_K8_sq,52,24,0,0,26,92,1,2,2,0.37679648,3.7286117,1.8861151,0.88526165
Y1_K8_sq_r52_c25.tif,Y,Y1,Y1_K8_sq,52,25,1,1,27,98,0,1,1,1.051525,10.405428,1.8207341,0.8769154
Y1_K8_sq_r52_c33.tif,Y,Y1,Y1_K8_sq,52,33,2,0,42,118,2,2,2,1.3785237,2.7282524,2.2133427,0.82982343
Y1_K8_sq_r52_c34.tif,Y,Y1,Y1_K8_sq,52,34,1,0,19,110,2,2,2,1.0276268,3.389647,1.2617236,0.9613898
Y1_K8_sq_r52_c35.tif,Y,Y1,Y1_K8_sq,52,35,1,0,21,117,2,2,2,0.9620335,3.1732864,1.3023356,0.95703965
Y1_K8_sq_r52_c36.tif,Y,Y1,Y1_K8_sq,52,36,0,2,15,96,2,1,1,0.3931789,19.453627,1.1511647,0.9636974
Y1_K8_sq_r52_c37.tif,Y,Y1,Y1_K8_sq,52,37,0,0,29,105,1,2,2,0.3324675,3.2899516,1.8526214,0.8908914
Y1_K8_sq_r52_c38.tif,Y,Y1,Y1_K8_sq,52,38,0,1,15,93,2,1,1,0.40734756,12.092794,1.192648,0.967386
Y1_K8_sq_r52_c39.tif,Y,Y1,Y1_K8_sq,52,39,2,1,36,86,1,1,1,1.7801409,10.569293,2.4546678,0.78221035
Y1_K8_sq_r52_c44.tif,Y,Y1,Y1_K8_sq,52,44,1,1,29,121,2,1,1,0.8808229,8.716235,1.6360812,0.9060804
Y1_K8_sq_r52_c45.tif,Y,Y1,Y1_K8_sq,52,45,1,0,16,146,2,2,2,0.82210135,2.7117174,0.85408986,1.0196823
Y1_K8_sq_r52_c46.tif,Y,Y1,Y1_K8_sq,52,46,1,0,12,135,0,2,2,0.90431154,2.9828894,0.71174157,1.037431
Y1_K8_sq_r52_c47.tif,Y,Y1,Y1_K8_sq,52,47,4,0,3,104,0,0,0,3.6012409,3.9595876,0.26454112,1.0620599
Y1_K8_sq_r53_c14.tif,Y,Y1,Y1_K8_sq,53,14,8,0,13,119,0,0,0,5.4131327,3.1509392,0.81198686,0.96647525
Y1_K8_sq_r53_c15.tif,Y,Y1,Y1_K8_sq,53,15,4,0,30,129,0,0,0,2.4663043,2.7117174,1.5787722,0.90135735
Y1_K8_sq_r53_c16.tif,Y,Y1,Y1_K8_sq,53,16,1,0,14,116,1,2,2,1.0199002,3.364161,0.9311506,1.005971
Y1_K8_sq_r53_c17.tif,Y,Y1,Y1_K8_sq,53,17,0,0,31,134,0,2,2,0.27075198,2.679242,1.6110078,0.9249473
Y1_K8_sq_r53_c21.tif,Y,Y1,Y1_K8_sq,53,21,0,0,27,113,1,2,2,0.31841955,3.1509392,1.6540473,0.9179493
Y1_K8_sq_r53_c22.tif,Y,Y1,Y1_K8_sq,53,22,0,0,23,129,0,2,2,0.29360765,2.9054117,1.3033189,0.96573997
Y1_K8_sq_r53_c23.tif,Y,Y1,Y1_K8_sq,53,23,3,0,29,144,1,0,0,1.7781408,2.5136707,1.4154861,0.9323071
Y1_K8_sq_r53_c24.tif,Y,Y1,Y1_K8_sq,53,24,4,0,15,140,1,0,0,2.5275788,2.7790895,0.82226044,1.0022167
Y1_K8_sq_r53_c25.tif,Y,Y1,Y1_K8_sq,53,25,3,0,40,110,1,2,2,2.0419939,2.886667,2.2316542,0.81873196
Y1_K8_sq_r53_c34.tif,Y,Y1,Y1_K8_sq,53,34,3,0,25,98,1,0,0,2.4727268,3.4955733,1.7015071,0.8837663
Y1_K8_sq_r53_c35.tif,Y,Y1,Y1_K8_sq,53,35,2,1,25,107,2,1,1,1.6502035,9.7978115,1.5897293,0.90115416
Y1_K8_sq_r53_c36.tif,Y,Y1,Y1_K8_sq,53,36,1,0,28,121,1,2,2,0.89241266,2.9436407,1.6014185,0.9180025
Y1_K8_sq_r53_c37.tif,Y,Y1,Y1_K8_sq,53,37,2,0,12,126,1,0,0,1.5920979,3.1509392,0.7518397,1.0230888
Y1_K8_sq_r53_c38.tif,Y,Y1,Y1_K8_sq,53,38,3,1,13,107,2,1,1,2.5119765,10.653176,0.9150963,0.97982633
Y1_K8_sq_r53_c39.tif,Y,Y1,Y1_K8_sq,53,39,3,0,18,90,1,0,0,2.800965,3.9595876,1.3982886,0.9197744
Y1_K8_sq_r53_c44.tif,Y,Y1,Y1_K8_sq,53,44,0,0,20,95,2,2,2,0.38645795,3.8242173,1.4964823,0.93740803
Y1_K8_sq_r53_c45.tif,Y,Y1,Y1_K8_sq,53,45,2,0,23,127,2,2,2,1.4680382,2.9054117,1.3033189,0.95082515
Y1_K8_sq_r53_c46.tif,Y,Y1,Y1_K8_sq,53,46,2,0,6,131,2,0,0,1.6033893,3.1732864,0.39372936,1.07107
Y1_K8_sq_r53_c47.tif,Y,Y1,Y1_K8_sq,53,47,2,0,5,133,0,0,0,1.5920979,3.1509392,0.33080944,1.0797025
Y1_K8_sq_r54_c15.tif,Y,Y1,Y1_K8_sq,54,15,4,0,14,141,0,0,0,2.5275788,2.7790895,0.76921135,1.00935
Y1_K8_sq_r54_c16.tif,Y,Y1,Y1_K8_sq,54,16,1,0,37,137,0,2,2,0.7663657,2.5278723,1.8095125,0.8921556
Y1_K8_sq_r54_c17.tif,Y,Y1,Y1_K8_sq,54,17,1,0,30,119,1,2,2,0.89241266,2.9436407,1.7137986,0.90289134
Y1_K8_sq_r54_c18.tif,Y,Y1,Y1_K8_sq,54,18,1,0,34,151,1,2,2,0.7215252,2.3799648,1.5673457,0.9254777
Y1_K8_sq_r54_c19.tif,Y,Y1,Y1_K8_sq,54,19,1,1,38,105,1,1,1,0.92276686,9.131293,2.2369022,0.82422596
Y1_K8_sq_r54_c21.tif,Y,Y1,Y1_K8_sq,54,21,0,0,16,124,0,2,2,0.31841955,3.1509392,0.99242836,1.0069135
Y1_K8_sq_r54_c22.tif,Y,Y1,Y1_K8_sq,54,22,0,0,19,139,1,2,2,0.28259736,2.7964587,1.040922,1.0013027
Y1_K8_sq_r54_c23.tif,Y,Y1,Y1_K8_sq,54,23,0,0,16,110,2,2,2,0.3532467,3.4955733,1.1009752,0.99143326
Y1_K8_sq_r54_c24.tif,Y,Y1,Y1_K8_sq,54,24,0,0,8,113,2,1,1,0.3676063,3.6376698,0.5902247,1.0597464
Y1_K8_sq_r54_c25.tif,Y,Y1,Y1_K8_sq,54,25,5,0,23,107,1,0,0,3.6304479,3.265937,1.4650446,0.90115416
Y1_K8_sq_r54_c34.tif,Y,Y1,Y1_K8_sq,54,34,2,0,19,125,2,2,2,1.5275532,3.0231986,1.125321,0.9738525
Y1_K8_sq_r54_c35.tif,Y,Y1,Y1_K8_sq,54,35,2,1,30,110,2,1,1,1.5591578,9.257242,1.7965338,0.8751963
Y1_K8_sq_r54_c36.tif,Y,Y1,Y1_K8_sq,54,36,3,0,33,120,1,0,0,2.0032218,2.831857,1.8108867,0.875873
Y1_K8_sq_r54_c37.tif,Y,Y1,Y1_K8_sq,54,37,2,0,17,105,1,2,2,1.794269,3.551059,1.186236,0.961597
Y1_K8_sq_r54_c38.tif,Y,Y1,Y1_K8_sq,54,38,0,0,18,68,1,1,1,0.5138134,5.0844707,1.7955297,0.893962
Y1_K8_sq_r54_c39.tif,Y,Y1,Y1_K8_sq,54,39,1,0,15,48,0,2,2,2.0552535,6.779294,2.0058172,0.843935
Y1_K8_sq_r54_c43.tif,Y,Y1,Y1_K8_sq,54,43,0,0,33,109,2,2,2,0.31399706,3.1071763,1.9869453,0.8732987
Y1_K8_sq_r54_c44.tif,Y,Y1,Y1_K8_sq,54,44,1,0,24,132,1,2,2,0.85312414,2.8140464,1.3160504,0.95703965
Y1_K8_sq_r54_c45.tif,Y,Y1,Y1_K8_sq,54,45,2,0,25,143,1,2,2,1.3144064,2.601357,1.2662379,0.9581525
Y1_K8_sq_r54_c46.tif,Y,Y1,Y1_K8_sq,54,46,3,0,29,154,2,0,0,1.6835587,2.3799648,1.3401942,0.943804
Y1_K8_sq_r54_c47.tif,Y,Y1,Y1_K8_sq,54,47,4,0,9,145,0,0,0,2.5433762,2.7964587,0.50711584,1.0443696
Y1_K8_sq_r55_c16.tif,Y,Y1,Y1_K8_sq,55,16,0,0,15,139,0,2,2,0.28984344,2.8681629,0.84861493,1.0269772
Y1_K8_sq_r55_c17.tif,Y,Y1,Y1_K8_sq,55,17,3,2,19,165,0,1,1,1.6571155,11.712915,0.87197655,0.9951208
Y1_K8_sq_r55_c18.tif,Y,Y1,Y1_K8_sq,55,18,0,0,24,121,1,2,2,0.30758896,3.0437646,1.4234831,0.9492271
Y1_K8_sq_r55_c19.tif,Y,Y1,Y1_K8_sq,55,19,1,0,38,154,0,2,2,0.6956243,2.2945304,1.68628,0.90992385
Y1_K8_sq_r55_c20.tif,Y,Y1,Y1_K8_sq,55,20,1,0,23,142,0,2,2,0.8074211,2.663294,1.1947091,0.9741296
Y1_K8_sq_r55_c21.tif,Y,Y1,Y1_K8_sq,55,21,1,0,11,155,1,2,2,0.8026434,2.6475348,0.5811854,1.0567076
Y1_K8_sq_r55_c22.tif,Y,Y1,Y1_K8_sq,55,22,2,0,11,143,1,0,0,1.4308727,2.831857,0.6216477,1.0430521
Y1_K8_sq_r55_c23.tif,Y,Y1,Y1_K8_sq,55,23,0,0,17,138,0,2,2,0.2879973,2.8498943,0.952011,1.013121
Y1_K8_sq_r55_c24.tif,Y,Y1,Y1_K8_sq,55,24,0,0,10,131,1,1,1,0.31619284,3.1289048,0.62712896,1.0560899
Y1_K8_sq_r55_c25.tif,Y,Y1,Y1_K8_sq,55,25,3,0,11,136,1,0,0,2.0822964,2.9436407,0.6461864,1.0313361
Y1_K8_sq_r55_c26.tif,Y,Y1,Y1_K8_sq,55,26,2,0,33,114,0,2,2,1.4972045,2.963135,1.8948351,0.8708427
Y1_K8_sq_r55_c27.tif,Y,Y1,Y1_K8_sq,55,27,0,0,60,94,1,2,2,0.28984344,2.8681629,3.3123357,0.6956942
Y1_K8_sq_r55_c34.tif,Y,Y1,Y1_K8_sq,55,34,2,0,26,96,2,2,2,1.794269,3.551059,1.7963002,0.879565
Y1_K8_sq_r55_c35.tif,Y,Y1,Y1_K8_sq,55,35,1,0,22,124,2,2,2,0.9103807,3.0029087,1.289733,0.95960885
Y1_K8_sq_r55_c36.tif,Y,Y1,Y1_K8_sq,55,36,1,0,25,90,1,2,2,1.1495485,3.7918084,1.8457026,0.8808009
Y1_K8_sq_r55_c39.tif,Y,Y1,Y1_K8_sq,55,39,1,0,35,121,2,2,2,0.85312414,2.8140464,1.9069302,0.87758726
Y1_K8_sq_r55_c40.tif,Y,Y1,Y1_K8_sq,55,40,2,0,22,93,1,2,2,1.8998142,3.7599447,1.6148758,0.9023517
Y1_K8_sq_r55_c41.tif,Y,Y1,Y1_K8_sq,55,41,1,1,52,101,1,1,1,0.8639919,8.549683,2.8560328,0.7424677
Y1_K8_sq_r55_c42.tif,Y,Y1,Y1_K8_sq,55,42,0,1,32,120,1,1,1,0.2917134,8.660001,1.7908335,0.89282537
Y1_K8_sq_r55_c43.tif,Y,Y1,Y1_K8_sq,55,43,2,0,25,97,1,2,2,1.794269,3.551059,1.7285153,0.8886797
Y1_K8_sq_r55_c44.tif,Y,Y1,Y1_K8_sq,55,44,0,3,40,117,2,1,1,0.2791085,19.333542,2.1352246,0.83297896
Y1_K8_sq_r55_c45.tif,Y,Y1,Y1_K8_sq,55,45,1,0,21,141,2,2,2,0.82210135,2.7117174,1.1129049,0.9848808
Y1_K8_sq_r55_c46.tif,Y,Y1,Y1_K8_sq,55,46,0,0,28,113,1,2,2,0.31619284,3.1289048,1.7022071,0.9115301
Y1_K8_sq_r55_c47.tif,Y,Y1,Y1_K8_sq,55,47,1,0,9,136,0,2,2,0.9165319,3.0231986,0.54823333,1.0592101
Y1_K8_sq_r56_c16.tif,Y,Y1,Y1_K8_sq,56,16,3,0,3,65,0,0,0,4.33574,6.129225,0.40949515,1.0304564
Y1_K8_sq_r56_c17.tif,Y,Y1,Y1_K8_sq,56,17,1,0,11,139,0,2,2,0.88658,2.9244013,0.641963,1.0471139
Y1_K8_sq_r56_c18.tif,Y,Y1,Y1_K8_sq,56,18,0,0,38,146,0,2,2,0.2430945,2.405556,1.7678741,0.9045569
Y1_K8_sq_r56_c19.tif,Y,Y1,Y1_K8_sq,56,19,0,0,19,164,0,2,2,0.24440853,2.4185588,0.9002569,1.0211872
Y1_K8_sq_r56_c20.tif,Y,Y1,Y1_K8_sq,56,20,1,0,32,159,0,2,2,0.69921,2.3063576,1.4308206,0.94421333
Y1_K8_sq_r56_c21.tif,Y,Y1,Y1_K8_sq,56,21,0,1,19,137,0,1,1,0.28437468,8.44214,1.0474687,0.99315435
Y1_K8_sq_r56_c22.tif,Y,Y1,Y1_K8_sq,56,22,0,0,17,138,0,2,2,0.2879973,2.8498943,0.952011,1.013121
Y1_K8_sq_r56_c23.tif,Y,Y1,Y1_K8_sq,56,23,1,0,9,141,1,2,2,0.88658,2.9244013,0.53031725,1.0621263
Y1_K8_sq_r56_c24.tif,Y,Y1,Y1_K8_sq,56,24,1,0,12,148,0,2,2,0.83218855,2.74499,0.6549769,1.046285
Y1_K8_sq_r56_c25.tif,Y,Y1,Y1_K8_sq,56,25,0,0,22,133,1,2,2,0.2879973,2.8498943,1.224014,0.9765462
Y1_K8_sq_r56_c26.tif,Y,Y1,Y1_K8_sq,56,26,1,0,18,134,1,2,2,0.8751402,2.886667,1.0193976,0.99655616
Y1_K8_sq_r56_c27.tif,Y,Y1,Y1_K8_sq,56,27,1,0,46,107,1,2,2,0.8695304,2.8681629,2.5458448,0.7913982
Y1_K8_sq_r56_c33.tif,Y,Y1,Y1_K8_sq,56,33,0,1,40,123,2,1,1,0.27238297,8.086145,2.0837736,0.8544173
Y1_K8_sq_r56_c34.tif,Y,Y1,Y1_K8_sq,56,34,1,0,18,99,2,2,2,1.1303895,3.7286117,1.3167219,0.9522544
Y1_K8_sq_r56_c41.tif,Y,Y1,Y1_K8_sq,56,41,2,0,35,103,2,2,2,1.5920979,3.1509392,2.1352246,0.83707273
Y1_K8_sq_r56_c42.tif,Y,Y1,Y1_K8_sq,56,42,0,0,38,113,1,2,2,0.29552665,2.9244013,2.1491804,0.8519529
Y1_K8_sq_r56_c43.tif,Y,Y1,Y1_K8_sq,56,43,2,0,30,90,2,2,2,1.8232087,3.6083338,2.1007855,0.83818156
Y1_K8_sq_r56_c44.tif,Y,Y1,Y1_K8_sq,56,44,0,1,34,94,0,1,1,0.3451571,10.246567,2.2493205,0.8284603
Y1_K8_sq_r56_c45.tif,Y,Y1,Y1_K8_sq,56,45,0,1,49,89,0,1,1,0.32067785,9.519859,2.9984004,0.7289792
Y1_K8_sq_r56_c46.tif,Y,Y1,Y1_K8_sq,56,46,0,0,31,104,1,2,2,0.33004072,3.265937,1.9637833,0.87600565
Y1_K8_sq_r56_c47.tif,Y,Y1,Y1_K8_sq,56,47,1,0,11,124,1,2,2,0.98294735,3.242271,0.71174157,1.0360994
Y1_K8_sq_r57_c17.tif,Y,Y1,Y1_K8_sq,57,17,3,0,8,105,0,0,0,2.68228,3.7918084,0.6152342,1.02679
Y1_K8_sq_r57_c18.tif,Y,Y1,Y1_K8_sq,57,18,0,0,21,168,0,2,2,0.23673077,2.3425832,0.96141005,1.0131593
Y1_K8_sq_r57_c19.tif,Y,Y1,Y1_K8_sq,57,19,1,1,30,154,0,1,1,0.7215252,7.1398945,1.3856245,0.943804
Y1_K8_sq_r57_c20.tif,Y,Y1,Y1_K8_sq,57,20,1,0,25,155,0,2,2,0.74123895,2.444991,1.1901252,0.9758667
Y1_K8_sq_r57_c21.tif,Y,Y1,Y1_K8_sq,57,21,0,0,25,167,0,2,2,0.23306999,2.3063576,1.1226438,0.991572
Y1_K8_sq_r57_c22.tif,Y,Y1,Y1_K8_sq,57,22,0,0,19,142,0,2,2,0.27739617,2.74499,1.0217639,1.0040109
Y1_K8_sq_r57_c23.tif,Y,Y1,Y1_K8_sq,57,23,2,0,12,119,1,0,0,1.674651,3.3143213,0.79082394,1.0165888
Y1_K8_sq_r57_c24.tif,Y,Y1,Y1_K8_sq,57,24,2,0,13,125,1,0,0,1.5920979,3.1509392,0.81198686,1.0150012
Y1_K8_sq_r57_c25.tif,Y,Y1,Y1_K8_sq,57,25,2,0,23,140,1,2,2,1.3537598,2.679242,1.201863,0.9662089
Y1_K8_sq_r57_c26.tif,Y,Y1,Y1_K8_sq,57,26,2,1,23,126,1,1,1,1.4680382,8.716235,1.3033189,0.94336766
Y1_K8_sq_r57_c27.tif,Y,Y1,Y1_K8_sq,57,27,0,0,35,78,0,2,2,0.3931789,3.890725,2.6365383,0.7839403
Y1_K8_sq_r57_c31.tif,Y,Y1,Y1_K8_sq,57,31,0,4,64,66,1,1,1,0.3324675,29.609564,4.050647,0.56155705
Y1_K8_sq_r57_c33.tif,Y,Y1,Y1_K8_sq,57,33,1,1,39,110,1,1,1,0.88658,8.773204,2.2050033,0.82943434
Y1_K8_sq_r57_c43.tif,Y,Y1,Y1_K8_sq,57,43,0,2,27,66,2,1,1,0.46613997,23.063578,2.4213886,0.7873378
Y1_K8_sq_r57_c44.tif,Y,Y1,Y1_K8_sq,57,44,0,0,2,11,1,1,1,3.0143719,29.828894,1.4234831,0.8804765
Y1_K8_sq_r57_c45.tif,Y,Y1,Y1_K8_sq,57,45,0,0,15,66,0,1,1,0.54476595,5.3907638,1.594987,0.9201417
Y1_K8_sq_r57_c46.tif,Y,Y1,Y1_K8_sq,57,46,1,0,20,142,2,2,2,0.82210135,2.7117174,1.061142,0.99184114
Y1_K8_sq_r57_c47.tif,Y,Y1,Y1_K8_sq,57,47,3,0,13,137,1,0,0,2.0419939,2.886667,0.7438847,1.0187842
Y1_K8_sq_r57_c48.tif,Y,Y1,Y1_K8_sq,57,48,3,0,1,80,0,0,0,3.6803377,5.202714,0.14896917,1.0750004
Y1_K8_sq_r58_c18.tif,Y,Y1,Y1_K8_sq,58,18,3,0,12,125,0,0,0,2.228937,3.1509392,0.7518397,1.0150012
Y1_K8_sq_r58_c19.tif,Y,Y1,Y1_K8_sq,58,19,1,0,25,149,0,2,2,0.7663657,2.5278723,1.2304684,0.9700164
Y1_K8_sq_r58_c20.tif,Y,Y1,Y1_K8_sq,58,20,0,0,50,132,0,2,2,0.24573684,2.4317033,2.3441055,0.82700706
Y1_K8_sq_r58_c21.tif,Y,Y1,Y1_K8_sq,58,21,2,0,33,136,1,2,2,1.3068086,2.5863202,1.6538734,0.90614504
Y1_K8_sq_r58_c22.tif,Y,Y1,Y1_K8_sq,58,22,1,0,17,143,1,2,2,0.83218855,2.74499,0.91696763,1.0110567
Y1_K8_sq_r58_c23.tif,Y,Y1,Y1_K8_sq,58,23,1,0,11,102,1,2,2,1.1693684,3.8571844,0.846727,1.0147921
Y1_K8_sq_r58_c24.tif,Y,Y1,Y1_K8_sq,58,24,0,0,17,133,0,2,2,0.2974709,2.9436407,0.98332715,1.0086694
Y1_K8_sq_r58_c25.tif,Y,Y1,Y1_K8_sq,58,25,1,0,16,137,1,2,2,0.8695304,2.8681629,0.9033643,1.0122535
Y1_K8_sq_r58_c26.tif,Y,Y1,Y1_K8_sq,58,26,2,1,30,111,1,1,1,1.5484787,9.193837,1.7842288,0.87706786
Y1_K8_sq_r58_c29.tif,Y,Y1,Y1_K8_sq,58,29,0,0,51,91,1,2,2,0.31399706,3.1071763,3.0545576,0.72974277
Y1_K8_sq_r58_c30.tif,Y,Y1,Y1_K8_sq,58,30,1,1,42,93,2,1,1,0.9758758,9.656836,2.6114259,0.77251685
Y1_K8_sq_r58_c45.tif,Y,Y1,Y1_K8_sq,58,45,0,1,24,67,0,1,1,0.48101676,14.279789,2.2260852,0.8246831
Y1_K8_sq_r58_c46.tif,Y,Y1,Y1_K8_sq,58,46,0,1,33,108,1,1,1,0.31399706,9.321529,1.9869453,0.86532336
Y1_K8_sq_r58_c47.tif,Y,Y1,Y1_K8_sq,58,47,2,0,17,127,1,2,2,1.5275532,3.0231986,1.0099036,0.9893721
Y1_K8_sq_r58_c48.tif,Y,Y1,Y1_K8_sq,58,48,2,0,0,85,0,0,0,2.540201,5.0273414,0.047982577,1.1032839
Y1_K8_sq_r59_c19.tif,Y,Y1,Y1_K8_sq,59,19,2,0,2,150,0,0,0,1.4492173,2.8681629,0.13687338,1.1079575
Y1_K8_sq_r59_c20.tif,Y,Y1,Y1_K8_sq,59,20,0,0,14,142,0,2,2,0.28617454,2.831857,0.78381664,1.0357834
Y1_K8_sq_r59_c21.tif,Y,Y1,Y1_K8_sq,59,21,1,1,23,108,1,1,1,1.0047907,9.942965,1.4867489,0.9230116
Y1_K8_sq_r59_c22.tif,Y,Y1,Y1_K8_sq,59,22,3,0,19,142,1,0,0,1.906681,2.6953819,1.0032983,0.9858661
Y1_K8_sq_r59_c23.tif,Y,Y1,Y1_K8_sq,59,23,1,0,13,149,0,2,2,0.82210135,2.7117174,0.69880074,1.0405631
Y1_K8_sq_r59_c24.tif,Y,Y1,Y1_K8_sq,59,24,1,0,9,117,1,2,2,1.051525,3.4684758,0.6289809,1.0460666
Y1_K8_sq_r59_c25.tif,Y,Y1,Y1_K8_sq,59,25,0,0,17,129,0,2,2,0.30551067,3.0231986,1.0099036,1.0048916
Y1_K8_sq_r59_c26.tif,Y,Y1,Y1_K8_sq,59,26,1,3,28,93,0,1,1,1.0680845,24.661684,1.9166583,0.84551066
Y1_K8_sq_r59_c46.tif,Y,Y1,Y1_K8_sq,59,46,0,0,32,110,2,2,2,0.31399706,3.1071763,1.9276334,0.881274
Y1_K8_sq_r59_c47.tif,Y,Y1,Y1_K8_sq,59,47,0,1,20,150,1,1,1,0.26136172,7.7589602,1.0120718,0.999083
Y1_K8_sq_r59_c48.tif,Y,Y1,Y1_K8_sq,59,48,4,0,4,101,0,0,0,3.6661277,4.0309315,0.34625262,1.0501571
Y1_K8_sq_r5_c21.tif,Y,Y1,Y1_K8_sq,5,21,0,0,19,112,0,2,2,0.33996674,3.364161,1.2522371,0.9714312
Y1_K8_sq_r5_c22.tif,Y,Y1,Y1_K8_sq,5,22,1,0,22,123,1,2,2,0.9165319,3.0231986,1.2984474,0.95833296
Y1_K8_sq_r5_c23.tif,Y,Y1,Y1_K8_sq,5,23,3,1,42,93,0,1,1,2.244745,9.519859,2.5743845,0.7615592
Y1_K8_sq_r5_c24.tif,Y,Y1,Y1_K8_sq,5,24,0,0,31,140,0,2,2,0.26136172,2.5863202,1.5551348,0.9326988
Y1_K8_sq_r5_c25.tif,Y,Y1,Y1_K8_sq,5,25,1,0,23,126,0,2,2,0.89241266,2.9436407,1.320468,0.9557804
Y1_K8_sq_r5_c26.tif,Y,Y1,Y1_K8_sq,5,26,0,0,25,117,0,2,2,0.31399706,3.1071763,1.5124508,0.9371013
Y1_K8_sq_r5_c30.tif,Y,Y1,Y1_K8_sq,5,30,0,1,27,104,1,1,1,0.33742967,10.017165,1.7527963,0.89561766
Y1_K8_sq_r5_c35.tif,Y,Y1,Y1_K8_sq,5,35,0,4,35,107,0,1,1,0.30551067,27.208788,2.0486615,0.8341765
Y1_K8_sq_r5_c36.tif,Y,Y1,Y1_K8_sq,5,36,1,0,29,146,0,2,2,0.7620603,2.5136707,1.4154861,0.94521105
Y1_K8_sq_r5_c37.tif,Y,Y1,Y1_K8_sq,5,37,1,0,20,137,1,2,2,0.8477921,2.7964587,1.0943027,0.9869471
Y1_K8_sq_r5_c38.tif,Y,Y1,Y1_K8_sq,5,38,0,0,3,119,0,1,1,0.36464176,3.6083338,0.24107374,1.10677
Y1_K8_sq_r60_c19.tif,Y,Y1,Y1_K8_sq,60,19,3,0,2,72,0,0,0,4.0064435,5.663714,0.2702816,1.0539551
Y1_K8_sq_r60_c20.tif,Y,Y1,Y1_K8_sq,60,20,2,0,18,160,0,2,2,1.2421862,2.4584253,0.8681683,1.0127794
Y1_K8_sq_r60_c21.tif,Y,Y1,Y1_K8_sq,60,21,2,0,25,150,0,2,2,1.2630049,2.4996278,1.2167201,0.9655942
Y1_K8_sq_r60_c22.tif,Y,Y1,Y1_K8_sq,60,22,0,0,24,143,0,2,2,0.2675478,2.6475348,1.2381777,0.97516114
Y1_K8_sq_r60_c23.tif,Y,Y1,Y1_K8_sq,60,23,0,0,9,154,0,2,2,0.27403378,2.7117174,0.49174872,1.0753646
Y1_K8_sq_r60_c24.tif,Y,Y1,Y1_K8_sq,60,24,1,0,7,146,0,2,2,0.8695304,2.8681629,0.41062012,1.07851
Y1_K8_sq_r60_c25.tif,Y,Y1,Y1_K8_sq,60,25,2,0,15,108,0,0,0,1.7801409,3.5230975,1.0423932,0.981154
Y1_K8_sq_r60_c47.tif,Y,Y1,Y1_K8_sq,60,47,1,0,20,137,1,2,2,0.8477921,2.7964587,1.0943027,0.9869471
Y1_K8_sq_r60_c48.tif,Y,Y1,Y1_K8_sq,60,48,4,0,2,106,0,0,0,3.5696507,3.9248543,0.18730041,1.0728918
Y1_K8_sq_r61_c20.tif,Y,Y1,Y1_K8_sq,61,20,4,0,7,102,0,0,0,3.5386105,3.890725,0.5570151,1.0236163
Y1_K8_sq_r61_c21.tif,Y,Y1,Y1_K8_sq,61,21,1,0,11,128,0,2,2,0.95525867,3.1509392,0.69169253,1.0392642
Y1_K8_sq_r61_c22.tif,Y,Y1,Y1_K8_sq,61,22,0,0,29,140,0,2,2,0.26441857,2.6165695,1.4734299,0.94360757
Y1_K8_sq_r61_c23.tif,Y,Y1,Y1_K8_sq,61,23,1,0,14,105,0,2,2,1.1118585,3.6674867,1.0151068,0.9931247
Y1_K8_sq_r61_c24.tif,Y,Y1,Y1_K8_sq,61,24,0,0,7,121,0,1,1,0.34781215,3.4417953,0.49274415,1.0733567
Y1_K8_sq_r61_c25.tif,Y,Y1,Y1_K8_sq,61,25,0,0,12,133,1,2,2,0.30758896,3.0437646,0.72626686,1.0429779
Y1_K8_sq_r61_c36.tif,Y,Y1,Y1_K8_sq,61,36,1,2,34,104,1,1,1,0.94857854,15.644525,2.0605664,0.83925015
Y1_K8_sq_r61_c46.tif,Y,Y1,Y1_K8_sq,61,46,1,1,25,127,1,1,1,0.8695304,8.604488,1.3961084,0.93863505
Y1_K8_sq_r61_c47.tif,Y,Y1,Y1_K8_sq,61,47,0,0,23,155,2,2,2,0.25119767,2.4857411,1.1150618,0.99213105
Y1_K8_sq_r61_c48.tif,Y,Y1,Y1_K8_sq,61,48,6,0,14,102,0,0,0,4.7403426,3.6083338,0.9987341,0.94932157
Y1_K8_sq_r62_c22.tif,Y,Y1,Y1_K8_sq,62,22,4,0,4,70,0,0,0,5.0867524,5.5929174,0.48042554,1.0120695
Y1_K8_sq_r62_c23.tif,Y,Y1,Y1_K8_sq,62,23,5,0,15,140,0,0,0,3.0701933,2.7619345,0.81718475,0.99603015
Y1_K8_sq_r62_c24.tif,Y,Y1,Y1_K8_sq,62,24,2,0,17,148,0,2,2,1.337739,2.6475348,0.8844125,1.0091388
Y1_K8_sq_r62_c25.tif,Y,Y1,Y1_K8_sq,62,25,2,0,12,146,0,0,0,1.3955425,2.7619345,0.65901995,1.0385653
Y1_K8_sq_r62_c35.tif,Y,Y1,Y1_K8_sq,62,35,1,0,25,124,2,2,2,0.89241266,2.9436407,1.4328481,0.94066924
Y1_K8_sq_r62_c46.tif,Y,Y1,Y1_K8_sq,62,46,1,0,27,134,1,2,2,0.82711416,2.7282524,1.4321629,0.94186705
Y1_K8_sq_r62_c47.tif,Y,Y1,Y1_K8_sq,62,47,1,0,23,108,1,2,2,1.012289,3.339055,1.4978442,0.92989975
Y1_K8_sq_r62_c48.tif,Y,Y1,Y1_K8_sq,62,48,6,0,6,103,0,0,0,5.023953,3.8242173,0.47449437,1.0159343
Y1_K8_sq_r63_c23.tif,Y,Y1,Y1_K8_sq,63,23,7,0,26,121,0,0,0,4.347652,2.8681629,1.4508578,0.89446396
Y1_K8_sq_r63_c24.tif,Y,Y1,Y1_K8_sq,63,24,0,0,19,139,0,2,2,0.28259736,2.7964587,1.040922,1.0013027
Y1_K8_sq_r63_c25.tif,Y,Y1,Y1_K8_sq,63,25,0,0,13,158,1,2,2,0.26136172,2.5863202,0.6664863,1.0521904
Y1_K8_sq_r63_c34.tif,Y,Y1,Y1_K8_sq,63,34,0,0,5,107,1,1,1,0.39662787,3.9248543,0.4120609,1.0829659
Y1_K8_sq_r63_c35.tif,Y,Y1,Y1_K8_sq,63,35,0,0,17,105,2,2,2,0.36464176,3.6083338,1.2053688,0.97710663
Y1_K8_sq_r63_c46.tif,Y,Y1,Y1_K8_sq,63,46,0,2,40,91,1,1,1,0.3349302,16.571608,2.5622697,0.77839226
Y1_K8_sq_r63_c47.tif,Y,Y1,Y1_K8_sq,63,47,0,0,20,139,1,2,2,0.2808421,2.7790895,1.0875057,0.99508345
Y1_K8_sq_r63_c48.tif,Y,Y1,Y1_K8_sq,63,48,4,0,1,100,0,0,0,3.8031795,4.1816206,0.11973222,1.0786821
Y1_K8_sq_r64_c23.tif,Y,Y1,Y1_K8_sq,64,23,1,0,12,103,0,2,2,1.1495485,3.7918084,0.90475625,1.0073248
Y1_K8_sq_r64_c24.tif,Y,Y1,Y1_K8_sq,64,24,1,0,28,86,1,2,2,1.1593738,3.8242173,2.0804753,0.84906596
Y1_K8_sq_r64_c25.tif,Y,Y1,Y1_K8_sq,64,25,2,0,26,147,0,2,2,1.2772762,2.5278723,1.278722,0.95703965
Y1_K8_sq_r64_c26.tif,Y,Y1,Y1_K8_sq,64,26,1,0,17,127,0,2,2,0.92276686,3.0437646,1.0167737,0.9961025
Y1_K8_sq_r64_c32.tif,Y,Y1,Y1_K8_sq,64,32,0,1,22,117,1,1,1,0.31841955,9.452818,1.3533114,0.9502999
Y1_K8_sq_r64_c33.tif,Y,Y1,Y1_K8_sq,64,33,3,0,9,114,0,0,0,2.4727268,3.4955733,0.6338948,1.0273223
Y1_K8_sq_r64_c34.tif,Y,Y1,Y1_K8_sq,64,34,3,1,7,93,2,1,1,2.9859345,12.66321,0.60430884,1.0130174
Y1_K8_sq_r64_c35.tif,Y,Y1,Y1_K8_sq,64,35,2,0,26,91,2,2,2,1.8684123,3.6977966,1.8705274,0.86845416
Y1_K8_sq_r64_c46.tif,Y,Y1,Y1_K8_sq,64,46,1,1,37,109,0,1,1,0.90431154,8.948668,2.1352246,0.83836675
Y1_K8_sq_r64_c47.tif,Y,Y1,Y1_K8_sq,64,47,1,0,14,148,1,2,2,0.82210135,2.7117174,0.7505638,1.0336028
Y1_K8_sq_r64_c48.tif,Y,Y1,Y1_K8_sq,64,48,4,0,2,96,0,0,0,3.9128866,4.302244,0.20531006,1.0656269
Y1_K8_sq_r65_c24.tif,Y,Y1,Y1_K8_sq,65,24,1,0,20,122,0,2,2,0.9354947,3.0857475,1.2075064,0.97024024
Y1_K8_sq_r65_c25.tif,Y,Y1,Y1_K8_sq,65,25,4,0,35,104,0,0,0,2.8064842,3.0857475,2.0910475,0.82767427
Y1_K8_sq_r65_c26.tif,Y,Y1,Y1_K8_sq,65,26,0,2,24,113,0,1,1,0.32067785,15.866433,1.4840568,0.9244596
Y1_K8_sq_r65_c27.tif,Y,Y1,Y1_K8_sq,65,27,1,0,24,148,0,2,2,0.77512413,2.5567622,1.1957258,0.9745398
Y1_K8_sq_r65_c28.tif,Y,Y1,Y1_K8_sq,65,28,0,1,30,116,0,1,1,0.30346024,9.008726,1.7483047,0.89794725
Y1_K8_sq_r65_c29.tif,Y,Y1,Y1_K8_sq,65,29,0,1,28,88,0,1,1,0.37996286,11.279834,2.0455093,0.85409755
Y1_K8_sq_r65_c30.tif,Y,Y1,Y1_K8_sq,65,30,2,0,39,103,1,2,2,1.5484787,3.0646124,2.3107226,0.8141392
Y1_K8_sq_r65_c31.tif,Y,Y1,Y1_K8_sq,65,31,2,1,22,131,1,1,1,1.4308727,8.49557,1.2162672,0.95582825
Y1_K8_sq_r65_c32.tif,Y,Y1,Y1_K8_sq,65,32,4,0,12,130,1,0,0,2.7495959,3.0231986,0.72135967,1.0126514
Y1_K8_sq_r65_c33.tif,Y,Y1,Y1_K8_sq,65,33,3,0,13,143,2,0,0,1.9658947,2.7790895,0.7161623,1.0236163
Y1_K8_sq_r65_c34.tif,Y,Y1,Y1_K8_sq,65,34,3,0,19,116,2,0,0,2.260779,3.195953,1.1896251,0.95567244
Y1_K8_sq_r65_c45.tif,Y,Y1,Y1_K8_sq,65,45,0,0,25,126,2,2,2,0.29552665,2.9244013,1.4234831,0.94953346
Y1_K8_sq_r65_c46.tif,Y,Y1,Y1_K8_sq,65,46,0,0,16,141,1,2,2,0.28437468,2.8140464,0.8863197,1.0220461
Y1_K8_sq_r65_c47.tif,Y,Y1,Y1_K8_sq,65,47,1,0,10,138,1,2,2,0.89832276,2.963135,0.59390354,1.0533774
Y1_K8_sq_r65_c48.tif,Y,Y1,Y1_K8_sq,65,48,2,0,4,118,1,0,0,1.794269,3.551059,0.3050321,1.0800875
Y1_K8_sq_r66_c24.tif,Y,Y1,Y1_K8_sq,66,24,9,0,2,139,0,0,0,5.651947,2.9436407,0.14047532,1.0540029
Y1_K8_sq_r66_c25.tif,Y,Y1,Y1_K8_sq,66,25,3,0,26,113,1,0,0,2.1979795,3.1071763,1.5717626,0.9052
Y1_K8_sq_r66_c26.tif,Y,Y1,Y1_K8_sq,66,26,0,0,9,145,0,2,2,0.28984344,2.8681629,0.52011883,1.0711482
Y1_K8_sq_r66_c27.tif,Y,Y1,Y1_K8_sq,66,27,2,0,15,136,0,2,2,1.458567,2.886667,0.85408986,1.0113748
Y1_K8_sq_r66_c28.tif,Y,Y1,Y1_K8_sq,66,28,0,0,30,108,1,2,2,0.32296842,3.195953,1.8606957,0.89004683
Y1_K8_sq_r66_c29.tif,Y,Y1,Y1_K8_sq,66,29,1,0,10,111,0,2,2,1.0939252,3.6083338,0.72322124,1.0326766
Y1_K8_sq_r66_c30.tif,Y,Y1,Y1_K8_sq,66,30,4,0,23,120,1,0,0,2.7311423,3.0029087,1.3470545,0.92877805
Y1_K8_sq_r66_c31.tif,Y,Y1,Y1_K8_sq,66,31,3,1,33,108,2,1,1,2.1531227,9.131293,1.9463953,0.8476637
Y1_K8_sq_r66_c32.tif,Y,Y1,Y1_K8_sq,66,32,1,0,34,99,2,2,2,0.9974025,3.2899516,2.166625,0.8402245
Y1_K8_sq_r66_c33.tif,Y,Y1,Y1_K8_sq,66,33,0,0,21,121,2,2,2,0.31399706,3.1071763,1.2752036,0.96900266
Y1_K8_sq_r66_c45.tif,Y,Y1,Y1_K8_sq,66,45,1,0,19,132,1,2,2,0.8808229,2.9054117,1.0814774,0.98811233
Y1_K8_sq_r66_c46.tif,Y,Y1,Y1_K8_sq,66,46,0,0,15,154,1,2,2,0.26441857,2.6165695,0.774175,1.0376325
Y1_K8_sq_r66_c47.tif,Y,Y1,Y1_K8_sq,66,47,1,0,12,152,1,2,2,0.8122559,2.679242,0.6392888,1.0487322
Y1_K8_sq_r66_c48.tif,Y,Y1,Y1_K8_sq,66,48,2,0,7,131,1,0,0,1.5920979,3.1509392,0.4511038,1.0635271
Y1_K8_sq_r67_c24.tif,Y,Y1,Y1_K8_sq,67,24,6,0,0,104,0,0,0,5.2482367,3.9949412,0.038129013,1.0715426
Y1_K8_sq_r67_c25.tif,Y,Y1,Y1_K8_sq,67,25,1,0,19,144,1,2,2,0.817149,2.6953819,1.0032983,0.9997029
Y1_K8_sq_r67_c26.tif,Y,Y1,Y1_K8_sq,67,26,1,0,28,138,0,2,2,0.8026434,2.6475348,1.4403291,0.9411834
Y1_K8_sq_r67_c27.tif,Y,Y1,Y1_K8_sq,67,27,1,0,16,146,0,2,2,0.82210135,2.7117174,0.85408986,1.0196823
Y1_K8_sq_r67_c28.tif,Y,Y1,Y1_K8_sq,67,28,1,0,13,160,0,2,2,0.77072006,2.5422354,0.65512574,1.047306
Y1_K8_sq_r67_c29.tif,Y,Y1,Y1_K8_sq,67,29,1,0,5,119,0,2,2,1.0680845,3.5230975,0.36988145,1.0806259
Y1_K8_sq_r67_c30.tif,Y,Y1,Y1_K8_sq,67,30,1,0,26,119,1,2,2,0.9165319,3.0231986,1.5292825,0.9272938
Y1_K8_sq_r67_c31.tif,Y,Y1,Y1_K8_sq,67,31,1,0,17,55,1,2,2,1.8086231,5.965779,1.9928764,0.84985125
Y1_K8_sq_r67_c32.tif,Y,Y1,Y1_K8_sq,67,32,0,1,32,93,1,1,1,0.3532467,10.48672,2.1685874,0.8389051
Y1_K8_sq_r67_c33.tif,Y,Y1,Y1_K8_sq,67,33,1,0,19,125,2,2,2,0.92276686,3.0437646,1.1329763,0.98047733
Y1_K8_sq_r67_c34.tif,Y,Y1,Y1_K8_sq,67,34,3,0,15,94,2,0,0,2.776395,3.9248543,1.1612625,0.9520026
Y1_K8_sq_r67_c35.tif,Y,Y1,Y1_K8_sq,67,35,1,0,20,129,2,2,2,0.89241266,2.9436407,1.1518975,0.97844714
Y1_K8_sq_r67_c36.tif,Y,Y1,Y1_K8_sq,67,36,2,0,34,100,2,2,2,1.6382455,3.242271,2.1352246,0.83636945
Y1_K8_sq_r67_c44.tif,Y,Y1,Y1_K8_sq,67,44,1,0,24,88,1,2,2,1.1795368,3.890725,1.8195828,0.88380533
Y1_K8_sq_r67_c45.tif,Y,Y1,Y1_K8_sq,67,45,1,0,13,133,1,2,2,0.9103807,3.0029087,0.77383983,1.0289782
Y1_K8_sq_r67_c46.tif,Y,Y1,Y1_K8_sq,67,46,1,0,21,118,1,2,2,0.95525867,3.1509392,1.2931643,0.9583876
Y1_K8_sq_r67_c47.tif,Y,Y1,Y1_K8_sq,67,47,1,0,27,151,1,2,2,0.74942946,2.4720078,1.2976503,0.9612697
Y1_K8_sq_r67_c48.tif,Y,Y1,Y1_K8_sq,67,48,1,0,6,147,1,2,2,0.8695304,2.8681629,0.35587078,1.0858719
Y1_K8_sq_r68_c24.tif,Y,Y1,Y1_K8_sq,68,24,2,0,3,70,0,0,0,2.9360764,5.8108234,0.38822266,1.0515008
Y1_K8_sq_r68_c25.tif,Y,Y1,Y1_K8_sq,68,25,3,0,10,159,0,0,0,1.8190175,2.5714562,0.51539904,1.0527437
Y1_K8_sq_r68_c26.tif,Y,Y1,Y1_K8_sq,68,26,1,0,18,173,0,2,2,0.69921,2.3063576,0.81446713,1.027091
Y1_K8_sq_r68_c27.tif,Y,Y1,Y1_K8_sq,68,27,0,0,14,158,0,2,2,0.25985965,2.5714562,0.71174157,1.0461434
Y1_K8_sq_r68_c28.tif,Y,Y1,Y1_K8_sq,68,28,0,0,16,148,0,2,2,0.27238297,2.6953819,0.8489448,1.0273763
Y1_K8_sq_r68_c29.tif,Y,Y1,Y1_K8_sq,68,29,1,0,11,141,1,2,2,0.8751402,2.886667,0.63367957,1.0484215
Y1_K8_sq_r68_c30.tif,Y,Y1,Y1_K8_sq,68,30,3,0,21,124,2,0,0,2.1100602,2.9828894,1.2241955,0.9532115
Y1_K8_sq_r68_c31.tif,Y,Y1,Y1_K8_sq,68,31,1,0,29,114,1,2,2,0.9290872,3.0646124,1.7257296,0.90066606
Y1_K8_sq_r68_c32.tif,Y,Y1,Y1_K8_sq,68,32,4,1,26,127,0,1,1,2.5433762,8.389377,1.4145864,0.9151692
Y1_K8_sq_r68_c33.tif,Y,Y1,Y1_K8_sq,68,33,3,0,16,116,1,0,0,2.3102849,3.265937,1.0286484,0.97659963
Y1_K8_sq_r68_c34.tif,Y,Y1,Y1_K8_sq,68,34,1,0,21,83,2,2,2,1.2677264,4.1816206,1.7161618,0.8962184
Y1_K8_sq_r68_c35.tif,Y,Y1,Y1_K8_sq,68,35,0,0,15,122,2,2,2,0.32529193,3.2189453,0.95240235,1.0121211
Y1_K8_sq_r68_c36.tif,Y,Y1,Y1_K8_sq,68,36,0,1,34,121,1,1,1,0.28617454,8.49557,1.864943,0.8831417
Y1_K8_sq_r68_c37.tif,Y,Y1,Y1_K8_sq,68,37,2,0,25,105,1,2,2,1.6871483,3.339055,1.6253203,0.9041882
Y1_K8_sq_r68_c46.tif,Y,Y1,Y1_K8_sq,68,46,1,0,17,118,1,2,2,0.98294735,3.242271,1.083085,0.9861669
Y1_K8_sq_r68_c47.tif,Y,Y1,Y1_K8_sq,68,47,0,0,17,134,1,2,2,0.29552665,2.9244013,0.97690016,1.009583
Y1_K8_sq_r68_c48.tif,Y,Y1,Y1_K8_sq,68,48,5,0,7,141,0,0,0,3.2088475,2.886667,0.41326928,1.0484215
Y1_K8_sq_r69_c25.tif,Y,Y1,Y1_K8_sq,69,25,8,0,7,135,0,0,0,5.0570054,2.9436407,0.42142594,1.0237806
Y1_K8_sq_r69_c26.tif,Y,Y1,Y1_K8_sq,69,26,3,0,31,154,0,0,0,1.665837,2.3549128,1.4159911,0.93386924
Y1_K8_sq_r69_c27.tif,Y,Y1,Y1_K8_sq,69,27,2,0,14,160,1,2,2,1.2701005,2.5136707,0.6957474,1.0355384
Y1_K8_sq_r69_c28.tif,Y,Y1,Y1_K8_sq,69,28,2,0,32,159,0,2,2,1.1593738,2.2945304,1.4234831,0.9393712
Y1_K8_sq_r69_c32.tif,Y,Y1,Y1_K8_sq,69,32,5,0,15,92,1,0,0,4.3629065,3.9248543,1.1612625,0.9318544
Y1_K8_sq_r69_c33.tif,Y,Y1,Y1_K8_sq,69,33,5,0,16,157,2,0,0,2.7631743,2.4857411,0.7829157,1.0048916
Y1_K8_sq_r69_c34.tif,Y,Y1,Y1_K8_sq,69,34,3,0,15,125,2,0,0,2.182821,3.0857475,0.9129926,0.9940012
Y1_K8_sq_r69_c35.tif,Y,Y1,Y1_K8_sq,69,35,1,0,16,135,2,2,2,0.8808229,2.9054117,0.9150963,1.0104847
Y1_K8_sq_r69_c36.tif,Y,Y1,Y1_K8_sq,69,36,4,0,17,108,1,0,0,3.1064136,3.415522,1.1409597,0.9511951
Y1_K8_sq_r69_c37.tif,Y,Y1,Y1_K8_sq,69,37,1,1,32,118,1,1,1,0.8808229,8.716235,1.8024623,0.88370806
Y1_K8_sq_r69_c38.tif,Y,Y1,Y1_K8_sq,69,38,1,0,21,108,0,2,2,1.0276268,3.389647,1.3911312,0.9439891
Y1_K8_sq_r69_c39.tif,Y,Y1,Y1_K8_sq,69,39,2,1,12,130,2,1,1,1.5379449,9.131293,0.72626686,1.0195402
Y1_K8_sq_r69_c40.tif,Y,Y1,Y1_K8_sq,69,40,1,0,14,118,1,2,2,1.0047907,3.3143213,0.9173558,1.0080818
Y1_K8_sq_r69_c41.tif,Y,Y1,Y1_K8_sq,69,41,1,1,25,96,0,1,1,1.0851738,10.738401,1.7423433,0.88660157
Y1_K8_sq_r69_c46.tif,Y,Y1,Y1_K8_sq,69,46,0,0,20,125,0,2,2,0.30758896,3.0437646,1.1910777,0.98047733
Y1_K8_sq_r69_c47.tif,Y,Y1,Y1_K8_sq,69,47,1,0,8,150,1,2,2,0.8425263,2.7790895,0.450917,1.0735488
Y1_K8_sq_r69_c48.tif,Y,Y1,Y1_K8_sq,69,48,2,0,8,147,0,0,0,1.4218736,2.8140464,0.45658892,1.0653838
Y1_K8_sq_r6_c20.tif,Y,Y1,Y1_K8_sq,6,20,4,0,24,123,0,0,0,2.65974,2.9244013,1.3676603,0.9270149
Y1_K8_sq_r6_c26.tif,Y,Y1,Y1_K8_sq,6,26,0,0,23,94,0,2,2,0.37996286,3.7599447,1.6866481,0.9120025
Y1_K8_sq_r6_c36.tif,Y,Y1,Y1_K8_sq,6,36,1,0,38,122,2,2,2,0.83218855,2.74499,2.017329,0.86309713
Y1_K8_sq_r6_c37.tif,Y,Y1,Y1_K8_sq,6,37,0,0,29,161,2,2,2,0.2354978,2.3303823,1.3122735,0.9660119
Y1_K8_sq_r6_c38.tif,Y,Y1,Y1_K8_sq,6,38,1,0,16,149,2,2,2,0.8074211,2.663294,0.8388382,1.0219816
Y1_K8_sq_r70_c26.tif,Y,Y1,Y1_K8_sq,70,26,2,0,7,111,0,0,0,1.8530974,3.6674867,0.5250552,1.0496057
Y1_K8_sq_r70_c27.tif,Y,Y1,Y1_K8_sq,70,27,1,0,9,142,1,2,2,0.8808229,2.9054117,0.5268736,1.0626869
Y1_K8_sq_r70_c28.tif,Y,Y1,Y1_K8_sq,70,28,1,0,11,145,0,2,2,0.85312414,2.8140464,0.617738,1.0509379
Y1_K8_sq_r70_c33.tif,Y,Y1,Y1_K8_sq,70,33,1,0,14,127,2,2,2,0.9419912,3.1071763,0.86002105,1.0168546
Y1_K8_sq_r70_c34.tif,Y,Y1,Y1_K8_sq,70,34,0,0,10,132,2,2,2,0.31399706,3.1071763,0.6227738,1.0567313
Y1_K8_sq_r70_c35.tif,Y,Y1,Y1_K8_sq,70,35,0,0,24,139,2,2,2,0.27403378,2.7117174,1.2681941,0.97096026
Y1_K8_sq_r70_c36.tif,Y,Y1,Y1_K8_sq,70,36,0,0,19,133,2,2,2,0.29360765,2.9054117,1.0814774,0.9955698
Y1_K8_sq_r70_c37.tif,Y,Y1,Y1_K8_sq,70,37,1,1,30,127,1,1,1,0.8425263,8.337269,1.6179963,0.9094849
Y1_K8_sq_r70_c38.tif,Y,Y1,Y1_K8_sq,70,38,1,0,25,126,2,2,2,0.8808229,2.9054117,1.4142398,0.94336766
Y1_K8_sq_r70_c39.tif,Y,Y1,Y1_K8_sq,70,39,1,0,18,118,1,2,2,0.9758758,3.2189453,1.1367383,0.9790722
Y1_K8_sq_r70_c40.tif,Y,Y1,Y1_K8_sq,70,40,0,0,33,99,2,2,2,0.33742967,3.339055,2.1352246,0.8527652
Y1_K8_sq_r70_c41.tif,Y,Y1,Y1_K8_sq,70,41,0,0,23,87,0,2,2,0.40371054,3.9949412,1.7920636,0.89722466
Y1_K8_sq_r70_c46.tif,Y,Y1,Y1_K8_sq,70,46,1,0,20,130,1,2,2,0.88658,2.9244013,1.1443689,0.9795582
Y1_K8_sq_r70_c47.tif,Y,Y1,Y1_K8_sq,70,47,1,0,18,147,0,2,2,0.8074211,2.663294,0.9405156,1.0083096
Y1_K8_sq_r70_c48.tif,Y,Y1,Y1_K8_sq,70,48,5,0,2,103,0,0,0,4.4408154,3.9949412,0.19064507,1.0612886
Y1_K8_sq_r71_c26.tif,Y,Y1,Y1_K8_sq,71,26,3,0,7,136,0,0,0,2.1385746,3.0231986,0.43281582,1.0592101
Y1_K8_sq_r71_c27.tif,Y,Y1,Y1_K8_sq,71,27,3,0,14,142,1,0,0,1.9658947,2.7790895,0.76921135,1.0164831
Y1_K8_sq_r71_c28.tif,Y,Y1,Y1_K8_sq,71,28,2,0,14,159,0,2,2,1.2772762,2.5278723,0.6996782,1.0349005
Y1_K8_sq_r71_c33.tif,Y,Y1,Y1_K8_sq,71,33,7,0,8,136,1,0,0,4.4329,2.9244013,0.47449437,1.0245954
Y1_K8_sq_r71_c34.tif,Y,Y1,Y1_K8_sq,71,34,1,0,9,139,2,2,2,0.89832276,2.963135,0.5373413,1.0609831
Y1_K8_sq_r71_c35.tif,Y,Y1,Y1_K8_sq,71,35,0,0,13,154,1,2,2,0.2675478,2.6475348,0.6822611,1.0499122
Y1_K8_sq_r71_c36.tif,Y,Y1,Y1_K8_sq,71,36,0,0,25,153,2,2,2,0.25119767,2.4857411,1.2099606,0.9793706
Y1_K8_sq_r71_c37.tif,Y,Y1,Y1_K8_sq,71,37,3,1,31,119,1,1,1,2.0289042,8.604488,1.7246045,0.8797403
Y1_K8_sq_r71_c38.tif,Y,Y1,Y1_K8_sq,71,38,3,1,26,122,2,1,1,2.0552535,8.716235,1.4697001,0.91353786
Y1_K8_sq_r71_c39.tif,Y,Y1,Y1_K8_sq,71,39,0,0,30,96,2,2,2,0.3532467,3.4955733,2.035136,0.86582184
Y1_K8_sq_r71_c40.tif,Y,Y1,Y1_K8_sq,71,40,1,0,17,45,1,2,2,2.0868728,6.8835907,2.2994728,0.8039133
Y1_K8_sq_r71_c41.tif,Y,Y1,Y1_K8_sq,71,41,0,0,4,18,0,1,1,1.8839824,18.643059,1.6014185,0.88526165
Y1_K8_sq_r71_c42.tif,Y,Y1,Y1_K8_sq,71,42,1,0,8,89,0,2,2,1.3564672,4.474334,0.7259764,1.0278605
Y1_K8_sq_r71_c43.tif,Y,Y1,Y1_K8_sq,71,43,1,1,10,130,1,1,1,0.9419912,9.321529,0.6227738,1.0407807
Y1_K8_sq_r71_c44.tif,Y,Y1,Y1_K8_sq,71,44,0,0,28,131,2,2,2,0.2808421,2.7790895,1.5118982,0.9380178
Y1_K8_sq_r71_c45.tif,Y,Y1,Y1_K8_sq,71,45,0,0,17,123,2,2,2,0.31841955,3.1509392,1.0525755,0.9988259
Y1_K8_sq_r71_c46.tif,Y,Y1,Y1_K8_sq,71,46,0,0,8,137,1,1,1,0.30758896,3.0437646,0.4938615,1.0742282
Y1_K8_sq_r71_c47.tif,Y,Y1,Y1_K8_sq,71,47,2,0,9,115,2,0,0,1.7662334,3.4955733,0.6338948,1.0362945
Y1_K8_sq_r71_c48.tif,Y,Y1,Y1_K8_sq,71,48,0,0,6,116,0,1,1,0.36464176,3.6083338,0.44770837,1.078985
Y1_K8_sq_r72_c26.tif,Y,Y1,Y1_K8_sq,72,26,0,0,8,102,0,1,1,0.40371054,3.9949412,0.6481932,1.0510347
Y1_K8_sq_r72_c27.tif,Y,Y1,Y1_K8_sq,72,27,0,0,20,147,0,2,2,0.2675478,2.6475348,1.0360262,1.0023433
Y1_K8_sq_r72_c28.tif,Y,Y1,Y1_K8_sq,72,28,1,0,28,141,0,2,2,0.78864384,2.601357,1.415207,0.9447984
Y1_K8_sq_r72_c29.tif,Y,Y1,Y1_K8_sq,72,29,6,0,23,133,0,0,0,3.5841615,2.7282524,1.2238482,0.93486434
Y1_K8_sq_r72_c30.tif,Y,Y1,Y1_K8_sq,72,30,10,0,11,90,0,0,0,8.402895,3.9595876,0.8692065,0.9197744
Y1_K8_sq_r72_c33.tif,Y,Y1,Y1_K8_sq,72,33,4,0,12,157,2,0,0,2.3253725,2.5567622,0.6100642,1.0336028
Y1_K8_sq_r72_c34.tif,Y,Y1,Y1_K8_sq,72,34,2,0,23,143,2,2,2,1.32987,2.631961,1.1806537,0.96942484
Y1_K8_sq_r72_c35.tif,Y,Y1,Y1_K8_sq,72,35,2,0,29,132,2,2,2,1.370169,2.7117174,1.5270091,0.92223823
Y1_K8_sq_r72_c36.tif,Y,Y1,Y1_K8_sq,72,36,1,1,25,133,1,1,1,0.8373255,8.285804,1.3444006,0.9464059
Y1_K8_sq_r72_c37.tif,Y,Y1,Y1_K8_sq,72,37,2,1,20,117,1,1,1,1.5920979,9.452818,1.233017,0.9502999
Y1_K8_sq_r72_c38.tif,Y,Y1,Y1_K8_sq,72,38,2,1,27,91,1,1,1,1.8380315,10.91301,1.9095504,0.854333
Y1_K8_sq_r72_c41.tif,Y,Y1,Y1_K8_sq,72,41,2,1,30,93,1,1,1,1.7662334,10.48672,2.035136,0.8389051
Y1_K8_sq_r72_c42.tif,Y,Y1,Y1_K8_sq,72,42,1,0,12,84,1,2,2,1.370169,4.5195293,1.0783962,0.98024064
Y1_K8_sq_r72_c43.tif,Y,Y1,Y1_K8_sq,72,43,1,0,12,147,1,2,2,0.8373255,2.7619345,0.65901995,1.0456544
Y1_K8_sq_r72_c44.tif,Y,Y1,Y1_K8_sq,72,44,0,0,8,144,1,1,1,0.29360765,2.9054117,0.47141325,1.0776018
Y1_K8_sq_r72_c45.tif,Y,Y1,Y1_K8_sq,72,45,2,0,12,150,1,0,0,1.361915,2.6953819,0.64313996,1.041213
Y1_K8_sq_r72_c46.tif,Y,Y1,Y1_K8_sq,72,46,0,0,10,106,1,1,1,0.38318285,3.7918084,0.7599952,1.0365226
Y1_K8_sq_r72_c47.tif,Y,Y1,Y1_K8_sq,72,47,1,0,7,110,1,2,2,1.1303895,3.7286117,0.53380615,1.0575289
Y1_K8_sq_r72_c48.tif,Y,Y1,Y1_K8_sq,72,48,4,0,0,101,1,0,0,3.8031795,4.1816206,0.03991074,1.0894152
Y1_K8_sq_r73_c27.tif,Y,Y1,Y1_K8_sq,73,27,2,0,10,153,0,0,0,1.3537598,2.679242,0.5370026,1.055609
Y1_K8_sq_r73_c28.tif,Y,Y1,Y1_K8_sq,73,28,3,0,18,139,0,0,0,1.9537596,2.7619345,0.97534955,0.98894095
Y1_K8_sq_r73_c29.tif,Y,Y1,Y1_K8_sq,73,29,5,0,10,152,1,0,0,2.9430256,2.6475348,0.5306476,1.036321
Y1_K8_sq_r73_c30.tif,Y,Y1,Y1_K8_sq,73,30,9,1,20,158,1,0,0,4.521558,7.064738,0.92151797,0.95804703
Y1_K8_sq_r73_c32.tif,Y,Y1,Y1_K8_sq,73,32,5,0,14,108,0,0,0,3.855592,3.4684758,0.9600235,0.9659423
Y1_K8_sq_r73_c33.tif,Y,Y1,Y1_K8_sq,73,33,3,0,18,140,2,0,0,1.9417733,2.74499,0.9693658,0.98991954
Y1_K8_sq_r73_c34.tif,Y,Y1,Y1_K8_sq,73,34,3,0,10,130,2,0,0,2.182821,3.0857475,0.6184789,1.0336028
Y1_K8_sq_r73_c35.tif,Y,Y1,Y1_K8_sq,73,35,3,0,18,126,1,0,0,2.1242218,3.0029087,1.0604471,0.9750243
Y1_K8_sq_r73_c36.tif,Y,Y1,Y1_K8_sq,73,36,3,0,24,131,1,0,0,1.9781815,2.7964587,1.3078251,0.9438803
Y1_K8_sq_r73_c37.tif,Y,Y1,Y1_K8_sq,73,37,0,0,24,119,2,2,2,0.31183156,3.0857475,1.4431174,0.9464792
Y1_K8_sq_r73_c38.tif,Y,Y1,Y1_K8_sq,73,38,0,1,22,115,2,1,1,0.32296842,9.587859,1.3726444,0.94746923
Y1_K8_sq_r73_c41.tif,Y,Y1,Y1_K8_sq,73,41,0,1,25,109,2,1,1,0.33004072,9.7978115,1.5897293,0.9179198
Y1_K8_sq_r73_c42.tif,Y,Y1,Y1_K8_sq,73,42,0,0,27,111,1,2,2,0.32296842,3.195953,1.6776764,0.91465646
Y1_K8_sq_r73_c43.tif,Y,Y1,Y1_K8_sq,73,43,0,0,5,90,1,1,1,0.46613997,4.6127152,0.48427776,1.0714898
Y1_K8_sq_r73_c44.tif,Y,Y1,Y1_K8_sq,73,44,0,0,9,143,2,2,2,0.29360765,2.9054117,0.5268736,1.0701443
Y1_K8_sq_r73_c45.tif,Y,Y1,Y1_K8_sq,73,45,0,0,8,143,2,1,1,0.29552665,2.9244013,0.47449437,1.0771387
Y1_K8_sq_r73_c46.tif,Y,Y1,Y1_K8_sq,73,46,1,0,13,112,2,2,2,1.0597401,3.4955733,0.9007979,1.0093777
Y1_K8_sq_r73_c47.tif,Y,Y1,Y1_K8_sq,73,47,0,0,3,111,1,1,1,0.38978946,3.8571844,0.25769952,1.1038958
Y1_K8_sq_r73_c48.tif,Y,Y1,Y1_K8_sq,73,48,2,0,1,97,0,0,0,2.21645,4.386602,0.12560146,1.0977808
Y1_K8_sq_r74_c27.tif,Y,Y1,Y1_K8_sq,74,27,6,0,1,123,0,0,0,4.4530497,3.389647,0.097055666,1.0744945
Y1_K8_sq_r74_c28.tif,Y,Y1,Y1_K8_sq,74,28,0,0,9,132,0,1,1,0.31619284,3.1289048,0.56740236,1.064121
Y1_K8_sq_r74_c29.tif,Y,Y1,Y1_K8_sq,74,29,2,0,13,139,1,0,0,1.4492173,2.8681629,0.73911625,1.0269772
Y1_K8_sq_r74_c30.tif,Y,Y1,Y1_K8_sq,74,30,5,0,15,146,1,0,0,2.9605439,2.663294,0.7879996,1.0014737
Y1_K8_sq_r74_c33.tif,Y,Y1,Y1_K8_sq,74,33,1,0,17,158,2,2,2,0.7620603,2.5136707,0.8396951,1.0226345
Y1_K8_sq_r74_c34.tif,Y,Y1,Y1_K8_sq,74,34,0,0,17,134,2,2,2,0.29552665,2.9244013,0.97690016,1.009583
Y1_K8_sq_r74_c35.tif,Y,Y1,Y1_K8_sq,74,35,2,0,11,116,1,0,0,1.7257854,3.415522,0.7497735,1.0213294
Y1_K8_sq_r74_c36.tif,Y,Y1,Y1_K8_sq,74,36,7,0,21,130,2,0,0,4.2389603,2.7964587,1.1476833,0.93670255
Y1_K8_sq_r74_c37.tif,Y,Y1,Y1_K8_sq,74,37,3,0,22,129,2,0,0,2.0289042,2.8681629,1.2318604,0.9533587
Y1_K8_sq_r74_c38.tif,Y,Y1,Y1_K8_sq,74,38,1,0,17,111,2,2,2,1.0354713,3.415522,1.1409597,0.97749543
Y1_K8_sq_r74_c44.tif,Y,Y1,Y1_K8_sq,74,44,4,0,12,116,1,0,0,3.0368674,3.339055,0.7967256,0.9984638
Y1_K8_sq_r74_c45.tif,Y,Y1,Y1_K8_sq,74,45,0,0,12,118,2,2,2,0.34254226,3.389647,0.80879724,1.0309927
Y1_K8_sq_r74_c46.tif,Y,Y1,Y1_K8_sq,74,46,1,0,11,151,1,2,2,0.82210135,2.7117174,0.59527475,1.0544838
Y1_K8_sq_r74_c47.tif,Y,Y1,Y1_K8_sq,74,47,2,0,6,87,1,0,0,2.3307,4.6127152,0.5723282,1.0359708
Y1_K8_sq_r75_c28.tif,Y,Y1,Y1_K8_sq,75,28,2,0,3,131,0,0,0,1.6382455,3.242271,0.21661699,1.094354
Y1_K8_sq_r75_c29.tif,Y,Y1,Y1_K8_sq,75,29,1,0,11,135,1,2,2,0.9103807,3.0029087,0.65919685,1.0443937
Y1_K8_sq_r75_c30.tif,Y,Y1,Y1_K8_sq,75,30,4,0,8,141,1,0,0,2.6254206,2.886667,0.46837187,1.0484215
Y1_K8_sq_r75_c31.tif,Y,Y1,Y1_K8_sq,75,31,8,0,19,153,1,0,0,4.223433,2.4584253,0.9150963,0.9686083
Y1_K8_sq_r75_c32.tif,Y,Y1,Y1_K8_sq,75,32,4,0,20,171,1,0,0,2.0656862,2.2712355,0.8887737,0.99979067
Y1_K8_sq_r75_c33.tif,Y,Y1,Y1_K8_sq,75,33,2,0,11,121,2,0,0,1.6623374,3.2899516,0.7222083,1.0260029
Y1_K8_sq_r75_c34.tif,Y,Y1,Y1_K8_sq,75,34,0,0,26,113,2,2,2,0.32067785,3.1732864,1.6052043,0.9244596
Y1_K8_sq_r75_c35.tif,Y,Y1,Y1_K8_sq,75,35,0,0,16,139,2,2,2,0.2879973,2.8498943,0.89761037,1.0204359
Y1_K8_sq_r75_c36.tif,Y,Y1,Y1_K8_sq,75,36,1,0,20,123,2,2,2,0.9290872,3.0646124,1.1992358,0.9714608
Y1_K8_sq_r75_c37.tif,Y,Y1,Y1_K8_sq,75,37,1,0,28,124,0,2,2,0.8751402,2.886667,1.5704234,0.92246276
Y1_K8_sq_r75_c38.tif,Y,Y1,Y1_K8_sq,75,38,0,1,29,99,1,1,1,0.3451571,10.246567,1.9233321,0.8722942
Y1_K8_sq_r75_c44.tif,Y,Y1,Y1_K8_sq,75,44,1,0,13,119,1,2,2,1.0047907,3.3143213,0.85408986,1.0165888
Y1_K8_sq_r75_c45.tif,Y,Y1,Y1_K8_sq,75,45,2,0,10,156,2,0,0,1.32987,2.631961,0.5275261,1.0572474
Y1_K8_sq_r75_c46.tif,Y,Y1,Y1_K8_sq,75,46,2,0,9,120,2,0,0,1.6998336,3.364161,0.6100642,1.0405108
Y1_K8_sq_r75_c47.tif,Y,Y1,Y1_K8_sq,75,47,0,0,1,85,2,1,1,0.5138134,5.0844707,0.14558351,1.1158212
Y1_K8_sq_r76_c28.tif,Y,Y1,Y1_K8_sq,76,28,4,0,0,93,0,0,0,4.110507,4.5195293,0.04313585,1.0846449
Y1_K8_sq_r76_c29.tif,Y,Y1,Y1_K8_sq,76,29,4,0,9,159,1,0,0,2.3387368,2.5714562,0.46631345,1.0527437
Y1_K8_sq_r76_c30.tif,Y,Y1,Y1_K8_sq,76,30,5,0,18,127,0,0,0,3.2721798,2.9436407,1.0395173,0.963336
Y1_K8_sq_r76_c31.tif,Y,Y1,Y1_K8_sq,76,31,2,0,21,144,1,2,2,1.337739,2.6475348,1.086564,0.98195666
Y1_K8_sq_r76_c32.tif,Y,Y1,Y1_K8_sq,76,32,2,0,15,173,1,2,2,1.1774889,2.3303823,0.6894996,1.0377898
Y1_K8_sq_r76_c33.tif,Y,Y1,Y1_K8_sq,76,33,3,0,11,140,1,0,0,2.0289042,2.8681629,0.6296176,1.034339
Y1_K8_sq_r76_c34.tif,Y,Y1,Y1_K8_sq,76,34,1,0,5,128,2,2,2,0.9974025,3.2899516,0.345404,1.0851141
Y1_K8_sq_r76_c35.tif,Y,Y1,Y1_K8_sq,76,35,2,0,17,125,2,2,2,1.5484787,3.0646124,1.0237378,0.9871929
Y1_K8_sq_r76_c36.tif,Y,Y1,Y1_K8_sq,76,36,1,0,15,121,2,2,2,0.9758758,3.2189453,0.95240235,1.0038589
Y1_K8_sq_r76_c37.tif,Y,Y1,Y1_K8_sq,76,37,1,0,24,113,1,2,2,0.96890527,3.195953,1.4946573,0.9310629
Y1_K8_sq_r76_c38.tif,Y,Y1,Y1_K8_sq,76,38,0,0,20,108,2,2,2,0.34781215,3.4417953,1.3468341,0.95851207
Y1_K8_sq_r76_c39.tif,Y,Y1,Y1_K8_sq,76,39,2,0,12,123,2,0,0,1.6264597,3.2189453,0.76806647,1.0203832
Y1_K8_sq_r76_c40.tif,Y,Y1,Y1_K8_sq,76,40,0,0,19,123,1,2,2,0.31399706,3.1071763,1.1565801,0.98495334
Y1_K8_sq_r76_c44.tif,Y,Y1,Y1_K8_sq,76,44,0,0,7,101,2,1,1,0.41105068,4.0675764,0.58233404,1.059704
Y1_K8_sq_r76_c45.tif,Y,Y1,Y1_K8_sq,76,45,0,0,4,172,0,1,1,0.2540201,2.5136707,0.2159216,1.1129619
Y1_K8_sq_r76_c46.tif,Y,Y1,Y1_K8_sq,76,46,4,0,0,121,0,0,0,3.2042537,3.5230975,0.033625584,1.0987117
Y1_K8_sq_r76_c47.tif,Y,Y1,Y1_K8_sq,76,47,1,0,2,90,0,1,1,1.4278603,4.7098255,0.22476049,1.0940474
Y1_K8_sq_r77_c29.tif,Y,Y1,Y1_K8_sq,77,29,5,0,1,102,1,0,0,4.521558,4.0675764,0.1164668,1.0701443
Y1_K8_sq_r77_c30.tif,Y,Y1,Y1_K8_sq,77,30,3,0,4,130,1,0,0,2.2770433,3.2189453,0.2765039,1.0782188
Y1_K8_sq_r77_c32.tif,Y,Y1,Y1_K8_sq,77,32,2,0,16,154,2,2,2,1.2992982,2.5714562,0.8099128,1.0197423
Y1_K8_sq_r77_c33.tif,Y,Y1,Y1_K8_sq,77,33,1,0,11,140,1,2,2,0.8808229,2.9054117,0.6377944,1.0477719
Y1_K8_sq_r77_c34.tif,Y,Y1,Y1_K8_sq,77,34,0,0,4,156,2,1,1,0.2791085,2.7619345,0.23724718,1.109457
Y1_K8_sq_r77_c35.tif,Y,Y1,Y1_K8_sq,77,35,3,0,6,127,2,0,0,2.2935438,3.242271,0.4022887,1.0610657
Y1_K8_sq_r77_c36.tif,Y,Y1,Y1_K8_sq,77,36,1,0,12,149,2,2,2,0.82711416,2.7282524,0.65098315,1.046908
Y1_K8_sq_r77_c37.tif,Y,Y1,Y1_K8_sq,77,37,3,0,15,144,2,0,0,1.9299332,2.7282524,0.8072191,1.0118943
Y1_K8_sq_r77_c38.tif,Y,Y1,Y1_K8_sq,77,38,2,0,19,128,1,2,2,1.4972045,2.963135,1.1029637,0.9773213
Y1_K8_sq_r77_c39.tif,Y,Y1,Y1_K8_sq,77,39,0,0,19,125,1,2,2,0.30969572,3.0646124,1.1407365,0.9871929
Y1_K8_sq_r77_c40.tif,Y,Y1,Y1_K8_sq,77,40,1,0,10,115,2,2,2,1.0597401,3.4955733,0.7006206,1.0362945
Y1_K8_sq_r77_c41.tif,Y,Y1,Y1_K8_sq,77,41,2,0,14,117,1,0,0,1.674651,3.3143213,0.9173558,0.9995748
Y1_K8_sq_r77_c42.tif,Y,Y1,Y1_K8_sq,77,42,2,1,23,135,1,1,1,1.3869809,8.234971,1.2313565,0.9546911
Y1_K8_sq_r77_c43.tif,Y,Y1,Y1_K8_sq,77,43,0,0,18,144,2,2,2,0.27570474,2.7282524,0.963455,1.0118943
Y1_K8_sq_r77_c44.tif,Y,Y1,Y1_K8_sq,77,44,0,0,5,122,2,1,1,0.35050836,3.4684758,0.36414686,1.09058
Y1_K8_sq_r77_c45.tif,Y,Y1,Y1_K8_sq,77,45,4,0,6,130,1,0,0,2.8657758,3.1509392,0.3909566,1.0554395
Y1_K8_sq_r77_c46.tif,Y,Y1,Y1_K8_sq,77,46,3,0,1,75,0,0,0,3.907519,5.523869,0.15816478,1.0704665
Y1_K8_sq_r78_c30.tif,Y,Y1,Y1_K8_sq,78,30,2,0,2,126,1,0,0,1.7127113,3.389647,0.16175945,1.1005956
Y1_K8_sq_r78_c31.tif,Y,Y1,Y1_K8_sq,78,31,1,2,8,57,2,1,1,1.9378105,31.95953,1.0371091,0.94336766
Y1_K8_sq_r78_c32.tif,Y,Y1,Y1_K8_sq,78,32,2,0,14,142,1,2,2,1.4129868,2.7964587,0.77401894,1.0228361
Y1_K8_sq_r78_c33.tif,Y,Y1,Y1_K8_sq,78,33,2,0,9,138,1,0,0,1.4972045,2.963135,0.5373413,1.0533774
Y1_K8_sq_r78_c34.tif,Y,Y1,Y1_K8_sq,78,34,1,0,4,147,1,2,2,0.8808229,2.9054117,0.24957171,1.0999742
Y1_K8_sq_r78_c35.tif,Y,Y1,Y1_K8_sq,78,35,0,0,11,140,1,2,2,0.29552665,2.9244013,0.641963,1.0546201
Y1_K8_sq_r78_c36.tif,Y,Y1,Y1_K8_sq,78,36,2,0,5,138,2,0,0,1.5379449,3.0437646,0.31955743,1.0820408
Y1_K8_sq_r78_c37.tif,Y,Y1,Y1_K8_sq,78,37,3,0,8,158,1,0,0,1.8509301,2.6165695,0.42454758,1.0644968
Y1_K8_sq_r78_c38.tif,Y,Y1,Y1_K8_sq,78,38,0,0,10,144,1,2,2,0.28984344,2.8681629,0.5748682,1.0637864
Y1_K8_sq_r78_c39.tif,Y,Y1,Y1_K8_sq,78,39,2,0,6,163,1,0,0,1.3068086,2.5863202,0.3209008,1.0853826
Y1_K8_sq_r78_c40.tif,Y,Y1,Y1_K8_sq,78,40,0,0,15,144,1,2,2,0.2808421,2.7790895,0.82226044,1.0307496
Y1_K8_sq_r78_c41.tif,Y,Y1,Y1_K8_sq,78,41,1,0,15,120,1,2,2,0.98294735,3.242271,0.95930386,1.0028111
Y1_K8_sq_r78_c42.tif,Y,Y1,Y1_K8_sq,78,42,0,0,33,122,1,2,2,0.2879973,2.8498943,1.822421,0.89608175
Y1_K8_sq_r78_c43.tif,Y,Y1,Y1_K8_sq,78,43,0,0,15,155,1,2,2,0.26288125,2.601357,0.769674,1.0382768
Y1_K8_sq_r78_c44.tif,Y,Y1,Y1_K8_sq,78,44,0,0,20,152,2,2,2,0.25985965,2.5714562,1.0062553,1.0065417
Y1_K8_sq_r78_c45.tif,Y,Y1,Y1_K8_sq,78,45,1,0,15,144,1,2,2,0.8373255,2.7619345,0.81718475,1.0243869
Y1_K8_sq_r79_c30.tif,Y,Y1,Y1_K8_sq,79,30,2,0,2,101,1,0,0,2.1128774,4.1816206,0.19955371,1.0894152
Y1_K8_sq_r79_c31.tif,Y,Y1,Y1_K8_sq,79,31,0,0,19,82,1,2,2,0.43898618,4.3440137,1.6169662,0.91987306
Y1_K8_sq_r79_c32.tif,Y,Y1,Y1_K8_sq,79,32,0,0,12,135,2,2,2,0.30346024,3.0029087,0.7165184,1.0443937
Y1_K8_sq_r79_c33.tif,Y,Y1,Y1_K8_sq,79,33,2,0,6,134,2,0,0,1.5699854,3.1071763,0.38552666,1.0726819
Y1_K8_sq_r79_c34.tif,Y,Y1,Y1_K8_sq,79,34,2,0,6,149,1,0,0,1.4218736,2.8140464,0.34915626,1.0798297
Y1_K8_sq_r79_c35.tif,Y,Y1,Y1_K8_sq,79,35,1,0,7,143,2,2,2,0.88658,2.9244013,0.41867152,1.0771387
Y1_K8_sq_r79_c36.tif,Y,Y1,Y1_K8_sq,79,36,1,0,12,146,1,2,2,0.8425263,2.7790895,0.66311324,1.0450159
Y1_K8_sq_r79_c37.tif,Y,Y1,Y1_K8_sq,79,37,1,0,14,131,1,2,2,0.9165319,3.0231986,0.83677727,1.0204111
Y1_K8_sq_r79_c38.tif,Y,Y1,Y1_K8_sq,79,38,4,0,12,128,1,0,0,2.7872615,3.0646124,0.73124135,1.0107912
Y1_K8_sq_r79_c39.tif,Y,Y1,Y1_K8_sq,79,39,2,0,5,153,1,0,0,1.3955425,2.7619345,0.28996876,1.0881895
Y1_K8_sq_r79_c40.tif,Y,Y1,Y1_K8_sq,79,40,1,0,9,125,1,2,2,0.9901221,3.265937,0.59225214,1.0520451
Y1_K8_sq_r79_c41.tif,Y,Y1,Y1_K8_sq,79,41,1,0,26,111,0,2,2,0.96890527,3.195953,1.61667,0.91465646
Y1_K8_sq_r79_c42.tif,Y,Y1,Y1_K8_sq,79,42,3,0,18,134,0,0,0,2.0159812,2.8498943,1.0064117,0.98386115
Y1_K8_sq_r79_c43.tif,Y,Y1,Y1_K8_sq,79,43,2,0,11,135,2,0,0,1.5071859,2.9828894,0.65480226,1.037431
Y1_K8_sq_r79_c44.tif,Y,Y1,Y1_K8_sq,79,44,0,0,8,125,2,1,1,0.3349302,3.3143213,0.5377603,1.0676309
Y1_K8_sq_r79_c45.tif,Y,Y1,Y1_K8_sq,79,45,2,0,5,139,0,0,0,1.5275532,3.0231986,0.31739825,1.0824895
Y1_K8_sq_r7_c18.tif,Y,Y1,Y1_K8_sq,7,18,5,0,2,68,0,0,0,6.4593687,5.8108234,0.2773019,1.0216709
Y1_K8_sq_r7_c19.tif,Y,Y1,Y1_K8_sq,7,19,2,0,15,139,0,2,2,1.4308727,2.831857,0.837873,1.0139774
Y1_K8_sq_r7_c36.tif,Y,Y1,Y1_K8_sq,7,36,1,0,28,105,2,2,2,0.9974025,3.2899516,1.7898207,0.8908914
Y1_K8_sq_r7_c37.tif,Y,Y1,Y1_K8_sq,7,37,2,0,19,144,1,2,2,1.3537598,2.679242,0.99729055,0.99371666
Y1_K8_sq_r7_c38.tif,Y,Y1,Y1_K8_sq,7,38,0,0,15,148,0,2,2,0.27403378,2.7117174,0.80232686,1.0336028
Y1_K8_sq_r80_c31.tif,Y,Y1,Y1_K8_sq,80,31,5,0,10,128,0,0,0,3.4301474,3.0857475,0.6184789,1.0177622
Y1_K8_sq_r80_c32.tif,Y,Y1,Y1_K8_sq,80,32,2,0,6,142,1,0,0,1.4873545,2.9436407,0.3652358,1.0766696
Y1_K8_sq_r80_c33.tif,Y,Y1,Y1_K8_sq,80,33,3,0,0,135,0,0,0,2.260779,3.195953,0.03050321,1.1115332
Y1_K8_sq_r80_c34.tif,Y,Y1,Y1_K8_sq,80,34,1,0,2,136,1,2,2,0.9620335,3.1732864,0.15143438,1.111795
Y1_K8_sq_r80_c35.tif,Y,Y1,Y1_K8_sq,80,35,3,0,1,115,0,0,0,2.6157773,3.6977966,0.105878904,1.0962454
Y1_K8_sq_r80_c36.tif,Y,Y1,Y1_K8_sq,80,36,1,0,5,136,0,2,2,0.9419912,3.1071763,0.32621488,1.0886326
Y1_K8_sq_r80_c37.tif,Y,Y1,Y1_K8_sq,80,37,0,0,5,113,1,1,1,0.37679648,3.7286117,0.39145786,1.08624
Y1_K8_sq_r80_c38.tif,Y,Y1,Y1_K8_sq,80,38,1,0,8,134,1,2,2,0.9354947,3.0857475,0.50067335,1.0652841
Y1_K8_sq_r80_c39.tif,Y,Y1,Y1_K8_sq,80,39,2,0,5,149,1,0,0,1.4308727,2.831857,0.29730976,1.086664
Y1_K8_sq_r80_c40.tif,Y,Y1,Y1_K8_sq,80,40,2,0,3,117,1,0,0,1.8232087,3.6083338,0.24107374,1.0882467
Y1_K8_sq_r80_c42.tif,Y,Y1,Y1_K8_sq,80,42,1,2,8,98,0,1,1,1.2220427,20.154657,0.65403277,1.019118
Y1_K8_sq_r80_c43.tif,Y,Y1,Y1_K8_sq,80,43,1,0,16,142,2,2,2,0.8425263,2.7790895,0.87530947,1.0164831
Y1_K8_sq_r80_c44.tif,Y,Y1,Y1_K8_sq,80,44,2,0,5,139,0,0,0,1.5275532,3.0231986,0.31739825,1.0824895
Y1_K8_sq_r81_c31.tif,Y,Y1,Y1_K8_sq,81,31,7,0,3,129,1,0,0,4.810168,3.1732864,0.21200812,1.0547799
Y1_K8_sq_r81_c32.tif,Y,Y1,Y1_K8_sq,81,32,2,0,0,133,1,0,0,1.6502035,3.265937,0.031171164,1.1191077
Y1_K8_sq_r81_c33.tif,Y,Y1,Y1_K8_sq,81,33,5,0,1,121,0,0,0,3.855592,3.4684758,0.099312775,1.0816773
Y1_K8_sq_r81_c34.tif,Y,Y1,Y1_K8_sq,81,34,5,0,0,79,0,0,0,5.7833877,5.202714,0.049656387,1.0616463
Y1_K8_sq_r81_c35.tif,Y,Y1,Y1_K8_sq,81,35,7,0,0,82,0,0,0,7.4531174,4.9168506,0.046928015,1.041175
Y1_K8_sq_r81_c36.tif,Y,Y1,Y1_K8_sq,81,36,6,0,1,105,0,0,0,5.1561623,3.9248543,0.112380244,1.0628177
Y1_K8_sq_r81_c37.tif,Y,Y1,Y1_K8_sq,81,37,3,0,1,123,1,0,0,2.4535584,3.4684758,0.099312775,1.0994828
Y1_K8_sq_r81_c38.tif,Y,Y1,Y1_K8_sq,81,38,3,0,3,127,0,0,0,2.3445113,3.3143213,0.2214307,1.0846449
Y1_K8_sq_r81_c39.tif,Y,Y1,Y1_K8_sq,81,39,1,0,7,139,2,2,2,0.9103807,3.0029087,0.42991102,1.0752244
Y1_K8_sq_r81_c40.tif,Y,Y1,Y1_K8_sq,81,40,1,0,5,104,2,2,2,1.2111316,3.9949412,0.4194191,1.0715426
Y1_K8_sq_r81_c41.tif,Y,Y1,Y1_K8_sq,81,41,1,0,14,91,1,2,2,1.2559882,4.142902,1.1466947,0.9729903
Y1_K8_sq_r81_c42.tif,Y,Y1,Y1_K8_sq,81,42,1,0,10,129,1,2,2,0.95525867,3.1509392,0.6315453,1.0473518
Y1_K8_sq_r81_c43.tif,Y,Y1,Y1_K8_sq,81,43,1,0,5,108,1,2,2,1.1693684,3.8571844,0.4049564,1.0741946
Y1_K8_sq_r81_c44.tif,Y,Y1,Y1_K8_sq,81,44,2,0,7,106,0,0,0,1.9322897,3.8242173,0.5474935,1.0453818
Y1_K8_sq_r82_c37.tif,Y,Y1,Y1_K8_sq,82,37,2,0,0,97,0,0,0,2.238395,4.4300337,0.042281676,1.1086498
Y1_K8_sq_r82_c38.tif,Y,Y1,Y1_K8_sq,82,38,4,0,3,88,0,0,0,4.1952596,4.6127152,0.30817676,1.0478104
Y1_K8_sq_r82_c39.tif,Y,Y1,Y1_K8_sq,82,39,4,0,6,137,0,0,0,2.7311423,3.0029087,0.37258956,1.059809
Y1_K8_sq_r82_c40.tif,Y,Y1,Y1_K8_sq,82,40,2,0,5,140,2,0,0,1.5173012,3.0029087,0.31526807,1.0829321
Y1_K8_sq_r82_c41.tif,Y,Y1,Y1_K8_sq,82,41,2,0,8,125,1,0,0,1.6502035,3.265937,0.5299098,1.0520451
Y1_K8_sq_r82_c42.tif,Y,Y1,Y1_K8_sq,82,42,2,0,10,129,1,0,0,1.5809642,3.1289048,0.62712896,1.0400277
Y1_K8_sq_r82_c43.tif,Y,Y1,Y1_K8_sq,82,43,4,0,6,135,0,0,0,2.7683008,3.0437646,0.37765878,1.058603
Y1_K8_sq_r83_c38.tif,Y,Y1,Y1_K8_sq,83,38,1,0,1,91,0,1,1,1.4278603,4.7098255,0.1348563,1.1061363
Y1_K8_sq_r83_c39.tif,Y,Y1,Y1_K8_sq,83,39,1,0,0,124,1,1,1,1.0680845,3.5230975,0.033625584,1.1258403
Y1_K8_sq_r83_c40.tif,Y,Y1,Y1_K8_sq,83,40,3,0,3,129,0,0,0,2.3102849,3.265937,0.21819814,1.0855763
Y1_K8_sq_r83_c41.tif,Y,Y1,Y1_K8_sq,83,41,2,0,2,146,0,0,0,1.4873545,2.9436407,0.14047532,1.106892
Y1_K8_sq_r83_c42.tif,Y,Y1,Y1_K8_sq,83,42,2,0,0,159,0,0,0,1.3869809,2.74499,0.026199074,1.1237876
Y1_K8_sq_r83_c43.tif,Y,Y1,Y1_K8_sq,83,43,1,0,1,90,0,1,1,1.4430504,4.7599297,0.13629094,1.1056862
Y1_K8_sq_r8_c17.tif,Y,Y1,Y1_K8_sq,8,17,0,0,13,108,0,1,1,0.3676063,3.6376698,0.9374157,1.0130615
Y1_K8_sq_r8_c18.tif,Y,Y1,Y1_K8_sq,8,18,2,0,19,147,0,2,2,1.32987,2.631961,0.9796913,0.99644715
Y1_K8_sq_r8_c19.tif,Y,Y1,Y1_K8_sq,8,19,1,0,20,144,0,2,2,0.8122559,2.679242,1.0484337,0.99371666
Y1_K8_sq_r8_c36.tif,Y,Y1,Y1_K8_sq,8,36,0,0,17,157,1,2,2,0.2569067,2.5422354,0.8492371,1.0277301
Y1_K8_sq_r8_c37.tif,Y,Y1,Y1_K8_sq,8,37,1,0,23,194,2,2,2,0.6165761,2.0337882,0.9123233,1.0153321
Y1_K8_sq_r8_c38.tif,Y,Y1,Y1_K8_sq,8,38,2,0,8,164,2,0,0,1.2845335,2.5422354,0.41248658,1.0734069
Y1_K8_sq_r9_c16.tif,Y,Y1,Y1_K8_sq,9,16,1,0,13,152,0,2,2,0.8074211,2.663294,0.6863222,1.0424896
Y1_K8_sq_r9_c17.tif,Y,Y1,Y1_K8_sq,9,17,1,0,19,156,0,2,2,0.7620603,2.5136707,0.9356603,1.0097306
Y1_K8_sq_r9_c18.tif,Y,Y1,Y1_K8_sq,9,18,2,0,20,168,0,2,2,1.1774889,2.3303823,0.9119189,1.0078824
Y1_K8_sq_r9_c19.tif,Y,Y1,Y1_K8_sq,9,19,0,0,16,132,0,2,2,0.3014372,2.9828894,0.93949884,1.014462
Y1_K8_sq_r9_c20.tif,Y,Y1,Y1_K8_sq,9,20,0,0,29,117,0,2,2,0.30551067,3.0231986,1.7024089,0.9117743
Y1_K8_sq_r9_c26.tif,Y,Y1,Y1_K8_sq,9,26,5,4,40,99,0,1,1,3.3158088,26.846003,2.3060427,0.76180357
Y1_K8_sq_r9_c36.tif,Y,Y1,Y1_K8_sq,9,36,0,0,16,139,1,2,2,0.2879973,2.8498943,0.89761037,1.0204359
Y1_K8_sq_r9_c37.tif,Y,Y1,Y1_K8_sq,9,37,2,0,30,122,1,2,2,1.4492173,2.8681629,1.6698551,0.9018258
Y1_K8_sq_r9_c38.tif,Y,Y1,Y1_K8_sq,9,38,0,0,6,142,0,1,1,0.3014372,2.9828894,0.3701056,1.0910252
Y2_K8_sq_r10_c13.tif,Y,Y2,Y2_K8_sq,10,13,2,0,4,126,0,0,0,1.6871483,3.339055,0.28682125,1.0841688
Y2_K8_sq_r10_c14.tif,Y,Y2,Y2_K8_sq,10,14,3,0,12,166,1,0,0,1.7295576,2.444991,0.58339477,1.044899
Y2_K8_sq_r10_c15.tif,Y,Y2,Y2_K8_sq,10,15,2,0,24,147,1,2,2,1.2918737,2.5567622,1.1957258,0.9679772
Y2_K8_sq_r10_c34.tif,Y,Y2,Y2_K8_sq,10,34,2,0,32,121,1,2,2,1.4399866,2.8498943,1.7680204,0.88876677
Y2_K8_sq_r10_c35.tif,Y,Y2,Y2_K8_sq,10,35,1,0,25,161,2,2,2,0.71770763,2.3673723,1.1523435,0.9813455
Y2_K8_sq_r10_c36.tif,Y,Y2,Y2_K8_sq,10,36,3,0,28,139,2,0,0,1.8401688,2.601357,1.415207,0.93144447
Y2_K8_sq_r10_c37.tif,Y,Y2,Y2_K8_sq,10,37,2,0,10,154,1,0,0,1.3457017,2.663294,0.53380615,1.0561616
Y2_K8_sq_r10_c38.tif,Y,Y2,Y2_K8_sq,10,38,6,0,0,82,0,0,0,6.5311394,4.9714823,0.04744944,1.0527437
Y2_K8_sq_r11_c12.tif,Y,Y2,Y2_K8_sq,11,12,2,0,6,118,0,0,0,1.7662334,3.4955733,0.43371752,1.0632112
Y2_K8_sq_r11_c13.tif,Y,Y2,Y2_K8_sq,11,13,3,0,15,142,0,0,0,1.9537596,2.7619345,0.81718475,1.0102085
Y2_K8_sq_r11_c14.tif,Y,Y2,Y2_K8_sq,11,14,3,1,28,124,0,1,1,2.0032218,8.49557,1.5406052,0.9049476
Y2_K8_sq_r11_c15.tif,Y,Y2,Y2_K8_sq,11,15,0,1,43,126,0,1,1,0.26288125,7.8040714,2.1600528,0.8446431
Y2_K8_sq_r11_c34.tif,Y,Y2,Y2_K8_sq,11,34,2,0,31,119,2,2,2,1.4680382,2.9054117,1.747002,0.8911655
Y2_K8_sq_r11_c35.tif,Y,Y2,Y2_K8_sq,11,35,1,0,16,118,2,2,2,0.9901221,3.265937,1.0286484,0.9933653
Y2_K8_sq_r11_c36.tif,Y,Y2,Y2_K8_sq,11,36,1,0,21,147,2,2,2,0.79325575,2.6165695,1.0738556,0.99061996
Y2_K8_sq_r11_c37.tif,Y,Y2,Y2_K8_sq,11,37,2,0,9,147,2,0,0,1.4129868,2.7964587,0.50711584,1.0587251
Y2_K8_sq_r11_c38.tif,Y,Y2,Y2_K8_sq,11,38,1,0,0,106,1,1,1,1.2444655,4.104893,0.03917843,1.122107
Y2_K8_sq_r12_c11.tif,Y,Y2,Y2_K8_sq,12,11,2,0,8,117,0,0,0,1.7525418,3.4684758,0.5627724,1.0460666
Y2_K8_sq_r12_c12.tif,Y,Y2,Y2_K8_sq,12,12,2,0,6,114,1,0,0,1.8232087,3.6083338,0.44770837,1.0604616
Y2_K8_sq_r12_c13.tif,Y,Y2,Y2_K8_sq,12,13,1,0,26,127,1,2,2,0.8695304,2.8681629,1.4508578,0.93863505
Y2_K8_sq_r12_c14.tif,Y,Y2,Y2_K8_sq,12,14,2,1,27,140,1,1,1,1.3144064,7.8040714,1.3655506,0.9381214
Y2_K8_sq_r12_c37.tif,Y,Y2,Y2_K8_sq,12,37,3,0,27,144,2,0,0,1.7983468,2.5422354,1.3345155,0.9429016
Y2_K8_sq_r12_c38.tif,Y,Y2,Y2_K8_sq,12,38,1,0,1,150,1,2,2,0.8808229,2.9054117,0.08319057,1.1223465
Y2_K8_sq_r13_c10.tif,Y,Y2,Y2_K8_sq,13,10,3,0,8,119,0,0,0,2.397796,3.389647,0.5499821,1.039693
Y2_K8_sq_r13_c11.tif,Y,Y2,Y2_K8_sq,13,11,4,0,20,116,1,0,0,2.8657758,3.1509392,1.233017,0.9422123
Y2_K8_sq_r13_c20.tif,Y,Y2,Y2_K8_sq,13,20,0,1,31,119,1,1,1,0.29552665,8.773204,1.7584203,0.89699006
Y2_K8_sq_r13_c21.tif,Y,Y2,Y2_K8_sq,13,21,2,0,26,134,1,2,2,1.3785237,2.7282524,1.3800842,0.94186705
Y2_K8_sq_r13_c37.tif,Y,Y2,Y2_K8_sq,13,37,1,0,28,122,2,2,2,0.88658,2.9244013,1.5909517,0.9195087
Y2_K8_sq_r13_c38.tif,Y,Y2,Y2_K8_sq,13,38,1,0,4,147,1,2,2,0.8808229,2.9054117,0.24957171,1.0999742
Y2_K8_sq_r14_c10.tif,Y,Y2,Y2_K8_sq,14,10,3,0,16,125,0,0,0,2.16787,3.0646124,0.9652386,0.9871929
Y2_K8_sq_r14_c20.tif,Y,Y2,Y2_K8_sq,14,20,1,0,15,155,1,2,2,0.78408515,2.5863202,0.76522505,1.0322752
Y2_K8_sq_r14_c37.tif,Y,Y2,Y2_K8_sq,14,37,1,0,41,107,1,2,2,0.89832276,2.963135,2.347333,0.81760347
Y2_K8_sq_r14_c38.tif,Y,Y2,Y2_K8_sq,14,38,2,0,11,125,2,0,0,1.6148422,3.195953,0.70157385,1.0295012
Y2_K8_sq_r14_c39.tif,Y,Y2,Y2_K8_sq,14,39,1,0,0,102,1,1,1,1.2918737,4.2612705,0.040670946,1.1211035
Y2_K8_sq_r14_c9.tif,Y,Y2,Y2_K8_sq,14,9,3,0,0,108,0,0,0,2.800965,3.9595876,0.037791587,1.102713
Y2_K8_sq_r15_c10.tif,Y,Y2,Y2_K8_sq,15,10,0,0,5,35,1,1,1,1.0765613,10.653176,1.1184511,0.97071165
Y2_K8_sq_r15_c20.tif,Y,Y2,Y2_K8_sq,15,20,1,0,20,131,2,2,2,0.8808229,2.9054117,1.1369379,0.9806549
Y2_K8_sq_r15_c21.tif,Y,Y2,Y2_K8_sq,15,21,1,0,36,117,1,2,2,0.8695304,2.8681629,1.9983512,0.8650166
Y2_K8_sq_r15_c37.tif,Y,Y2,Y2_K8_sq,15,37,1,0,30,135,2,2,2,0.8074211,2.663294,1.5505798,0.9262777
Y2_K8_sq_r15_c38.tif,Y,Y2,Y2_K8_sq,15,38,2,0,8,148,2,0,0,1.4129868,2.7964587,0.45373526,1.065903
Y2_K8_sq_r15_c39.tif,Y,Y2,Y2_K8_sq,15,39,1,0,1,129,2,2,2,1.0199002,3.364161,0.09632593,1.1182252
Y2_K8_sq_r15_c8.tif,Y,Y2,Y2_K8_sq,15,8,5,0,2,68,1,0,0,6.4593687,5.8108234,0.2773019,1.0216709
Y2_K8_sq_r15_c9.tif,Y,Y2,Y2_K8_sq,15,9,0,0,7,99,1,1,1,0.41866276,4.142902,0.593118,1.0580605
Y2_K8_sq_r16_c10.tif,Y,Y2,Y2_K8_sq,16,10,2,0,20,125,1,2,2,1.5173012,3.0029087,1.1750901,0.96731657
Y2_K8_sq_r16_c11.tif,Y,Y2,Y2_K8_sq,16,11,0,0,27,121,1,2,2,0.3014372,2.9828894,1.5658314,0.93024254
Y2_K8_sq_r16_c19.tif,Y,Y2,Y2_K8_sq,16,19,0,0,27,120,1,2,2,0.30346024,3.0029087,1.5763403,0.92877805
Y2_K8_sq_r16_c20.tif,Y,Y2,Y2_K8_sq,16,20,4,0,18,136,2,0,0,2.5433762,2.7964587,0.98754144,0.97976935
Y2_K8_sq_r16_c21.tif,Y,Y2,Y2_K8_sq,16,21,1,1,37,129,1,1,1,0.797922,7.895884,1.8840218,0.8748468
Y2_K8_sq_r16_c36.tif,Y,Y2,Y2_K8_sq,16,36,1,2,21,109,2,1,1,1.0047907,16.571608,1.3602172,0.93151855
Y2_K8_sq_r16_c37.tif,Y,Y2,Y2_K8_sq,16,37,0,0,16,119,2,2,2,0.33004072,3.265937,1.0286484,1.0017481
Y2_K8_sq_r16_c38.tif,Y,Y2,Y2_K8_sq,16,38,1,0,9,119,2,2,2,1.0354713,3.415522,0.61937815,1.0476297
Y2_K8_sq_r16_c39.tif,Y,Y2,Y2_K8_sq,16,39,2,0,1,135,2,0,0,1.6148422,3.195953,0.09150963,1.1115332
Y2_K8_sq_r16_c40.tif,Y,Y2,Y2_K8_sq,16,40,3,0,1,85,0,0,0,3.4781215,4.9168506,0.14078405,1.0790359
Y2_K8_sq_r16_c8.tif,Y,Y2,Y2_K8_sq,16,8,1,0,2,141,0,2,2,0.9290872,3.0646124,0.14624827,1.1130502
Y2_K8_sq_r16_c9.tif,Y,Y2,Y2_K8_sq,16,9,1,0,5,143,1,2,2,0.89832276,2.963135,0.31109232,1.0914055
Y2_K8_sq_r17_c10.tif,Y,Y2,Y2_K8_sq,17,10,2,0,15,151,1,2,2,1.32987,2.631961,0.778729,1.0234694
Y2_K8_sq_r17_c11.tif,Y,Y2,Y2_K8_sq,17,11,1,0,29,137,1,2,2,0.8026434,2.6475348,1.4908669,0.93438786
Y2_K8_sq_r17_c12.tif,Y,Y2,Y2_K8_sq,17,12,0,1,22,135,0,1,1,0.28259736,8.389377,1.2010639,0.9725916
Y2_K8_sq_r17_c18.tif,Y,Y2,Y2_K8_sq,17,18,1,0,39,132,0,2,2,0.7795789,2.5714562,1.9388821,0.8745363
Y2_K8_sq_r17_c34.tif,Y,Y2,Y2_K8_sq,17,34,4,0,11,126,2,0,0,2.8457358,3.1289048,0.68685544,1.0159343
Y2_K8_sq_r17_c35.tif,Y,Y2,Y2_K8_sq,17,35,1,0,15,126,2,2,2,0.9419912,3.1071763,0.9193328,1.0088793
Y2_K8_sq_r17_c36.tif,Y,Y2,Y2_K8_sq,17,36,1,0,14,117,2,2,2,1.012289,3.339055,0.9242017,1.0070343
Y2_K8_sq_r17_c37.tif,Y,Y2,Y2_K8_sq,17,37,3,0,12,136,2,0,0,2.0686865,2.9244013,0.69778585,1.0245954
Y2_K8_sq_r17_c38.tif,Y,Y2,Y2_K8_sq,17,38,2,0,14,123,1,0,0,1.6033893,3.1732864,0.8783193,1.0059097
Y2_K8_sq_r17_c39.tif,Y,Y2,Y2_K8_sq,17,39,3,0,10,120,2,0,0,2.3445113,3.3143213,0.66429216,1.0250958
Y2_K8_sq_r17_c40.tif,Y,Y2,Y2_K8_sq,17,40,6,0,2,105,0,0,0,5.111326,3.890725,0.18567172,1.0535759
Y2_K8_sq_r17_c7.tif,Y,Y2,Y2_K8_sq,17,7,1,0,0,77,0,1,1,1.6955842,5.5929174,0.053380616,1.1125586
Y2_K8_sq_r17_c8.tif,Y,Y2,Y2_K8_sq,17,8,2,0,6,147,0,0,0,1.4399866,2.8498943,0.35360408,1.0789555
Y2_K8_sq_r17_c9.tif,Y,Y2,Y2_K8_sq,17,9,1,0,17,138,0,2,2,0.8585236,2.831857,0.9459856,1.0067087
Y2_K8_sq_r18_c10.tif,Y,Y2,Y2_K8_sq,18,10,1,0,27,129,1,2,2,0.85312414,2.8140464,1.4771994,0.9353708
Y2_K8_sq_r18_c18.tif,Y,Y2,Y2_K8_sq,18,18,0,0,44,127,2,2,2,0.26136172,2.5863202,2.1969364,0.84639925
Y2_K8_sq_r18_c33.tif,Y,Y2,Y2_K8_sq,18,33,0,1,24,119,0,1,1,0.30969572,9.193837,1.433233,0.9399965
Y2_K8_sq_r18_c38.tif,Y,Y2,Y2_K8_sq,18,38,1,0,20,106,2,2,2,1.051525,3.4684758,1.3572747,0.9481369
Y2_K8_sq_r18_c39.tif,Y,Y2,Y2_K8_sq,18,39,2,0,11,83,2,0,0,2.3069172,4.5656466,1.0022483,0.9785242
Y2_K8_sq_r18_c40.tif,Y,Y2,Y2_K8_sq,18,40,3,0,1,106,1,0,0,2.8259735,3.9949412,0.114387035,1.0920507
Y2_K8_sq_r18_c7.tif,Y,Y2,Y2_K8_sq,18,7,7,0,6,125,0,0,0,4.8445263,3.195953,0.39654174,1.0295012
Y2_K8_sq_r18_c8.tif,Y,Y2,Y2_K8_sq,18,8,1,0,6,146,1,2,2,0.8751402,2.886667,0.35816672,1.0854682
Y2_K8_sq_r18_c9.tif,Y,Y2,Y2_K8_sq,18,9,6,0,13,132,1,0,0,3.8418465,2.9244013,0.7536087,0.9945706
Y2_K8_sq_r19_c15.tif,Y,Y2,Y2_K8_sq,19,15,1,1,15,125,1,1,1,0.9419912,9.321529,0.9193328,1.000904
Y2_K8_sq_r19_c17.tif,Y,Y2,Y2_K8_sq,19,17,1,0,24,143,1,2,2,0.797922,2.631961,1.2308943,0.96942484
Y2_K8_sq_r19_c33.tif,Y,Y2,Y2_K8_sq,19,33,1,1,18,126,2,1,1,0.9165319,9.069595,1.0676123,0.98161227
Y2_K8_sq_r19_c39.tif,Y,Y2,Y2_K8_sq,19,39,3,0,13,112,2,0,0,2.434685,3.4417953,0.88693947,0.9938489
Y2_K8_sq_r19_c40.tif,Y,Y2,Y2_K8_sq,19,40,0,0,4,129,2,1,1,0.3349302,3.3143213,0.28469664,1.1016589
Y2_K8_sq_r19_c41.tif,Y,Y2,Y2_K8_sq,19,41,7,0,2,109,0,0,0,5.651947,3.7286117,0.17793539,1.0479585
Y2_K8_sq_r19_c6.tif,Y,Y2,Y2_K8_sq,19,6,1,0,0,69,0,1,1,1.8839824,6.2143526,0.059311796,1.1085709
Y2_K8_sq_r19_c7.tif,Y,Y2,Y2_K8_sq,19,7,4,0,10,126,0,0,0,2.8657758,3.1509392,0.6315453,1.0230888
Y2_K8_sq_r19_c8.tif,Y,Y2,Y2_K8_sq,19,8,2,0,2,123,1,0,0,1.7525418,3.4684758,0.1655213,1.0994828
Y2_K8_sq_r1_c26.tif,Y,Y2,Y2_K8_sq,1,26,1,0,3,67,0,1,1,1.8581744,6.129225,0.40949515,1.0619206
Y2_K8_sq_r1_c27.tif,Y,Y2,Y2_K8_sq,1,27,4,0,1,100,0,0,0,3.8031795,4.1816206,0.11973222,1.0786821
Y2_K8_sq_r1_c28.tif,Y,Y2,Y2_K8_sq,1,28,0,0,1,95,0,1,1,0.46138343,4.5656466,0.13072804,1.1191505
Y2_K8_sq_r1_c29.tif,Y,Y2,Y2_K8_sq,1,29,0,0,1,124,1,1,1,0.35602817,3.5230975,0.100876756,1.1258403
Y2_K8_sq_r1_c30.tif,Y,Y2,Y2_K8_sq,1,30,1,0,2,120,1,1,1,1.0851738,3.5794673,0.17081797,1.1071035
Y2_K8_sq_r1_c31.tif,Y,Y2,Y2_K8_sq,1,31,1,0,1,96,1,1,1,1.3564672,4.474334,0.12811348,1.1082519
Y2_K8_sq_r20_c15.tif,Y,Y2,Y2_K8_sq,20,15,1,0,25,137,2,2,2,0.82210135,2.7117174,1.319957,0.95703965
Y2_K8_sq_r20_c16.tif,Y,Y2,Y2_K8_sq,20,16,3,0,20,131,1,0,0,2.0289042,2.8681629,1.1223617,0.9680824
Y2_K8_sq_r20_c17.tif,Y,Y2,Y2_K8_sq,20,17,2,0,9,144,1,0,0,1.4399866,2.8498943,0.51680595,1.0570107
Y2_K8_sq_r20_c32.tif,Y,Y2,Y2_K8_sq,20,32,1,1,35,111,0,1,1,0.90431154,8.948668,2.021346,0.85367936
Y2_K8_sq_r20_c33.tif,Y,Y2,Y2_K8_sq,20,33,3,0,15,133,1,0,0,2.0686865,2.9244013,0.86525446,1.0020767
Y2_K8_sq_r20_c39.tif,Y,Y2,Y2_K8_sq,20,39,1,0,4,103,2,1,1,1.2331522,4.0675764,0.34940037,1.0805848
Y2_K8_sq_r20_c40.tif,Y,Y2,Y2_K8_sq,20,40,1,0,7,130,2,2,2,0.96890527,3.195953,0.45754814,1.0705172
Y2_K8_sq_r20_c41.tif,Y,Y2,Y2_K8_sq,20,41,2,0,5,137,0,0,0,1.5484787,3.0646124,0.3217462,1.0815859
Y2_K8_sq_r20_c6.tif,Y,Y2,Y2_K8_sq,20,6,1,0,0,145,1,2,2,0.9165319,3.0231986,0.028854389,1.1290481
Y2_K8_sq_r20_c7.tif,Y,Y2,Y2_K8_sq,20,7,6,0,12,107,2,0,0,4.6283665,3.5230975,0.8406396,0.97211117
Y2_K8_sq_r21_c15.tif,Y,Y2,Y2_K8_sq,21,15,4,0,17,130,1,0,0,2.65974,2.9244013,0.97690016,0.9795582
Y2_K8_sq_r21_c16.tif,Y,Y2,Y2_K8_sq,21,16,0,1,17,157,2,1,1,0.25545523,7.5836167,0.8444391,1.0219238
Y2_K8_sq_r21_c17.tif,Y,Y2,Y2_K8_sq,21,17,1,0,7,138,0,2,2,0.9165319,3.0231986,0.43281582,1.0747297
Y2_K8_sq_r21_c18.tif,Y,Y2,Y2_K8_sq,21,18,0,0,33,129,0,2,2,0.27570474,2.7282524,1.7446347,0.90685344
Y2_K8_sq_r21_c25.tif,Y,Y2,Y2_K8_sq,21,25,0,0,30,135,2,2,2,0.27075198,2.679242,1.5598646,0.9318242
Y2_K8_sq_r21_c26.tif,Y,Y2,Y2_K8_sq,21,26,0,1,57,116,1,1,1,0.2569067,7.6267056,2.7903502,0.760194
Y2_K8_sq_r21_c32.tif,Y,Y2,Y2_K8_sq,21,32,0,1,22,111,1,1,1,0.3324675,9.869855,1.4130163,0.9415581
Y2_K8_sq_r21_c33.tif,Y,Y2,Y2_K8_sq,21,33,0,0,30,120,0,2,2,0.2974709,2.9436407,1.7137986,0.91044694
Y2_K8_sq_r21_c39.tif,Y,Y2,Y2_K8_sq,21,39,2,0,14,116,2,0,0,1.6871483,3.339055,0.9242017,0.9984638
Y2_K8_sq_r21_c40.tif,Y,Y2,Y2_K8_sq,21,40,1,0,8,141,2,2,2,0.89241266,2.9436407,0.47761604,1.0691141
Y2_K8_sq_r21_c41.tif,Y,Y2,Y2_K8_sq,21,41,6,0,5,148,2,0,0,3.650947,2.7790895,0.29176983,1.0592824
Y2_K8_sq_r21_c42.tif,Y,Y2,Y2_K8_sq,21,42,2,0,1,80,0,0,0,2.65974,5.263922,0.15072174,1.0876474
Y2_K8_sq_r21_c6.tif,Y,Y2,Y2_K8_sq,21,6,2,0,1,134,0,0,0,1.6264597,3.2189453,0.09216797,1.1112677
Y2_K8_sq_r21_c7.tif,Y,Y2,Y2_K8_sq,21,7,8,0,12,126,1,0,0,5.1936812,3.0231986,0.72135967,0.98161227
Y2_K8_sq_r22_c14.tif,Y,Y2,Y2_K8_sq,22,14,2,0,25,124,1,2,2,1.4776334,2.9244013,1.4234831,0.9345211
Y2_K8_sq_r22_c15.tif,Y,Y2,Y2_K8_sq,22,15,1,0,20,144,2,2,2,0.8122559,2.679242,1.0484337,0.99371666
Y2_K8_sq_r22_c16.tif,Y,Y2,Y2_K8_sq,22,16,2,0,14,92,1,0,0,2.0552535,4.0675764,1.1258457,0.96573997
Y2_K8_sq_r22_c18.tif,Y,Y2,Y2_K8_sq,22,18,3,0,46,94,0,2,2,2.182821,3.0857475,2.7389777,0.748471
Y2_K8_sq_r22_c32.tif,Y,Y2,Y2_K8_sq,22,32,0,0,32,104,0,2,2,0.32764912,3.242271,2.0114436,0.86965775
Y2_K8_sq_r22_c39.tif,Y,Y2,Y2_K8_sq,22,39,1,0,9,103,2,2,2,1.1795368,3.890725,0.70555246,1.0336028
Y2_K8_sq_r22_c40.tif,Y,Y2,Y2_K8_sq,22,40,1,0,4,113,2,2,2,1.1303895,3.7286117,0.3202837,1.08624
Y2_K8_sq_r22_c41.tif,Y,Y2,Y2_K8_sq,22,41,1,0,9,134,2,2,2,0.9290872,3.0646124,0.5557434,1.0579877
Y2_K8_sq_r22_c42.tif,Y,Y2,Y2_K8_sq,22,42,4,0,1,122,0,0,0,3.1545753,3.4684758,0.099312775,1.09058
Y2_K8_sq_r22_c5.tif,Y,Y2,Y2_K8_sq,22,5,2,0,0,75,1,0,0,2.8617454,5.663714,0.05405632,1.0975671
Y2_K8_sq_r22_c6.tif,Y,Y2,Y2_K8_sq,22,6,0,0,5,125,1,1,1,0.34254226,3.389647,0.35587078,1.0918952
Y2_K8_sq_r22_c7.tif,Y,Y2,Y2_K8_sq,22,7,1,0,14,124,2,2,2,0.9620335,3.1732864,0.8783193,1.0140548
Y2_K8_sq_r23_c13.tif,Y,Y2,Y2_K8_sq,23,13,0,0,21,103,1,2,2,0.35885382,3.551059,1.4573756,0.94336766
Y2_K8_sq_r23_c14.tif,Y,Y2,Y2_K8_sq,23,14,2,0,14,153,2,2,2,1.3220929,2.6165695,0.7242282,1.0309163
Y2_K8_sq_r23_c15.tif,Y,Y2,Y2_K8_sq,23,15,0,0,9,150,1,2,2,0.2808421,2.7790895,0.50396603,1.0735488
Y2_K8_sq_r23_c18.tif,Y,Y2,Y2_K8_sq,23,18,1,0,33,133,0,2,2,0.8026434,2.6475348,1.6930184,0.90720564
Y2_K8_sq_r23_c39.tif,Y,Y2,Y2_K8_sq,23,39,2,0,6,96,2,0,0,2.1328104,4.22107,0.52373433,1.0455207
Y2_K8_sq_r23_c41.tif,Y,Y2,Y2_K8_sq,23,41,1,0,14,136,2,2,2,0.88658,2.9244013,0.8094316,1.0245954
Y2_K8_sq_r23_c42.tif,Y,Y2,Y2_K8_sq,23,42,3,1,6,121,2,1,1,2.3797672,10.092483,0.41741234,1.0491457
Y2_K8_sq_r23_c43.tif,Y,Y2,Y2_K8_sq,23,43,4,0,2,105,0,0,0,3.6012409,3.9595876,0.18895793,1.0722232
Y2_K8_sq_r23_c5.tif,Y,Y2,Y2_K8_sq,23,5,1,0,0,122,1,1,1,1.0851738,3.5794673,0.034163598,1.1254786
Y2_K8_sq_r23_c6.tif,Y,Y2,Y2_K8_sq,23,6,3,0,9,137,1,0,0,2.0960865,2.963135,0.5373413,1.0457718
Y2_K8_sq_r23_c7.tif,Y,Y2,Y2_K8_sq,23,7,0,0,25,140,1,2,2,0.27075198,2.679242,1.3041492,0.9662089
Y2_K8_sq_r24_c12.tif,Y,Y2,Y2_K8_sq,24,12,3,0,24,139,1,0,0,1.8839824,2.663294,1.2455477,0.9536216
Y2_K8_sq_r24_c13.tif,Y,Y2,Y2_K8_sq,24,13,0,0,22,139,2,2,2,0.27739617,2.74499,1.1789583,0.98287386
Y2_K8_sq_r24_c14.tif,Y,Y2,Y2_K8_sq,24,14,4,0,14,145,2,0,0,2.4663043,2.7117174,0.7505638,1.0127219
Y2_K8_sq_r24_c15.tif,Y,Y2,Y2_K8_sq,24,15,3,0,13,132,2,0,0,2.1100602,2.9828894,0.76868093,1.014462
Y2_K8_sq_r24_c16.tif,Y,Y2,Y2_K8_sq,24,16,1,0,4,75,1,1,1,1.6542283,5.456505,0.46870786,1.0574121
Y2_K8_sq_r24_c17.tif,Y,Y2,Y2_K8_sq,24,17,1,0,13,135,0,2,2,0.89832276,2.963135,0.7635903,1.0305605
Y2_K8_sq_r24_c18.tif,Y,Y2,Y2_K8_sq,24,18,2,1,16,157,0,1,1,1.2701005,7.5410123,0.7917125,1.0161825
Y2_K8_sq_r24_c19.tif,Y,Y2,Y2_K8_sq,24,19,8,0,28,128,1,0,0,4.630511,2.6953819,1.4663591,0.8890091
Y2_K8_sq_r24_c39.tif,Y,Y2,Y2_K8_sq,24,39,0,0,10,108,2,1,1,0.37679648,3.7286117,0.74732864,1.038388
Y2_K8_sq_r24_c4.tif,Y,Y2,Y2_K8_sq,24,4,3,0,0,75,0,0,0,3.956363,5.5929174,0.053380616,1.0838474
Y2_K8_sq_r24_c40.tif,Y,Y2,Y2_K8_sq,24,40,0,0,11,128,2,2,2,0.32067785,3.1732864,0.6965981,1.0466348
Y2_K8_sq_r24_c41.tif,Y,Y2,Y2_K8_sq,24,41,0,0,14,136,2,2,2,0.2974709,2.9436407,0.8147568,1.0313361
Y2_K8_sq_r24_c42.tif,Y,Y2,Y2_K8_sq,24,42,0,0,13,168,2,2,2,0.24707966,2.444991,0.6300663,1.0574504
Y2_K8_sq_r24_c43.tif,Y,Y2,Y2_K8_sq,24,43,3,0,1,126,2,0,0,2.397796,3.389647,0.097055666,1.1005956
Y2_K8_sq_r24_c5.tif,Y,Y2,Y2_K8_sq,24,5,0,0,0,97,2,1,1,0.456723,4.5195293,0.04313585,1.1310469
Y2_K8_sq_r24_c6.tif,Y,Y2,Y2_K8_sq,24,6,1,0,4,150,0,2,2,0.8639919,2.8498943,0.24480283,1.1009004
Y2_K8_sq_r24_c7.tif,Y,Y2,Y2_K8_sq,24,7,2,0,9,150,1,0,0,1.3869809,2.74499,0.49778244,1.0603765
Y2_K8_sq_r25_c10.tif,Y,Y2,Y2_K8_sq,25,10,1,0,26,117,0,2,2,0.9290872,3.0646124,1.5502316,0.9242644
Y2_K8_sq_r25_c11.tif,Y,Y2,Y2_K8_sq,25,11,1,0,21,145,0,2,2,0.8026434,2.6475348,1.086564,0.98875225
Y2_K8_sq_r25_c12.tif,Y,Y2,Y2_K8_sq,25,12,6,0,17,141,1,0,0,3.540979,2.6953819,0.90039593,0.9789478
Y2_K8_sq_r25_c13.tif,Y,Y2,Y2_K8_sq,25,13,3,0,28,132,1,0,0,1.9182366,2.7117174,1.4752461,0.92223823
Y2_K8_sq_r25_c14.tif,Y,Y2,Y2_K8_sq,25,14,5,0,8,154,2,0,0,2.9430256,2.6475348,0.42957184,1.0499122
Y2_K8_sq_r25_c15.tif,Y,Y2,Y2_K8_sq,25,15,4,0,17,143,2,0,0,2.451447,2.6953819,0.90039593,0.9927845
Y2_K8_sq_r25_c16.tif,Y,Y2,Y2_K8_sq,25,16,2,0,21,138,2,2,2,1.3869809,2.74499,1.1265603,0.9758282
Y2_K8_sq_r25_c17.tif,Y,Y2,Y2_K8_sq,25,17,2,0,18,155,1,2,2,1.2772762,2.5278723,0.8926928,1.0089469
Y2_K8_sq_r25_c18.tif,Y,Y2,Y2_K8_sq,25,18,0,0,17,152,1,2,2,0.26441857,2.6165695,0.87406856,1.0242003
Y2_K8_sq_r25_c19.tif,Y,Y2,Y2_K8_sq,25,19,3,0,27,157,2,0,0,1.674651,2.3673723,1.2427233,0.95703965
Y2_K8_sq_r25_c20.tif,Y,Y2,Y2_K8_sq,25,20,2,0,30,148,1,2,2,1.2421862,2.4584253,1.4313045,0.9370575
Y2_K8_sq_r25_c21.tif,Y,Y2,Y2_K8_sq,25,21,5,0,26,121,0,0,0,3.2296844,2.9054117,1.4697001,0.9060804
Y2_K8_sq_r25_c22.tif,Y,Y2,Y2_K8_sq,25,22,0,2,70,112,0,1,1,0.2430945,12.02778,3.237276,0.69462556
Y2_K8_sq_r25_c37.tif,Y,Y2,Y2_K8_sq,25,37,0,0,33,103,1,2,2,0.32764912,3.242271,2.0733342,0.8613357
Y2_K8_sq_r25_c38.tif,Y,Y2,Y2_K8_sq,25,38,1,0,16,131,1,2,2,0.90431154,2.9828894,0.93949884,1.0068057
Y2_K8_sq_r25_c4.tif,Y,Y2,Y2_K8_sq,25,4,2,0,1,88,0,0,0,2.4309452,4.811112,0.13775642,1.0928775
Y2_K8_sq_r25_c42.tif,Y,Y2,Y2_K8_sq,25,42,2,0,15,140,2,2,2,1.4218736,2.8140464,0.83260334,1.0148232
Y2_K8_sq_r25_c43.tif,Y,Y2,Y2_K8_sq,25,43,3,0,1,132,2,0,0,2.2935438,3.242271,0.09283586,1.1026762
Y2_K8_sq_r25_c44.tif,Y,Y2,Y2_K8_sq,25,44,3,0,0,71,0,0,0,4.1645927,5.8872814,0.056190122,1.0804474
Y2_K8_sq_r25_c5.tif,Y,Y2,Y2_K8_sq,25,5,0,0,0,133,1,1,1,0.3349302,3.3143213,0.031632956,1.135687
Y2_K8_sq_r25_c6.tif,Y,Y2,Y2_K8_sq,25,6,1,0,4,136,1,2,2,0.94857854,3.1289048,0.26876956,1.0962454
Y2_K8_sq_r25_c7.tif,Y,Y2,Y2_K8_sq,25,7,2,0,17,139,0,2,2,1.4129868,2.7964587,0.93416077,1.0013027
Y2_K8_sq_r25_c8.tif,Y,Y2,Y2_K8_sq,25,8,2,0,27,121,0,2,2,1.4873545,2.9436407,1.5452284,0.9180025
Y2_K8_sq_r25_c9.tif,Y,Y2,Y2_K8_sq,25,9,3,0,40,144,2,2,2,1.674651,2.3673723,1.8301926,0.8780459
Y2_K8_sq_r26_c10.tif,Y,Y2,Y2_K8_sq,26,10,1,0,37,127,1,2,2,0.8122559,2.679242,1.9178665,0.87680876
Y2_K8_sq_r26_c11.tif,Y,Y2,Y2_K8_sq,26,11,3,0,42,131,1,2,2,1.7781408,2.5136707,2.0392594,0.84843177
Y2_K8_sq_r26_c12.tif,Y,Y2,Y2_K8_sq,26,12,1,0,28,124,2,2,2,0.8751402,2.886667,1.5704234,0.92246276
Y2_K8_sq_r26_c13.tif,Y,Y2,Y2_K8_sq,26,13,1,0,21,139,1,2,2,0.83218855,2.74499,1.1265603,0.98287386
Y2_K8_sq_r26_c14.tif,Y,Y2,Y2_K8_sq,26,14,2,0,18,148,2,2,2,1.32987,2.631961,0.92945075,1.0032028
Y2_K8_sq_r26_c15.tif,Y,Y2,Y2_K8_sq,26,15,1,0,14,138,2,2,2,0.8751402,2.886667,0.79898727,1.0261935
Y2_K8_sq_r26_c16.tif,Y,Y2,Y2_K8_sq,26,16,2,0,18,122,2,2,2,1.5699854,3.1071763,1.0972682,0.97697794
Y2_K8_sq_r26_c17.tif,Y,Y2,Y2_K8_sq,26,17,0,0,15,154,1,2,2,0.26441857,2.6165695,0.774175,1.0376325
Y2_K8_sq_r26_c18.tif,Y,Y2,Y2_K8_sq,26,18,2,0,22,135,2,2,2,1.4042104,2.7790895,1.1936039,0.9665506
Y2_K8_sq_r26_c19.tif,Y,Y2,Y2_K8_sq,26,19,3,0,15,164,1,0,0,1.7201577,2.4317033,0.7194779,1.0267371
Y2_K8_sq_r26_c20.tif,Y,Y2,Y2_K8_sq,26,20,1,0,24,155,2,2,2,0.74531174,2.4584253,1.1497364,0.9812286
Y2_K8_sq_r26_c21.tif,Y,Y2,Y2_K8_sq,26,21,0,0,47,111,1,2,2,0.28259736,2.7964587,2.5355792,0.8003244
Y2_K8_sq_r26_c34.tif,Y,Y2,Y2_K8_sq,26,34,6,0,14,99,1,0,0,4.857872,3.6977966,1.0234962,0.9443846
Y2_K8_sq_r26_c35.tif,Y,Y2,Y2_K8_sq,26,35,1,1,11,93,2,1,1,1.2559882,12.428705,0.90944755,0.9942578
Y2_K8_sq_r26_c36.tif,Y,Y2,Y2_K8_sq,26,36,0,0,20,115,1,2,2,0.33004072,3.265937,1.2780176,0.9682167
Y2_K8_sq_r26_c37.tif,Y,Y2,Y2_K8_sq,26,37,1,0,25,124,2,2,2,0.89241266,2.9436407,1.4328481,0.94066924
Y2_K8_sq_r26_c38.tif,Y,Y2,Y2_K8_sq,26,38,1,0,22,92,2,2,2,1.1593738,3.8242173,1.6424805,0.90796065
Y2_K8_sq_r26_c4.tif,Y,Y2,Y2_K8_sq,26,4,7,0,1,66,1,0,0,8.924128,5.8872814,0.16857035,1.0048916
Y2_K8_sq_r26_c42.tif,Y,Y2,Y2_K8_sq,26,42,1,0,14,124,1,2,2,0.9620335,3.1732864,0.8783193,1.0140548
Y2_K8_sq_r26_c43.tif,Y,Y2,Y2_K8_sq,26,43,2,0,5,126,2,0,0,1.674651,3.3143213,0.34796253,1.0761379
Y2_K8_sq_r26_c44.tif,Y,Y2,Y2_K8_sq,26,44,2,0,1,103,0,0,0,2.0933137,4.142902,0.11862359,1.1005956
Y2_K8_sq_r26_c5.tif,Y,Y2,Y2_K8_sq,26,5,3,0,4,118,0,0,0,2.4921973,3.5230975,0.30263028,1.0715829
Y2_K8_sq_r26_c6.tif,Y,Y2,Y2_K8_sq,26,6,1,0,1,151,0,2,2,0.8751402,2.886667,0.08265386,1.122515
Y2_K8_sq_r26_c7.tif,Y,Y2,Y2_K8_sq,26,7,2,1,19,143,1,1,1,1.3537598,8.037726,0.99729055,0.98683965
Y2_K8_sq_r26_c8.tif,Y,Y2,Y2_K8_sq,26,8,3,0,16,129,0,0,0,2.1100602,2.9828894,0.93949884,0.9914931
Y2_K8_sq_r26_c9.tif,Y,Y2,Y2_K8_sq,26,9,1,0,31,151,1,2,2,0.7332256,2.4185588,1.4542611,0.9404855
Y2_K8_sq_r27_c10.tif,Y,Y2,Y2_K8_sq,27,10,0,3,46,112,1,1,1,0.27739617,19.214931,2.4365141,0.7926402
Y2_K8_sq_r27_c11.tif,Y,Y2,Y2_K8_sq,27,11,1,2,56,98,1,1,1,0.85312414,14.070233,3.0349734,0.7114597
Y2_K8_sq_r27_c12.tif,Y,Y2,Y2_K8_sq,27,12,2,1,28,126,1,1,1,1.4218736,8.44214,1.5309157,0.913702
Y2_K8_sq_r27_c13.tif,Y,Y2,Y2_K8_sq,27,13,0,0,21,146,2,2,2,0.2675478,2.6475348,1.086564,0.9955478
Y2_K8_sq_r27_c14.tif,Y,Y2,Y2_K8_sq,27,14,3,0,25,135,2,0,0,1.9182366,2.7117174,1.319957,0.94311905
Y2_K8_sq_r27_c15.tif,Y,Y2,Y2_K8_sq,27,15,1,0,7,145,2,2,2,0.8751402,2.886667,0.41326928,1.0780588
Y2_K8_sq_r27_c16.tif,Y,Y2,Y2_K8_sq,27,16,2,0,16,149,2,2,2,1.337739,2.6475348,0.83387476,1.0159343
Y2_K8_sq_r27_c17.tif,Y,Y2,Y2_K8_sq,27,17,3,0,15,151,1,0,0,1.8509301,2.6165695,0.774175,1.0174843
Y2_K8_sq_r27_c18.tif,Y,Y2,Y2_K8_sq,27,18,1,0,26,142,2,2,2,0.79325575,2.6165695,1.3235896,0.95703965
Y2_K8_sq_r27_c19.tif,Y,Y2,Y2_K8_sq,27,19,3,0,16,151,2,0,0,1.8401688,2.601357,0.8193304,1.0115687
Y2_K8_sq_r27_c20.tif,Y,Y2,Y2_K8_sq,27,20,0,0,28,162,1,2,2,0.2354978,2.3303823,1.2677896,0.97199345
Y2_K8_sq_r27_c21.tif,Y,Y2,Y2_K8_sq,27,21,1,1,34,140,1,1,1,0.7620603,7.5410123,1.6553988,0.9064993
Y2_K8_sq_r27_c36.tif,Y,Y2,Y2_K8_sq,27,36,1,0,17,124,0,2,2,0.9419912,3.1071763,1.0379564,0.9929286
Y2_K8_sq_r27_c37.tif,Y,Y2,Y2_K8_sq,27,37,0,0,20,145,1,2,2,0.27075198,2.679242,1.0484337,1.0005935
Y2_K8_sq_r27_c4.tif,Y,Y2,Y2_K8_sq,27,4,2,0,0,93,0,0,0,2.3307,4.6127152,0.04402525,1.1070088
Y2_K8_sq_r27_c42.tif,Y,Y2,Y2_K8_sq,27,42,1,1,28,110,1,1,1,0.95525867,9.452818,1.7141945,0.89368635
Y2_K8_sq_r27_c43.tif,Y,Y2,Y2_K8_sq,27,43,0,0,14,130,2,2,2,0.30969572,3.0646124,0.84823996,1.0265234
Y2_K8_sq_r27_c44.tif,Y,Y2,Y2_K8_sq,27,44,3,0,3,108,0,0,0,2.728526,3.8571844,0.25769952,1.0741946
Y2_K8_sq_r27_c5.tif,Y,Y2,Y2_K8_sq,27,5,0,0,2,140,0,1,1,0.31399706,3.1071763,0.1482795,1.120534
Y2_K8_sq_r27_c6.tif,Y,Y2,Y2_K8_sq,27,6,3,0,7,151,1,0,0,1.9417733,2.74499,0.39298615,1.0674222
Y2_K8_sq_r27_c7.tif,Y,Y2,Y2_K8_sq,27,7,3,0,18,141,1,0,0,1.9299332,2.7282524,0.963455,0.9908862
Y2_K8_sq_r27_c8.tif,Y,Y2,Y2_K8_sq,27,8,1,2,25,140,1,1,1,0.797922,13.159806,1.2811348,0.9491582
Y2_K8_sq_r27_c9.tif,Y,Y2,Y2_K8_sq,27,9,1,0,52,126,2,2,2,0.74942946,2.4720078,2.4773324,0.8026443
Y2_K8_sq_r28_c10.tif,Y,Y2,Y2_K8_sq,28,10,1,3,30,56,0,1,1,1.474421,34.043842,2.8314936,0.70529664
Y2_K8_sq_r28_c11.tif,Y,Y2,Y2_K8_sq,28,11,1,0,37,88,0,2,2,1.0597401,3.4955733,2.5022163,0.79404384
Y2_K8_sq_r28_c12.tif,Y,Y2,Y2_K8_sq,28,12,2,0,35,114,0,2,2,1.4776334,2.9244013,1.9817117,0.8594591
Y2_K8_sq_r28_c13.tif,Y,Y2,Y2_K8_sq,28,13,3,0,24,134,2,0,0,1.9417733,2.74499,1.2837547,0.94764537
Y2_K8_sq_r28_c14.tif,Y,Y2,Y2_K8_sq,28,14,2,0,13,139,1,0,0,1.4492173,2.8681629,0.73911625,1.0269772
Y2_K8_sq_r28_c15.tif,Y,Y2,Y2_K8_sq,28,15,3,0,18,148,2,0,0,1.8509301,2.6165695,0.92401534,0.9973361
Y2_K8_sq_r28_c16.tif,Y,Y2,Y2_K8_sq,28,16,0,0,16,161,2,2,2,0.252601,2.4996278,0.7872895,1.0361692
Y2_K8_sq_r28_c17.tif,Y,Y2,Y2_K8_sq,28,17,4,0,16,162,1,0,0,2.2116315,2.4317033,0.7658958,1.014254
Y2_K8_sq_r28_c18.tif,Y,Y2,Y2_K8_sq,28,18,3,0,28,150,2,0,0,1.7295576,2.444991,1.3301399,0.94448835
Y2_K8_sq_r28_c19.tif,Y,Y2,Y2_K8_sq,28,19,1,1,21,147,2,1,1,0.78864384,7.8040714,1.0676123,0.98486054
Y2_K8_sq_r28_c20.tif,Y,Y2,Y2_K8_sq,28,20,1,0,21,161,1,2,2,0.7332256,2.4185588,0.9925909,1.0025637
Y2_K8_sq_r28_c21.tif,Y,Y2,Y2_K8_sq,28,21,4,0,25,151,1,0,0,2.2359352,2.4584253,1.1966645,0.955988
Y2_K8_sq_r28_c43.tif,Y,Y2,Y2_K8_sq,28,43,4,0,19,127,2,0,0,2.6772382,2.9436407,1.0957074,0.963336
Y2_K8_sq_r28_c44.tif,Y,Y2,Y2_K8_sq,28,44,0,0,4,123,0,1,1,0.35050836,3.4684758,0.29793835,1.0994828
Y2_K8_sq_r28_c5.tif,Y,Y2,Y2_K8_sq,28,5,3,0,6,133,0,0,0,2.1979795,3.1071763,0.38552666,1.0647066
Y2_K8_sq_r28_c6.tif,Y,Y2,Y2_K8_sq,28,6,3,0,6,160,1,0,0,1.8509301,2.6165695,0.32465404,1.0779289
Y2_K8_sq_r28_c7.tif,Y,Y2,Y2_K8_sq,28,7,0,0,25,151,1,2,2,0.2540201,2.5136707,1.2235557,0.9774708
Y2_K8_sq_r29_c11.tif,Y,Y2,Y2_K8_sq,29,11,3,0,48,94,1,2,2,2.1531227,3.0437646,2.8179154,0.73828775
Y2_K8_sq_r29_c12.tif,Y,Y2,Y2_K8_sq,29,12,1,0,34,122,1,2,2,0.85312414,2.8140464,1.8532138,0.88481027
Y2_K8_sq_r29_c13.tif,Y,Y2,Y2_K8_sq,29,13,2,0,24,133,1,2,2,1.4042104,2.7790895,1.2997019,0.95228416
Y2_K8_sq_r29_c14.tif,Y,Y2,Y2_K8_sq,29,14,0,0,14,140,2,2,2,0.28984344,2.8681629,0.7938656,1.034339
Y2_K8_sq_r29_c15.tif,Y,Y2,Y2_K8_sq,29,15,4,1,16,141,2,1,1,2.4813426,8.184757,0.85929775,0.9908862
Y2_K8_sq_r29_c16.tif,Y,Y2,Y2_K8_sq,29,16,1,0,11,153,2,2,2,0.8122559,2.679242,0.58814573,1.055609
Y2_K8_sq_r29_c17.tif,Y,Y2,Y2_K8_sq,29,17,2,0,14,161,2,2,2,1.2630049,2.4996278,0.6918605,1.0361692
Y2_K8_sq_r29_c18.tif,Y,Y2,Y2_K8_sq,29,18,5,0,15,110,1,0,0,3.7679648,3.389647,1.0029086,0.9613898
Y2_K8_sq_r29_c19.tif,Y,Y2,Y2_K8_sq,29,19,0,0,16,132,2,2,2,0.3014372,2.9828894,0.93949884,1.014462
Y2_K8_sq_r29_c20.tif,Y,Y2,Y2_K8_sq,29,20,2,0,16,152,0,2,2,1.3144064,2.601357,0.8193304,1.0182457
Y2_K8_sq_r29_c21.tif,Y,Y2,Y2_K8_sq,29,21,1,0,25,162,1,2,2,0.71393013,2.3549128,1.1462785,0.98222494
Y2_K8_sq_r29_c22.tif,Y,Y2,Y2_K8_sq,29,22,1,1,43,144,0,1,1,0.71019226,7.0277495,1.9451785,0.8688517
Y2_K8_sq_r29_c26.tif,Y,Y2,Y2_K8_sq,29,26,0,1,48,113,0,1,1,0.27570474,8.184757,2.5258145,0.79480976
Y2_K8_sq_r29_c44.tif,Y,Y2,Y2_K8_sq,29,44,3,0,8,116,2,0,0,2.4535584,3.4684758,0.5627724,1.037164
Y2_K8_sq_r29_c45.tif,Y,Y2,Y2_K8_sq,29,45,1,0,0,64,0,1,1,2.024578,6.67811,0.06373805,1.105595
Y2_K8_sq_r29_c5.tif,Y,Y2,Y2_K8_sq,29,5,0,0,5,156,0,1,1,0.27739617,2.74499,0.28818983,1.1026506
Y2_K8_sq_r29_c6.tif,Y,Y2,Y2_K8_sq,29,6,4,0,16,135,0,0,0,2.591976,2.8498943,0.89761037,0.99117607
Y2_K8_sq_r29_c7.tif,Y,Y2,Y2_K8_sq,29,7,2,0,25,118,1,2,2,1.5379449,3.0437646,1.4815845,0.92578936
Y2_K8_sq_r2_c25.tif,Y,Y2,Y2_K8_sq,2,25,3,0,4,119,0,0,0,2.4727268,3.4955733,0.30026597,1.0721835
Y2_K8_sq_r2_c26.tif,Y,Y2,Y2_K8_sq,2,26,3,0,2,142,0,0,0,2.1242218,3.0029087,0.14330366,1.0983475
Y2_K8_sq_r2_c27.tif,Y,Y2,Y2_K8_sq,2,27,0,0,8,149,1,2,2,0.28437468,2.8140464,0.45658892,1.0798297
Y2_K8_sq_r2_c28.tif,Y,Y2,Y2_K8_sq,2,28,1,0,12,164,1,2,2,0.757803,2.4996278,0.59643143,1.055417
Y2_K8_sq_r2_c29.tif,Y,Y2,Y2_K8_sq,2,29,0,0,8,148,2,2,2,0.28617454,2.831857,0.45947874,1.0793953
Y2_K8_sq_r2_c30.tif,Y,Y2,Y2_K8_sq,2,30,1,0,3,126,2,2,2,1.0276268,3.389647,0.22646323,1.1005956
Y2_K8_sq_r2_c31.tif,Y,Y2,Y2_K8_sq,2,31,3,0,2,125,2,0,0,2.397796,3.389647,0.16175945,1.0918952
Y2_K8_sq_r2_c32.tif,Y,Y2,Y2_K8_sq,2,32,1,0,6,142,1,2,2,0.89832276,2.963135,0.3676546,1.0837998
Y2_K8_sq_r30_c12.tif,Y,Y2,Y2_K8_sq,30,12,0,0,31,117,2,2,2,0.3014372,2.9828894,1.7935886,0.8996173
Y2_K8_sq_r30_c13.tif,Y,Y2,Y2_K8_sq,30,13,0,0,28,135,2,2,2,0.27403378,2.7117174,1.4752461,0.94311905
Y2_K8_sq_r30_c14.tif,Y,Y2,Y2_K8_sq,30,14,4,0,16,151,2,0,0,2.3522553,2.5863202,0.8145944,1.0057214
Y2_K8_sq_r30_c15.tif,Y,Y2,Y2_K8_sq,30,15,1,0,7,147,2,2,2,0.8639919,2.8498943,0.40800473,1.0789555
Y2_K8_sq_r30_c16.tif,Y,Y2,Y2_K8_sq,30,16,1,0,15,138,2,2,2,0.8695304,2.8681629,0.84861493,1.0196154
Y2_K8_sq_r30_c17.tif,Y,Y2,Y2_K8_sq,30,17,2,0,10,157,1,0,0,1.3220929,2.6165695,0.5244411,1.0577806
Y2_K8_sq_r30_c18.tif,Y,Y2,Y2_K8_sq,30,18,0,0,16,146,1,2,2,0.27570474,2.7282524,0.85929775,1.0258998
Y2_K8_sq_r30_c19.tif,Y,Y2,Y2_K8_sq,30,19,0,0,15,156,1,2,2,0.26136172,2.5863202,0.76522505,1.0389136
Y2_K8_sq_r30_c20.tif,Y,Y2,Y2_K8_sq,30,20,4,0,11,155,0,0,0,2.3659313,2.601357,0.5710485,1.0382768
Y2_K8_sq_r30_c21.tif,Y,Y2,Y2_K8_sq,30,21,2,1,16,141,0,1,1,1.3955425,8.285804,0.8699063,1.0031193
Y2_K8_sq_r30_c22.tif,Y,Y2,Y2_K8_sq,30,22,1,0,26,129,1,2,2,0.8585236,2.831857,1.4324925,0.9412909
Y2_K8_sq_r30_c23.tif,Y,Y2,Y2_K8_sq,30,23,0,1,47,146,0,1,1,0.23069172,6.84847,2.0698607,0.858406
Y2_K8_sq_r30_c26.tif,Y,Y2,Y2_K8_sq,30,26,3,0,48,135,2,2,2,1.6835587,2.3799648,2.2033703,0.82773745
Y2_K8_sq_r30_c44.tif,Y,Y2,Y2_K8_sq,30,44,2,0,9,138,2,0,0,1.4972045,2.963135,0.5373413,1.0533774
Y2_K8_sq_r30_c45.tif,Y,Y2,Y2_K8_sq,30,45,4,0,1,127,0,0,0,3.0368674,3.339055,0.09560707,1.0927393
Y2_K8_sq_r30_c5.tif,Y,Y2,Y2_K8_sq,30,5,1,0,3,146,0,2,2,0.89241266,2.9436407,0.19666542,1.106892
Y2_K8_sq_r30_c6.tif,Y,Y2,Y2_K8_sq,30,6,1,0,18,180,1,2,2,0.67485934,2.2260368,0.7861026,1.0313174
Y2_K8_sq_r31_c12.tif,Y,Y2,Y2_K8_sq,31,12,1,0,43,124,1,2,2,0.797922,2.631961,2.1854653,0.8410689
Y2_K8_sq_r31_c13.tif,Y,Y2,Y2_K8_sq,31,13,4,0,28,144,1,0,0,2.2861807,2.5136707,1.3675035,0.9323071
Y2_K8_sq_r31_c14.tif,Y,Y2,Y2_K8_sq,31,14,0,0,16,157,1,2,2,0.25837472,2.5567622,0.8052847,1.0336028
Y2_K8_sq_r31_c15.tif,Y,Y2,Y2_K8_sq,31,15,2,0,15,152,2,2,2,1.3220929,2.6165695,0.774175,1.0242003
Y2_K8_sq_r31_c16.tif,Y,Y2,Y2_K8_sq,31,16,4,0,9,147,2,0,0,2.5119765,2.7619345,0.50085515,1.0456544
Y2_K8_sq_r31_c17.tif,Y,Y2,Y2_K8_sq,31,17,0,0,14,154,2,2,2,0.265974,2.631961,0.72848845,1.0437362
Y2_K8_sq_r31_c18.tif,Y,Y2,Y2_K8_sq,31,18,3,0,16,150,1,0,0,1.8509301,2.6165695,0.8241218,1.0107682
Y2_K8_sq_r31_c19.tif,Y,Y2,Y2_K8_sq,31,19,4,1,10,149,0,1,1,2.451447,8.086145,0.5402376,1.0342946
Y2_K8_sq_r31_c20.tif,Y,Y2,Y2_K8_sq,31,20,2,0,15,138,1,2,2,1.4399866,2.8498943,0.84320974,1.013121
Y2_K8_sq_r31_c21.tif,Y,Y2,Y2_K8_sq,31,21,0,0,22,133,0,2,2,0.2879973,2.8498943,1.224014,0.9765462
Y2_K8_sq_r31_c24.tif,Y,Y2,Y2_K8_sq,31,24,2,0,32,132,0,2,2,1.3457017,2.663294,1.6522572,0.90576965
Y2_K8_sq_r31_c25.tif,Y,Y2,Y2_K8_sq,31,25,3,0,20,155,0,0,0,1.7583836,2.4857411,0.9727135,0.99213105
Y2_K8_sq_r31_c26.tif,Y,Y2,Y2_K8_sq,31,26,4,0,33,144,0,0,0,2.223717,2.444991,1.5634978,0.9068343
Y2_K8_sq_r31_c31.tif,Y,Y2,Y2_K8_sq,31,31,2,0,11,131,1,0,0,1.5484787,3.0646124,0.672742,1.0343895
Y2_K8_sq_r31_c32.tif,Y,Y2,Y2_K8_sq,31,32,1,0,8,139,0,2,2,0.90431154,2.9828894,0.48398426,1.0680562
Y2_K8_sq_r31_c44.tif,Y,Y2,Y2_K8_sq,31,44,1,0,4,139,1,2,2,0.9290872,3.0646124,0.26324686,1.097318
Y2_K8_sq_r31_c45.tif,Y,Y2,Y2_K8_sq,31,45,1,0,7,151,1,2,2,0.8425263,2.7790895,0.39786795,1.080682
Y2_K8_sq_r31_c46.tif,Y,Y2,Y2_K8_sq,31,46,0,0,5,93,1,1,1,0.45215577,4.474334,0.46974942,1.0737985
Y2_K8_sq_r31_c5.tif,Y,Y2,Y2_K8_sq,31,5,2,0,3,165,0,0,0,1.3144064,2.601357,0.17379735,1.105047
Y2_K8_sq_r31_c6.tif,Y,Y2,Y2_K8_sq,31,6,4,0,15,179,0,0,0,2.034701,2.237167,0.66191965,1.0307317
Y2_K8_sq_r32_c12.tif,Y,Y2,Y2_K8_sq,32,12,1,0,37,102,2,2,2,0.95525867,3.1509392,2.2555192,0.82898504
Y2_K8_sq_r32_c13.tif,Y,Y2,Y2_K8_sq,32,13,1,0,18,146,1,2,2,0.8122559,2.679242,0.94614744,1.0074705
Y2_K8_sq_r32_c14.tif,Y,Y2,Y2_K8_sq,32,14,2,0,26,168,2,2,2,1.1418074,2.2597647,1.1431,0.97734046
Y2_K8_sq_r32_c15.tif,Y,Y2,Y2_K8_sq,32,15,1,0,18,166,2,2,2,0.7253836,2.392692,0.8449552,1.0225482
Y2_K8_sq_r32_c16.tif,Y,Y2,Y2_K8_sq,32,16,1,0,11,149,2,2,2,0.83218855,2.74499,0.60257876,1.0533308
Y2_K8_sq_r32_c17.tif,Y,Y2,Y2_K8_sq,32,17,1,0,8,149,1,2,2,0.8477921,2.7964587,0.45373526,1.0730807
Y2_K8_sq_r32_c18.tif,Y,Y2,Y2_K8_sq,32,18,1,0,14,164,2,2,2,0.74942946,2.4720078,0.68421566,1.0437548
Y2_K8_sq_r32_c19.tif,Y,Y2,Y2_K8_sq,32,19,0,0,8,139,1,1,1,0.30346024,3.0029087,0.48723248,1.0752244
Y2_K8_sq_r32_c20.tif,Y,Y2,Y2_K8_sq,32,20,1,0,16,139,1,2,2,0.8585236,2.831857,0.89192927,1.0139774
Y2_K8_sq_r32_c25.tif,Y,Y2,Y2_K8_sq,32,25,7,0,19,123,1,0,0,4.491614,2.963135,1.1029637,0.93929327
Y2_K8_sq_r32_c26.tif,Y,Y2,Y2_K8_sq,32,26,4,0,28,136,0,0,0,2.393766,2.631961,1.4318566,0.9221359
Y2_K8_sq_r32_c30.tif,Y,Y2,Y2_K8_sq,32,30,2,0,15,139,2,2,2,1.4308727,2.831857,0.837873,1.0139774
Y2_K8_sq_r32_c31.tif,Y,Y2,Y2_K8_sq,32,31,3,0,6,143,1,0,0,2.0552535,2.9054117,0.36049247,1.0701443
Y2_K8_sq_r32_c32.tif,Y,Y2,Y2_K8_sq,32,32,2,0,3,76,1,0,0,2.72383,5.3907638,0.36015835,1.058509
Y2_K8_sq_r32_c33.tif,Y,Y2,Y2_K8_sq,32,33,0,0,9,127,0,1,1,0.32764912,3.242271,0.5879604,1.0610657
Y2_K8_sq_r32_c42.tif,Y,Y2,Y2_K8_sq,32,42,0,0,23,125,2,2,2,0.3014372,2.9828894,1.3380741,0.96086776
Y2_K8_sq_r32_c43.tif,Y,Y2,Y2_K8_sq,32,43,3,0,12,113,1,0,0,2.434685,3.4417953,0.82124025,1.002683
Y2_K8_sq_r32_c44.tif,Y,Y2,Y2_K8_sq,32,44,0,0,8,127,1,1,1,0.33004072,3.265937,0.5299098,1.0688107
Y2_K8_sq_r32_c45.tif,Y,Y2,Y2_K8_sq,32,45,1,0,5,136,1,2,2,0.9419912,3.1071763,0.32621488,1.0886326
Y2_K8_sq_r32_c46.tif,Y,Y2,Y2_K8_sq,32,46,3,0,8,115,1,0,0,2.4727268,3.4955733,0.5671691,1.0362945
Y2_K8_sq_r32_c5.tif,Y,Y2,Y2_K8_sq,32,5,5,0,6,145,0,0,0,3.14792,2.831857,0.3513661,1.0575894
Y2_K8_sq_r32_c6.tif,Y,Y2,Y2_K8_sq,32,6,5,0,14,171,0,0,0,2.5904758,2.3303823,0.6450158,1.0258269
Y2_K8_sq_r33_c12.tif,Y,Y2,Y2_K8_sq,33,12,1,0,40,113,1,2,2,0.8695304,2.8681629,2.2173488,0.8355692
Y2_K8_sq_r33_c13.tif,Y,Y2,Y2_K8_sq,33,13,0,0,35,133,1,2,2,0.265974,2.631961,1.7835406,0.9018691
Y2_K8_sq_r33_c14.tif,Y,Y2,Y2_K8_sq,33,14,3,0,33,155,2,2,2,1.6399432,2.3183076,1.4824876,0.92530364
Y2_K8_sq_r33_c15.tif,Y,Y2,Y2_K8_sq,33,15,1,0,15,169,2,2,2,0.7253836,2.392692,0.70793545,1.0409726
Y2_K8_sq_r33_c16.tif,Y,Y2,Y2_K8_sq,33,16,2,0,7,151,2,0,0,1.3955425,2.7619345,0.39541197,1.0740112
Y2_K8_sq_r33_c17.tif,Y,Y2,Y2_K8_sq,33,17,1,0,9,152,1,2,2,0.82711416,2.7282524,0.4947472,1.0679162
Y2_K8_sq_r33_c18.tif,Y,Y2,Y2_K8_sq,33,18,3,1,15,145,2,1,1,1.906681,8.086145,0.7974935,1.0066212
Y2_K8_sq_r33_c19.tif,Y,Y2,Y2_K8_sq,33,19,1,0,6,133,0,2,2,0.95525867,3.1509392,0.3909566,1.0797025
Y2_K8_sq_r33_c20.tif,Y,Y2,Y2_K8_sq,33,20,2,0,16,128,0,2,2,1.5275532,3.0231986,0.9521948,0.9971318
Y2_K8_sq_r33_c25.tif,Y,Y2,Y2_K8_sq,33,25,5,2,15,127,1,1,1,3.29385,14.815675,0.8767147,0.96971565
Y2_K8_sq_r33_c26.tif,Y,Y2,Y2_K8_sq,33,26,2,1,30,125,0,1,1,1.4129868,8.389377,1.6281087,0.9008136
Y2_K8_sq_r33_c27.tif,Y,Y2,Y2_K8_sq,33,27,1,0,32,132,1,2,2,0.8122559,2.679242,1.6621509,0.91119343
Y2_K8_sq_r33_c28.tif,Y,Y2,Y2_K8_sq,33,28,5,0,32,150,0,0,0,2.6315944,2.3673723,1.468673,0.9145046
Y2_K8_sq_r33_c29.tif,Y,Y2,Y2_K8_sq,33,29,5,0,18,112,1,0,0,3.6304479,3.265937,1.1533331,0.94306827
Y2_K8_sq_r33_c30.tif,Y,Y2,Y2_K8_sq,33,30,5,0,12,135,1,0,0,3.2296844,2.9054117,0.69325477,1.0104847
Y2_K8_sq_r33_c31.tif,Y,Y2,Y2_K8_sq,33,31,2,0,4,118,1,0,0,1.794269,3.551059,0.3050321,1.0800875
Y2_K8_sq_r33_c32.tif,Y,Y2,Y2_K8_sq,33,32,1,0,5,125,1,2,2,1.0199002,3.364161,0.35319504,1.0836855
Y2_K8_sq_r33_c33.tif,Y,Y2,Y2_K8_sq,33,33,0,0,5,123,1,1,1,0.34781215,3.4417953,0.3613457,1.0910252
Y2_K8_sq_r33_c34.tif,Y,Y2,Y2_K8_sq,33,34,1,0,8,89,2,2,2,1.3564672,4.474334,0.7259764,1.0278605
Y2_K8_sq_r33_c35.tif,Y,Y2,Y2_K8_sq,33,35,2,0,13,122,2,0,0,1.6264597,3.2189453,0.82951176,1.0121211
Y2_K8_sq_r33_c36.tif,Y,Y2,Y2_K8_sq,33,36,1,0,22,130,1,2,2,0.8751402,2.886667,1.2398078,0.96691877
Y2_K8_sq_r33_c37.tif,Y,Y2,Y2_K8_sq,33,37,0,0,26,126,1,2,2,0.29360765,2.9054117,1.4697001,0.94336766
Y2_K8_sq_r33_c42.tif,Y,Y2,Y2_K8_sq,33,42,1,0,16,113,0,2,2,1.0276268,3.389647,1.0676123,0.98749095
Y2_K8_sq_r33_c43.tif,Y,Y2,Y2_K8_sq,33,43,0,0,10,113,2,1,1,0.36172464,3.5794673,0.7174355,1.0427904
Y2_K8_sq_r33_c44.tif,Y,Y2,Y2_K8_sq,33,44,1,0,22,113,2,2,2,0.98294735,3.242271,1.3925378,0.94455653
Y2_K8_sq_r33_c45.tif,Y,Y2,Y2_K8_sq,33,45,1,0,7,143,2,2,2,0.88658,2.9244013,0.41867152,1.0771387
Y2_K8_sq_r33_c46.tif,Y,Y2,Y2_K8_sq,33,46,2,0,2,108,0,0,0,1.9831394,3.9248543,0.18730041,1.09304
Y2_K8_sq_r33_c47.tif,Y,Y2,Y2_K8_sq,33,47,1,0,7,92,1,2,2,1.32987,4.386602,0.6280073,1.0414844
Y2_K8_sq_r33_c5.tif,Y,Y2,Y2_K8_sq,33,5,1,0,2,108,0,1,1,1.2004136,3.9595876,0.18895793,1.102713
Y2_K8_sq_r33_c6.tif,Y,Y2,Y2_K8_sq,33,6,2,0,10,180,0,0,0,1.16535,2.3063576,0.46226513,1.0685298
Y2_K8_sq_r33_c7.tif,Y,Y2,Y2_K8_sq,33,7,2,0,15,148,0,2,2,1.3537598,2.679242,0.7927181,1.0212244
Y2_K8_sq_r34_c12.tif,Y,Y2,Y2_K8_sq,34,12,1,0,37,134,1,2,2,0.7795789,2.5714562,1.8407109,0.8877368
Y2_K8_sq_r34_c13.tif,Y,Y2,Y2_K8_sq,34,13,3,0,27,133,2,0,0,1.9182366,2.7117174,1.4234831,0.9291985
Y2_K8_sq_r34_c14.tif,Y,Y2,Y2_K8_sq,34,14,1,0,10,165,2,2,2,0.7620603,2.5136707,0.5038171,1.0677981
Y2_K8_sq_r34_c15.tif,Y,Y2,Y2_K8_sq,34,15,2,0,13,153,2,0,0,1.32987,2.631961,0.67824787,1.0369806
Y2_K8_sq_r34_c16.tif,Y,Y2,Y2_K8_sq,34,16,2,0,8,145,2,0,0,1.4399866,2.8498943,0.46240535,1.0643257
Y2_K8_sq_r34_c17.tif,Y,Y2,Y2_K8_sq,34,17,0,0,6,137,2,1,1,0.31183156,3.0857475,0.38286787,1.0890452
Y2_K8_sq_r34_c18.tif,Y,Y2,Y2_K8_sq,34,18,2,0,7,139,2,0,0,1.5071859,2.9828894,0.42704493,1.0680562
Y2_K8_sq_r34_c19.tif,Y,Y2,Y2_K8_sq,34,19,1,0,12,130,1,2,2,0.9354947,3.0857475,0.7362844,1.0336028
Y2_K8_sq_r34_c25.tif,Y,Y2,Y2_K8_sq,34,25,2,0,17,131,1,2,2,1.4873545,2.9436407,0.98332715,0.9935582
Y2_K8_sq_r34_c26.tif,Y,Y2,Y2_K8_sq,34,26,3,0,28,135,1,0,0,1.8839824,2.663294,1.4489024,0.9262777
Y2_K8_sq_r34_c27.tif,Y,Y2,Y2_K8_sq,34,27,1,0,33,154,2,2,2,0.71393013,2.3549128,1.5058953,0.93386924
Y2_K8_sq_r34_c28.tif,Y,Y2,Y2_K8_sq,34,28,1,0,55,132,1,2,2,0.71393013,2.3549128,2.4948413,0.8008911
Y2_K8_sq_r34_c29.tif,Y,Y2,Y2_K8_sq,34,29,4,0,17,123,2,0,0,2.7872615,3.0646124,1.0237378,0.9714608
Y2_K8_sq_r34_c30.tif,Y,Y2,Y2_K8_sq,34,30,1,0,17,133,1,2,2,0.88658,2.9244013,0.97690016,1.0020767
Y2_K8_sq_r34_c31.tif,Y,Y2,Y2_K8_sq,34,31,2,0,9,120,1,0,0,1.6998336,3.364161,0.6100642,1.0405108
Y2_K8_sq_r34_c32.tif,Y,Y2,Y2_K8_sq,34,32,3,0,9,126,1,0,0,2.260779,3.195953,0.579561,1.0377045
Y2_K8_sq_r34_c33.tif,Y,Y2,Y2_K8_sq,34,33,0,0,16,145,1,2,2,0.27739617,2.74499,0.8645695,1.025148
Y2_K8_sq_r34_c34.tif,Y,Y2,Y2_K8_sq,34,34,0,0,19,128,2,2,2,0.30346024,3.0029087,1.1177686,0.99043965
Y2_K8_sq_r34_c35.tif,Y,Y2,Y2_K8_sq,34,35,2,0,8,127,1,0,0,1.6264597,3.2189453,0.52228516,1.0534321
Y2_K8_sq_r34_c36.tif,Y,Y2,Y2_K8_sq,34,36,2,0,9,122,1,0,0,1.674651,3.3143213,0.6010262,1.0421098
Y2_K8_sq_r34_c37.tif,Y,Y2,Y2_K8_sq,34,37,1,0,22,119,0,2,2,0.9419912,3.1071763,1.3345155,0.953052
Y2_K8_sq_r34_c38.tif,Y,Y2,Y2_K8_sq,34,38,3,0,8,126,1,0,0,2.2770433,3.2189453,0.52228516,1.04517
Y2_K8_sq_r34_c42.tif,Y,Y2,Y2_K8_sq,34,42,2,0,16,126,1,2,2,1.5484787,3.0646124,0.9652386,0.995059
Y2_K8_sq_r34_c43.tif,Y,Y2,Y2_K8_sq,34,43,0,2,4,53,2,1,1,0.74123895,36.67487,0.6300663,1.0072451
Y2_K8_sq_r34_c44.tif,Y,Y2,Y2_K8_sq,34,44,4,0,20,108,2,0,0,3.0368674,3.339055,1.30663,0.92989975
Y2_K8_sq_r34_c45.tif,Y,Y2,Y2_K8_sq,34,45,1,0,11,162,2,2,2,0.77072006,2.5422354,0.55807006,1.0603564
Y2_K8_sq_r34_c46.tif,Y,Y2,Y2_K8_sq,34,46,0,0,6,147,1,1,1,0.2917134,2.886667,0.35816672,1.0928775
Y2_K8_sq_r34_c47.tif,Y,Y2,Y2_K8_sq,34,47,2,0,6,89,0,0,0,2.2836149,4.5195293,0.56076604,1.038243
Y2_K8_sq_r34_c5.tif,Y,Y2,Y2_K8_sq,34,5,4,0,1,71,0,0,0,5.217182,5.7363257,0.16424805,1.0527437
Y2_K8_sq_r34_c6.tif,Y,Y2,Y2_K8_sq,34,6,1,0,10,159,0,2,2,0.78864384,2.601357,0.52139205,1.0649848
Y2_K8_sq_r34_c7.tif,Y,Y2,Y2_K8_sq,34,7,3,1,32,137,1,1,1,1.8086231,7.6702867,1.586167,0.9023517
Y2_K8_sq_r35_c12.tif,Y,Y2,Y2_K8_sq,35,12,1,1,50,124,2,1,1,0.7620603,7.5410123,2.42312,0.80326813
Y2_K8_sq_r35_c13.tif,Y,Y2,Y2_K8_sq,35,13,1,0,31,143,1,2,2,0.7663657,2.5278723,1.5199904,0.931086
Y2_K8_sq_r35_c14.tif,Y,Y2,Y2_K8_sq,35,14,0,0,5,137,2,1,1,0.31399706,3.1071763,0.32621488,1.0966079
Y2_K8_sq_r35_c15.tif,Y,Y2,Y2_K8_sq,35,15,3,0,17,148,2,0,0,1.861818,2.631961,0.8792102,1.0032028
Y2_K8_sq_r35_c16.tif,Y,Y2,Y2_K8_sq,35,16,1,1,26,155,2,1,1,0.7332256,7.2556767,1.223426,0.9653167
Y2_K8_sq_r35_c17.tif,Y,Y2,Y2_K8_sq,35,17,1,0,8,157,2,2,2,0.8074211,2.663294,0.43212882,1.0766696
Y2_K8_sq_r35_c18.tif,Y,Y2,Y2_K8_sq,35,18,2,0,4,157,1,0,0,1.370169,2.7117174,0.2329336,1.0962454
Y2_K8_sq_r35_c19.tif,Y,Y2,Y2_K8_sq,35,19,1,0,11,170,1,2,2,0.7372105,2.4317033,0.53380615,1.0641865
Y2_K8_sq_r35_c25.tif,Y,Y2,Y2_K8_sq,35,25,2,0,23,136,1,2,2,1.3869809,2.74499,1.2313565,0.9617368
Y2_K8_sq_r35_c28.tif,Y,Y2,Y2_K8_sq,35,28,2,2,51,118,1,1,1,1.2918737,12.783812,2.5134645,0.77766305
Y2_K8_sq_r35_c29.tif,Y,Y2,Y2_K8_sq,35,29,3,2,28,123,1,1,1,2.0032218,14.159285,1.5406052,0.897679
Y2_K8_sq_r35_c30.tif,Y,Y2,Y2_K8_sq,35,30,2,0,25,115,1,2,2,1.5699854,3.1071763,1.5124508,0.9211506
Y2_K8_sq_r35_c31.tif,Y,Y2,Y2_K8_sq,35,31,1,0,15,133,1,2,2,0.89832276,2.963135,0.8767147,1.0153494
Y2_K8_sq_r35_c35.tif,Y,Y2,Y2_K8_sq,35,35,0,0,7,139,0,1,1,0.30551067,3.0231986,0.43281582,1.0824895
Y2_K8_sq_r35_c36.tif,Y,Y2,Y2_K8_sq,35,36,1,0,18,119,0,2,2,0.96890527,3.195953,1.1286187,0.980282
Y2_K8_sq_r35_c37.tif,Y,Y2,Y2_K8_sq,35,37,0,0,10,86,0,1,1,0.46138343,4.5656466,0.9150963,1.0136808
Y2_K8_sq_r35_c38.tif,Y,Y2,Y2_K8_sq,35,38,0,1,13,139,1,1,1,0.2917134,8.660001,0.7438847,1.0336028
Y2_K8_sq_r35_c39.tif,Y,Y2,Y2_K8_sq,35,39,1,1,13,133,1,1,1,0.90431154,8.948668,0.76868093,1.0221183
Y2_K8_sq_r35_c40.tif,Y,Y2,Y2_K8_sq,35,40,1,0,16,110,1,2,2,1.051525,3.4684758,1.0924405,0.9837477
Y2_K8_sq_r35_c41.tif,Y,Y2,Y2_K8_sq,35,41,1,0,16,112,0,2,2,1.0354713,3.415522,1.075762,0.98626226
Y2_K8_sq_r35_c42.tif,Y,Y2,Y2_K8_sq,35,42,0,0,34,106,1,2,2,0.31841955,3.1509392,2.0750775,0.8613357
Y2_K8_sq_r35_c43.tif,Y,Y2,Y2_K8_sq,35,43,1,0,18,85,1,2,2,1.2796862,4.22107,1.4906285,0.9263422
Y2_K8_sq_r35_c44.tif,Y,Y2,Y2_K8_sq,35,44,3,0,39,96,2,2,2,2.260779,3.195953,2.4097536,0.7916085
Y2_K8_sq_r35_c45.tif,Y,Y2,Y2_K8_sq,35,45,2,0,25,119,2,2,2,1.5275532,3.0231986,1.4715737,0.9272938
Y2_K8_sq_r35_c46.tif,Y,Y2,Y2_K8_sq,35,46,1,0,36,131,2,2,2,0.797922,2.631961,1.8337812,0.888358
Y2_K8_sq_r35_c47.tif,Y,Y2,Y2_K8_sq,35,47,0,0,9,134,1,1,1,0.31183156,3.0857475,0.5595761,1.0652841
Y2_K8_sq_r35_c6.tif,Y,Y2,Y2_K8_sq,35,6,2,0,9,87,0,0,0,2.260779,4.474334,0.81138533,1.0048916
Y2_K8_sq_r36_c13.tif,Y,Y2,Y2_K8_sq,36,13,1,0,12,121,1,2,2,0.9974025,3.2899516,0.785009,1.0260029
Y2_K8_sq_r36_c15.tif,Y,Y2,Y2_K8_sq,36,15,3,0,16,122,2,0,0,2.2133498,3.1289048,0.9854883,0.98381
Y2_K8_sq_r36_c16.tif,Y,Y2,Y2_K8_sq,36,16,3,0,18,155,2,0,0,1.7781408,2.5136707,0.88767767,1.0032786
Y2_K8_sq_r36_c17.tif,Y,Y2,Y2_K8_sq,36,17,0,0,8,162,2,2,2,0.26288125,2.601357,0.4220793,1.0850159
Y2_K8_sq_r36_c18.tif,Y,Y2,Y2_K8_sq,36,18,2,0,6,171,2,0,0,1.2490491,2.4720078,0.30671734,1.0881699
Y2_K8_sq_r36_c19.tif,Y,Y2,Y2_K8_sq,36,19,2,0,4,169,1,0,0,1.2772762,2.5278723,0.21714148,1.0997845
Y2_K8_sq_r36_c20.tif,Y,Y2,Y2_K8_sq,36,20,1,0,18,142,1,2,2,0.83218855,2.74499,0.9693658,1.0040109
Y2_K8_sq_r36_c30.tif,Y,Y2,Y2_K8_sq,36,30,2,0,41,121,1,2,2,1.361915,2.6953819,2.1352246,0.8405806
Y2_K8_sq_r36_c31.tif,Y,Y2,Y2_K8_sq,36,31,1,0,19,130,0,2,2,0.89241266,2.9436407,1.0957074,0.9860027
Y2_K8_sq_r36_c36.tif,Y,Y2,Y2_K8_sq,36,36,0,0,17,143,0,2,2,0.2791085,2.7619345,0.922628,1.0172976
Y2_K8_sq_r36_c37.tif,Y,Y2,Y2_K8_sq,36,37,0,0,29,139,0,2,2,0.265974,2.631961,1.4820971,0.9424026
Y2_K8_sq_r36_c38.tif,Y,Y2,Y2_K8_sq,36,38,1,0,17,127,1,2,2,0.92276686,3.0437646,1.0167737,0.9961025
Y2_K8_sq_r36_c39.tif,Y,Y2,Y2_K8_sq,36,39,0,0,16,105,1,2,2,0.3676063,3.6376698,1.1457304,0.9850506
Y2_K8_sq_r36_c41.tif,Y,Y2,Y2_K8_sq,36,41,1,0,45,109,1,2,2,0.8639919,2.8498943,2.4752288,0.80098736
Y2_K8_sq_r36_c42.tif,Y,Y2,Y2_K8_sq,36,42,3,1,32,124,0,1,1,1.9537596,8.285804,1.7134519,0.8826032
Y2_K8_sq_r36_c43.tif,Y,Y2,Y2_K8_sq,36,43,2,0,24,82,1,2,2,2.0552535,4.0675764,1.902291,0.8613357
Y2_K8_sq_r36_c46.tif,Y,Y2,Y2_K8_sq,36,46,0,0,32,93,2,2,2,0.35602817,3.5230975,2.185663,0.84551066
Y2_K8_sq_r36_c47.tif,Y,Y2,Y2_K8_sq,36,47,0,0,12,160,1,2,2,0.25985965,2.5714562,0.6135703,1.0593438
Y2_K8_sq_r36_c6.tif,Y,Y2,Y2_K8_sq,36,6,5,0,16,141,0,0,0,3.0327523,2.7282524,0.85929775,0.9908862
Y2_K8_sq_r37_c14.tif,Y,Y2,Y2_K8_sq,37,14,3,0,22,130,1,0,0,2.0159812,2.8498943,1.224014,0.95460135
Y2_K8_sq_r37_c15.tif,Y,Y2,Y2_K8_sq,37,15,2,0,12,160,2,0,0,1.2845335,2.5422354,0.6065979,1.047306
Y2_K8_sq_r37_c16.tif,Y,Y2,Y2_K8_sq,37,16,2,0,13,134,2,0,0,1.4972045,2.963135,0.7635903,1.022955
Y2_K8_sq_r37_c17.tif,Y,Y2,Y2_K8_sq,37,17,1,0,11,159,2,2,2,0.78408515,2.5863202,0.5677476,1.0588288
Y2_K8_sq_r37_c18.tif,Y,Y2,Y2_K8_sq,37,18,2,0,14,154,1,2,2,1.3144064,2.601357,0.7200177,1.0315998
Y2_K8_sq_r37_c19.tif,Y,Y2,Y2_K8_sq,37,19,2,0,12,143,1,0,0,1.4218736,2.8140464,0.6714543,1.036492
Y2_K8_sq_r37_c20.tif,Y,Y2,Y2_K8_sq,37,20,1,0,7,152,1,2,2,0.8373255,2.7619345,0.39541197,1.0811003
Y2_K8_sq_r37_c30.tif,Y,Y2,Y2_K8_sq,37,30,0,0,32,124,2,2,2,0.28617454,2.831857,1.7568303,0.9049476
Y2_K8_sq_r37_c31.tif,Y,Y2,Y2_K8_sq,37,31,0,1,38,129,1,1,1,0.265974,7.895884,1.9342624,0.8748468
Y2_K8_sq_r37_c32.tif,Y,Y2,Y2_K8_sq,37,32,1,0,30,107,0,2,2,0.96890527,3.195953,1.8606957,0.8818437
Y2_K8_sq_r37_c36.tif,Y,Y2,Y2_K8_sq,37,36,0,0,21,116,0,2,2,0.32529193,3.2189453,1.3210742,0.96254784
Y2_K8_sq_r37_c42.tif,Y,Y2,Y2_K8_sq,37,42,0,0,13,44,1,1,1,0.7663657,7.5836167,1.9542735,0.866202
Y2_K8_sq_r37_c47.tif,Y,Y2,Y2_K8_sq,37,47,0,0,7,109,1,1,1,0.38318285,3.7918084,0.5428537,1.0657204
Y2_K8_sq_r37_c48.tif,Y,Y2,Y2_K8_sq,37,48,1,0,6,69,1,1,1,1.7390608,5.7363257,0.71174157,1.0232962
Y2_K8_sq_r37_c6.tif,Y,Y2,Y2_K8_sq,37,6,3,0,5,60,1,0,0,4.521558,6.391906,0.67107064,0.99258685
Y2_K8_sq_r37_c7.tif,Y,Y2,Y2_K8_sq,37,7,1,0,29,122,0,2,2,0.8808229,2.9054117,1.6360812,0.91353786
Y2_K8_sq_r38_c15.tif,Y,Y2,Y2_K8_sq,38,15,1,0,17,142,2,2,2,0.8373255,2.7619345,0.922628,1.0102085
Y2_K8_sq_r38_c16.tif,Y,Y2,Y2_K8_sq,38,16,2,0,29,141,2,2,2,1.2992982,2.5714562,1.448026,0.93393874
Y2_K8_sq_r38_c17.tif,Y,Y2,Y2_K8_sq,38,17,2,0,7,179,2,0,0,1.1898836,2.3549128,0.3371407,1.0849807
Y2_K8_sq_r38_c18.tif,Y,Y2,Y2_K8_sq,38,18,1,0,13,140,2,2,2,0.8695304,2.8681629,0.73911625,1.034339
Y2_K8_sq_r38_c19.tif,Y,Y2,Y2_K8_sq,38,19,1,0,8,156,1,2,2,0.8122559,2.679242,0.43471637,1.0762398
Y2_K8_sq_r38_c20.tif,Y,Y2,Y2_K8_sq,38,20,1,0,11,148,1,2,2,0.8373255,2.7619345,0.6062984,1.0527437
Y2_K8_sq_r38_c21.tif,Y,Y2,Y2_K8_sq,38,21,0,1,15,135,2,1,1,0.29552665,8.773204,0.86525446,1.0170891
Y2_K8_sq_r38_c23.tif,Y,Y2,Y2_K8_sq,38,23,1,0,12,138,0,2,2,0.88658,2.9244013,0.69778585,1.0396078
Y2_K8_sq_r38_c24.tif,Y,Y2,Y2_K8_sq,38,24,2,0,9,138,0,0,0,1.4972045,2.963135,0.5373413,1.0533774
Y2_K8_sq_r38_c25.tif,Y,Y2,Y2_K8_sq,38,25,2,0,19,142,1,2,2,1.370169,2.7117174,1.0093789,0.99184114
Y2_K8_sq_r38_c30.tif,Y,Y2,Y2_K8_sq,38,30,1,0,19,136,1,2,2,0.8585236,2.831857,1.0540982,0.99217147
Y2_K8_sq_r38_c31.tif,Y,Y2,Y2_K8_sq,38,31,1,0,32,141,2,2,2,0.77072006,2.5422354,1.5771546,0.9233257
Y2_K8_sq_r38_c32.tif,Y,Y2,Y2_K8_sq,38,32,2,0,31,122,0,2,2,1.4399866,2.8498943,1.7136197,0.89608175
Y2_K8_sq_r38_c33.tif,Y,Y2,Y2_K8_sq,38,33,2,0,12,152,0,0,0,1.3457017,2.663294,0.6354835,1.0424896
Y2_K8_sq_r38_c34.tif,Y,Y2,Y2_K8_sq,38,34,1,0,5,122,1,2,2,1.0434364,3.4417953,0.3613457,1.082191
Y2_K8_sq_r38_c35.tif,Y,Y2,Y2_K8_sq,38,35,2,0,5,140,0,0,0,1.5173012,3.0029087,0.31526807,1.0829321
Y2_K8_sq_r38_c36.tif,Y,Y2,Y2_K8_sq,38,36,2,0,20,143,0,2,2,1.3537598,2.679242,1.0484337,0.98683965
Y2_K8_sq_r38_c42.tif,Y,Y2,Y2_K8_sq,38,42,0,1,27,115,1,1,1,0.31183156,9.257242,1.6198256,0.9147979
Y2_K8_sq_r38_c47.tif,Y,Y2,Y2_K8_sq,38,47,3,0,22,124,0,0,0,2.0960865,2.963135,1.2726505,0.9468988
Y2_K8_sq_r38_c48.tif,Y,Y2,Y2_K8_sq,38,48,1,0,8,90,1,2,2,1.343037,4.4300337,0.7187885,1.0290545
Y2_K8_sq_r38_c7.tif,Y,Y2,Y2_K8_sq,38,7,6,0,12,133,0,0,0,3.8418465,2.9244013,0.69778585,1.0020767
Y2_K8_sq_r38_c8.tif,Y,Y2,Y2_K8_sq,38,8,2,0,21,181,1,2,2,1.0974654,2.1720068,0.89140445,1.0118604
Y2_K8_sq_r38_c9.tif,Y,Y2,Y2_K8_sq,38,9,1,0,10,169,1,2,2,0.74531174,2.4584253,0.49274415,1.0695707
Y2_K8_sq_r39_c10.tif,Y,Y2,Y2_K8_sq,39,10,0,0,11,108,1,1,1,0.37368244,3.6977966,0.81173825,1.0298064
Y2_K8_sq_r39_c15.tif,Y,Y2,Y2_K8_sq,39,15,1,0,19,174,1,2,2,0.6920752,2.2828233,0.8497322,1.0224699
Y2_K8_sq_r39_c16.tif,Y,Y2,Y2_K8_sq,39,16,2,0,25,151,2,2,2,1.2559882,2.4857411,1.2099606,0.96661
Y2_K8_sq_r39_c17.tif,Y,Y2,Y2_K8_sq,39,17,1,0,24,183,2,2,2,0.64593685,2.1306353,0.9964382,1.0035244
Y2_K8_sq_r39_c18.tif,Y,Y2,Y2_K8_sq,39,18,0,0,13,156,2,2,2,0.26441857,2.6165695,0.6742814,1.0510646
Y2_K8_sq_r39_c19.tif,Y,Y2,Y2_K8_sq,39,19,1,0,9,164,2,2,2,0.77072006,2.5422354,0.46101442,1.0734069
Y2_K8_sq_r39_c20.tif,Y,Y2,Y2_K8_sq,39,20,2,0,4,149,1,0,0,1.4399866,2.8498943,0.24480283,1.0935855
Y2_K8_sq_r39_c21.tif,Y,Y2,Y2_K8_sq,39,21,2,0,6,152,1,0,0,1.3955425,2.7619345,0.34269038,1.0811003
Y2_K8_sq_r39_c22.tif,Y,Y2,Y2_K8_sq,39,22,3,0,10,137,0,0,0,2.0822964,2.9436407,0.5899963,1.0388918
Y2_K8_sq_r39_c23.tif,Y,Y2,Y2_K8_sq,39,23,5,0,8,135,1,0,0,3.3158088,2.9828894,0.48398426,1.037431
Y2_K8_sq_r39_c24.tif,Y,Y2,Y2_K8_sq,39,24,4,0,10,157,0,0,0,2.3522553,2.5863202,0.51837826,1.045552
Y2_K8_sq_r39_c25.tif,Y,Y2,Y2_K8_sq,39,25,1,0,15,143,1,2,2,0.8425263,2.7790895,0.82226044,1.0236163
Y2_K8_sq_r39_c29.tif,Y,Y2,Y2_K8_sq,39,29,1,0,10,76,1,2,2,1.5241206,5.0273414,1.0076342,0.98714876
Y2_K8_sq_r39_c30.tif,Y,Y2,Y2_K8_sq,39,30,1,0,23,143,1,2,2,0.8026434,2.6475348,1.1876397,0.97516114
Y2_K8_sq_r39_c31.tif,Y,Y2,Y2_K8_sq,39,31,0,0,28,137,1,2,2,0.27075198,2.679242,1.4575784,0.9455781
Y2_K8_sq_r39_c32.tif,Y,Y2,Y2_K8_sq,39,32,1,0,16,144,0,2,2,0.83218855,2.74499,0.8645695,1.0181023
Y2_K8_sq_r39_c33.tif,Y,Y2,Y2_K8_sq,39,33,0,0,12,148,0,2,2,0.2791085,2.7619345,0.65901995,1.0527437
Y2_K8_sq_r39_c34.tif,Y,Y2,Y2_K8_sq,39,34,0,0,10,122,0,1,1,0.33742967,3.339055,0.66924953,1.0498868
Y2_K8_sq_r39_c35.tif,Y,Y2,Y2_K8_sq,39,35,0,0,3,121,0,1,1,0.35885382,3.551059,0.23724718,1.1074317
Y2_K8_sq_r39_c36.tif,Y,Y2,Y2_K8_sq,39,36,0,1,21,72,0,1,1,0.4709956,13.982293,1.9128054,0.86731714
Y2_K8_sq_r39_c47.tif,Y,Y2,Y2_K8_sq,39,47,0,0,11,94,2,1,1,0.42257547,4.1816206,0.91794705,1.0142832
Y2_K8_sq_r39_c48.tif,Y,Y2,Y2_K8_sq,39,48,0,0,4,132,0,1,1,0.32764912,3.242271,0.27850756,1.1026762
Y2_K8_sq_r39_c7.tif,Y,Y2,Y2_K8_sq,39,7,2,0,17,75,0,2,2,2.3549778,4.6607647,1.5569347,0.90320617
Y2_K8_sq_r39_c8.tif,Y,Y2,Y2_K8_sq,39,8,4,0,26,161,0,0,0,2.1084986,2.3183076,1.1727141,0.9610067
Y2_K8_sq_r39_c9.tif,Y,Y2,Y2_K8_sq,39,9,0,0,16,160,0,2,2,0.2540201,2.5136707,0.7917125,1.0355384
Y2_K8_sq_r3_c23.tif,Y,Y2,Y2_K8_sq,3,23,4,0,5,93,0,0,0,3.9128866,4.302244,0.45168215,1.0324985
Y2_K8_sq_r3_c24.tif,Y,Y2,Y2_K8_sq,3,24,1,0,5,136,1,2,2,0.9419912,3.1071763,0.32621488,1.0886326
Y2_K8_sq_r3_c25.tif,Y,Y2,Y2_K8_sq,3,25,2,0,12,146,1,0,0,1.3955425,2.7619345,0.65901995,1.0385653
Y2_K8_sq_r3_c26.tif,Y,Y2,Y2_K8_sq,3,26,2,0,15,134,1,2,2,1.4776334,2.9244013,0.86525446,1.009583
Y2_K8_sq_r3_c27.tif,Y,Y2,Y2_K8_sq,3,27,1,0,27,156,2,2,2,0.7292835,2.405556,1.2627672,0.9663013
Y2_K8_sq_r3_c28.tif,Y,Y2,Y2_K8_sq,3,28,1,0,22,151,1,2,2,0.77072006,2.5422354,1.0918763,0.98857844
Y2_K8_sq_r3_c29.tif,Y,Y2,Y2_K8_sq,3,29,2,0,22,143,2,2,2,1.337739,2.6475348,1.1371019,0.97516114
Y2_K8_sq_r3_c30.tif,Y,Y2,Y2_K8_sq,3,30,2,0,17,164,1,2,2,1.2220427,2.4185588,0.8079229,1.0211872
Y2_K8_sq_r3_c31.tif,Y,Y2,Y2_K8_sq,3,31,2,0,11,147,2,0,0,1.3955425,2.7619345,0.6062984,1.0456544
Y2_K8_sq_r3_c32.tif,Y,Y2,Y2_K8_sq,3,32,3,0,11,162,2,0,0,1.7781408,2.5136707,0.55179965,1.0484424
Y2_K8_sq_r3_c33.tif,Y,Y2,Y2_K8_sq,3,33,0,0,7,159,0,2,2,0.26914033,2.663294,0.38129014,1.0903416
Y2_K8_sq_r40_c10.tif,Y,Y2,Y2_K8_sq,40,10,0,0,24,116,1,2,2,0.31841955,3.1509392,1.4736058,0.9422123
Y2_K8_sq_r40_c15.tif,Y,Y2,Y2_K8_sq,40,15,3,0,25,136,1,0,0,1.906681,2.6953819,1.3120055,0.944356
Y2_K8_sq_r40_c16.tif,Y,Y2,Y2_K8_sq,40,16,4,0,19,146,2,0,0,2.3797672,2.6165695,0.9739621,0.98390394
Y2_K8_sq_r40_c17.tif,Y,Y2,Y2_K8_sq,40,17,0,0,23,172,2,2,2,0.2295207,2.2712355,1.0188382,1.0056204
Y2_K8_sq_r40_c18.tif,Y,Y2,Y2_K8_sq,40,18,2,0,16,178,2,2,2,1.1418074,2.2597647,0.71174157,1.0353428
Y2_K8_sq_r40_c19.tif,Y,Y2,Y2_K8_sq,40,19,0,0,16,150,1,2,2,0.26914033,2.663294,0.8388382,1.0288177
Y2_K8_sq_r40_c20.tif,Y,Y2,Y2_K8_sq,40,20,0,0,13,135,1,2,2,0.3014372,2.9828894,0.76868093,1.037431
Y2_K8_sq_r40_c21.tif,Y,Y2,Y2_K8_sq,40,21,1,0,14,140,1,2,2,0.8639919,2.8498943,0.7888091,1.0277508
Y2_K8_sq_r40_c22.tif,Y,Y2,Y2_K8_sq,40,22,1,0,12,162,1,2,2,0.7663657,2.5278723,0.6031708,1.0543658
Y2_K8_sq_r40_c23.tif,Y,Y2,Y2_K8_sq,40,23,0,1,16,148,1,1,1,0.27075198,8.037726,0.8438612,1.0212244
Y2_K8_sq_r40_c24.tif,Y,Y2,Y2_K8_sq,40,24,1,0,15,112,0,2,2,1.0434364,3.4417953,1.018338,0.9938489
Y2_K8_sq_r40_c25.tif,Y,Y2,Y2_K8_sq,40,25,1,0,14,146,1,2,2,0.83218855,2.74499,0.7597732,1.0321937
Y2_K8_sq_r40_c26.tif,Y,Y2,Y2_K8_sq,40,26,4,1,13,161,0,1,1,2.2482884,7.4160233,0.6370284,1.0247198
Y2_K8_sq_r40_c27.tif,Y,Y2,Y2_K8_sq,40,27,0,0,38,133,0,2,2,0.26136172,2.5863202,1.9007202,0.8862298
Y2_K8_sq_r40_c28.tif,Y,Y2,Y2_K8_sq,40,28,2,0,19,78,0,2,2,2.238395,4.4300337,1.6489854,0.8926053
Y2_K8_sq_r40_c29.tif,Y,Y2,Y2_K8_sq,40,29,3,0,15,103,2,0,0,2.5732443,3.6376698,1.076292,0.9663766
Y2_K8_sq_r40_c30.tif,Y,Y2,Y2_K8_sq,40,30,0,0,10,131,2,1,1,0.31619284,3.1289048,0.62712896,1.0560899
Y2_K8_sq_r40_c31.tif,Y,Y2,Y2_K8_sq,40,31,3,0,25,128,2,0,0,2.0032218,2.831857,1.3784362,0.93402225
Y2_K8_sq_r40_c32.tif,Y,Y2,Y2_K8_sq,40,32,2,0,17,141,1,2,2,1.3955425,2.7619345,0.922628,1.0031193
Y2_K8_sq_r40_c33.tif,Y,Y2,Y2_K8_sq,40,33,1,0,17,132,0,2,2,0.89241266,2.9436407,0.98332715,1.0011139
Y2_K8_sq_r40_c34.tif,Y,Y2,Y2_K8_sq,40,34,1,0,5,136,0,2,2,0.9419912,3.1071763,0.32621488,1.0886326
Y2_K8_sq_r40_c35.tif,Y,Y2,Y2_K8_sq,40,35,0,0,5,122,1,1,1,0.35050836,3.4684758,0.36414686,1.09058
Y2_K8_sq_r40_c47.tif,Y,Y2,Y2_K8_sq,40,47,1,0,9,147,1,2,2,0.85312414,2.8140464,0.5103052,1.0653838
Y2_K8_sq_r40_c8.tif,Y,Y2,Y2_K8_sq,40,8,1,0,20,63,0,2,2,1.5772877,5.202714,2.0359118,0.84798163
Y2_K8_sq_r40_c9.tif,Y,Y2,Y2_K8_sq,40,9,2,0,21,155,0,2,2,1.2559882,2.4857411,1.0201629,0.99213105
Y2_K8_sq_r41_c10.tif,Y,Y2,Y2_K8_sq,41,10,0,1,21,157,1,1,1,0.24980983,7.4160233,1.0145266,0.99933976
Y2_K8_sq_r41_c16.tif,Y,Y2,Y2_K8_sq,41,16,2,0,26,147,2,2,2,1.2772762,2.5278723,1.278722,0.95703965
Y2_K8_sq_r41_c17.tif,Y,Y2,Y2_K8_sq,41,17,1,0,16,149,2,2,2,0.8074211,2.663294,0.8388382,1.0219816
Y2_K8_sq_r41_c18.tif,Y,Y2,Y2_K8_sq,41,18,2,0,15,123,2,2,2,1.5920979,3.1509392,0.9322812,0.9988259
Y2_K8_sq_r41_c19.tif,Y,Y2,Y2_K8_sq,41,19,1,1,15,139,0,1,1,0.8585236,8.49557,0.837873,1.0139774
Y2_K8_sq_r41_c25.tif,Y,Y2,Y2_K8_sq,41,25,1,0,12,109,1,2,2,1.0939252,3.6083338,0.8609777,1.0141534
Y2_K8_sq_r41_c26.tif,Y,Y2,Y2_K8_sq,41,26,4,0,10,174,0,0,0,2.1417906,2.3549128,0.47199702,1.0547584
Y2_K8_sq_r41_c27.tif,Y,Y2,Y2_K8_sq,41,27,4,0,22,150,1,0,0,2.2861807,2.5136707,1.079608,0.97101885
Y2_K8_sq_r41_c31.tif,Y,Y2,Y2_K8_sq,41,31,0,0,12,136,1,2,2,0.3014372,2.9828894,0.71174157,1.0450873
Y2_K8_sq_r41_c32.tif,Y,Y2,Y2_K8_sq,41,32,5,0,17,136,0,0,0,3.108571,2.7964587,0.93416077,0.97976935
Y2_K8_sq_r41_c33.tif,Y,Y2,Y2_K8_sq,41,33,2,0,10,135,1,0,0,1.5173012,3.0029087,0.60187536,1.0443937
Y2_K8_sq_r41_c34.tif,Y,Y2,Y2_K8_sq,41,34,1,0,10,144,1,2,2,0.8639919,2.8498943,0.5712066,1.0570107
Y2_K8_sq_r41_c35.tif,Y,Y2,Y2_K8_sq,41,35,3,0,5,136,0,0,0,2.16787,3.0646124,0.3217462,1.0737199
Y2_K8_sq_r41_c37.tif,Y,Y2,Y2_K8_sq,41,37,1,0,15,122,0,2,2,0.96890527,3.195953,0.9455995,1.0048916
Y2_K8_sq_r41_c38.tif,Y,Y2,Y2_K8_sq,41,38,1,0,20,143,2,2,2,0.817149,2.6953819,1.0547495,0.9927845
Y2_K8_sq_r41_c39.tif,Y,Y2,Y2_K8_sq,41,39,0,0,13,124,2,2,2,0.32529193,3.2189453,0.82951176,1.0286455
Y2_K8_sq_r41_c40.tif,Y,Y2,Y2_K8_sq,41,40,1,0,13,155,2,2,2,0.79325575,2.6165695,0.6742814,1.0443485
Y2_K8_sq_r41_c47.tif,Y,Y2,Y2_K8_sq,41,47,0,0,8,151,1,2,2,0.2808421,2.7790895,0.450917,1.080682
Y2_K8_sq_r41_c48.tif,Y,Y2,Y2_K8_sq,41,48,0,0,1,130,2,1,1,0.33996674,3.364161,0.09632593,1.1268603
Y2_K8_sq_r41_c9.tif,Y,Y2,Y2_K8_sq,41,9,4,0,13,115,0,0,0,3.0368674,3.339055,0.8604637,0.98989326
Y2_K8_sq_r42_c10.tif,Y,Y2,Y2_K8_sq,42,10,4,1,27,156,1,1,1,2.1417906,7.064738,1.2361827,0.94595814
Y2_K8_sq_r42_c16.tif,Y,Y2,Y2_K8_sq,42,16,4,0,23,148,2,0,0,2.299097,2.5278723,1.1339611,0.9635281
Y2_K8_sq_r42_c17.tif,Y,Y2,Y2_K8_sq,42,17,0,0,35,155,2,2,2,0.2354978,2.3303823,1.5791765,0.9301229
Y2_K8_sq_r42_c26.tif,Y,Y2,Y2_K8_sq,42,26,4,0,22,149,0,0,0,2.299097,2.5278723,1.0857074,0.9700164
Y2_K8_sq_r42_c31.tif,Y,Y2,Y2_K8_sq,42,31,3,0,28,125,2,0,0,2.0032218,2.831857,1.5406052,0.91221625
Y2_K8_sq_r42_c32.tif,Y,Y2,Y2_K8_sq,42,32,0,0,26,142,1,2,2,0.265974,2.631961,1.3313755,0.9626693
Y2_K8_sq_r42_c33.tif,Y,Y2,Y2_K8_sq,42,33,0,0,13,140,2,2,2,0.2917134,2.886667,0.7438847,1.0410122
Y2_K8_sq_r42_c34.tif,Y,Y2,Y2_K8_sq,42,34,2,0,11,130,0,0,0,1.5591578,3.0857475,0.6773816,1.0336028
Y2_K8_sq_r42_c35.tif,Y,Y2,Y2_K8_sq,42,35,2,0,9,127,2,0,0,1.6148422,3.195953,0.579561,1.0459076
Y2_K8_sq_r42_c36.tif,Y,Y2,Y2_K8_sq,42,36,0,0,6,129,1,1,1,0.33004072,3.265937,0.40522513,1.0855763
Y2_K8_sq_r42_c38.tif,Y,Y2,Y2_K8_sq,42,38,3,0,6,138,2,0,0,2.1242218,3.0029087,0.37258956,1.0675167
Y2_K8_sq_r42_c39.tif,Y,Y2,Y2_K8_sq,42,39,1,0,16,155,2,2,2,0.7795789,2.5714562,0.8099128,1.0263425
Y2_K8_sq_r42_c40.tif,Y,Y2,Y2_K8_sq,42,40,2,0,13,144,2,0,0,1.4042104,2.7790895,0.7161623,1.0307496
Y2_K8_sq_r42_c47.tif,Y,Y2,Y2_K8_sq,42,47,3,0,4,163,2,0,0,1.8401688,2.601357,0.22345375,1.0916929
Y2_K8_sq_r42_c48.tif,Y,Y2,Y2_K8_sq,42,48,1,0,1,145,2,2,2,0.9103807,3.0029087,0.085982196,1.1214706
Y2_K8_sq_r42_c49.tif,Y,Y2,Y2_K8_sq,42,49,1,0,6,93,1,2,2,1.32987,4.386602,0.54427296,1.0527437
Y2_K8_sq_r42_c9.tif,Y,Y2,Y2_K8_sq,42,9,8,0,11,82,0,0,0,7.462765,4.3440137,0.95359546,0.91987306
Y2_K8_sq_r43_c10.tif,Y,Y2,Y2_K8_sq,43,10,2,0,28,124,0,2,2,1.4492173,2.8681629,1.5603565,0.9165495
Y2_K8_sq_r43_c11.tif,Y,Y2,Y2_K8_sq,43,11,3,0,18,163,0,0,0,1.7016616,2.405556,0.849498,1.0095224
Y2_K8_sq_r43_c15.tif,Y,Y2,Y2_K8_sq,43,15,3,0,11,124,2,0,0,2.260779,3.195953,0.70157385,1.021298
Y2_K8_sq_r43_c16.tif,Y,Y2,Y2_K8_sq,43,16,1,0,24,103,2,2,2,1.0434364,3.4417953,1.609631,0.914341
Y2_K8_sq_r43_c26.tif,Y,Y2,Y2_K8_sq,43,26,0,0,18,102,0,2,2,0.37061948,3.6674867,1.2951362,0.9648843
Y2_K8_sq_r43_c32.tif,Y,Y2,Y2_K8_sq,43,32,1,0,34,101,2,2,2,0.98294735,3.242271,2.1352246,0.8446915
Y2_K8_sq_r43_c33.tif,Y,Y2,Y2_K8_sq,43,33,0,5,44,88,0,1,1,0.32529193,35.408398,2.7343163,0.7312059
Y2_K8_sq_r43_c34.tif,Y,Y2,Y2_K8_sq,43,34,0,0,21,117,1,2,2,0.32296842,3.195953,1.311638,0.96387565
Y2_K8_sq_r43_c35.tif,Y,Y2,Y2_K8_sq,43,35,1,0,9,144,1,2,2,0.8695304,2.8681629,0.52011883,1.0637864
Y2_K8_sq_r43_c36.tif,Y,Y2,Y2_K8_sq,43,36,0,1,16,141,1,1,1,0.28259736,8.389377,0.88078016,1.0156583
Y2_K8_sq_r43_c37.tif,Y,Y2,Y2_K8_sq,43,37,0,0,2,77,1,1,1,0.558217,5.523869,0.26360798,1.0988233
Y2_K8_sq_r43_c38.tif,Y,Y2,Y2_K8_sq,43,38,4,0,8,93,1,0,0,3.8031795,4.1816206,0.6784826,1.0035499
Y2_K8_sq_r43_c47.tif,Y,Y2,Y2_K8_sq,43,47,2,0,10,135,2,0,0,1.5173012,3.0029087,0.60187536,1.0443937
Y2_K8_sq_r43_c48.tif,Y,Y2,Y2_K8_sq,43,48,1,0,7,117,2,2,2,1.0680845,3.5230975,0.5043838,1.06254
Y2_K8_sq_r43_c49.tif,Y,Y2,Y2_K8_sq,43,49,1,0,5,102,2,2,2,1.2331522,4.0675764,0.42704493,1.0701443
Y2_K8_sq_r43_c9.tif,Y,Y2,Y2_K8_sq,43,9,3,1,12,88,0,1,1,2.9859345,12.66321,1.0071814,0.95884544
Y2_K8_sq_r44_c10.tif,Y,Y2,Y2_K8_sq,44,10,5,0,19,138,0,0,0,3.0327523,2.7282524,1.0155337,0.969878
Y2_K8_sq_r44_c11.tif,Y,Y2,Y2_K8_sq,44,11,5,0,29,156,0,0,0,2.5904758,2.3303823,1.3122735,0.9361044
Y2_K8_sq_r44_c12.tif,Y,Y2,Y2_K8_sq,44,12,2,0,7,153,0,0,0,1.3785237,2.7282524,0.3905899,1.074919
Y2_K8_sq_r44_c13.tif,Y,Y2,Y2_K8_sq,44,13,1,0,2,127,1,2,2,1.0276268,3.389647,0.16175945,1.109296
Y2_K8_sq_r44_c14.tif,Y,Y2,Y2_K8_sq,44,14,2,0,12,115,2,0,0,1.7257854,3.415522,0.8149712,1.0125626
Y2_K8_sq_r44_c15.tif,Y,Y2,Y2_K8_sq,44,15,1,1,13,154,2,1,1,0.79325575,7.8497086,0.6742814,1.0376325
Y2_K8_sq_r44_c26.tif,Y,Y2,Y2_K8_sq,44,26,2,0,21,118,0,2,2,1.5809642,3.1289048,1.284121,0.9516856
Y2_K8_sq_r44_c27.tif,Y,Y2,Y2_K8_sq,44,27,4,0,36,107,0,0,0,2.7311423,3.0029087,2.0922337,0.82857794
Y2_K8_sq_r44_c32.tif,Y,Y2,Y2_K8_sq,44,32,1,1,22,70,2,1,1,1.4129868,13.982293,2.001773,0.8433912
Y2_K8_sq_r44_c33.tif,Y,Y2,Y2_K8_sq,44,33,0,0,59,75,1,2,2,0.3324675,3.2899516,3.736643,0.63755727
Y2_K8_sq_r44_c34.tif,Y,Y2,Y2_K8_sq,44,34,0,4,32,110,1,1,1,0.30551067,27.208788,1.8755352,0.8574558
Y2_K8_sq_r44_c35.tif,Y,Y2,Y2_K8_sq,44,35,0,0,22,108,2,2,2,0.34254226,3.389647,1.455835,0.9439891
Y2_K8_sq_r44_c36.tif,Y,Y2,Y2_K8_sq,44,36,0,0,13,122,2,2,2,0.33004072,3.265937,0.84162146,1.0268966
Y2_K8_sq_r44_c47.tif,Y,Y2,Y2_K8_sq,44,47,1,0,22,112,2,2,2,0.9901221,3.265937,1.4027023,0.94306827
Y2_K8_sq_r44_c48.tif,Y,Y2,Y2_K8_sq,44,48,0,0,5,125,2,1,1,0.34254226,3.389647,0.35587078,1.0918952
Y2_K8_sq_r44_c49.tif,Y,Y2,Y2_K8_sq,44,49,1,0,6,111,2,2,2,1.1303895,3.7286117,0.462632,1.0670992
Y2_K8_sq_r44_c9.tif,Y,Y2,Y2_K8_sq,44,9,3,0,0,69,0,0,0,4.277149,6.046397,0.057708777,1.0786096
Y2_K8_sq_r45_c10.tif,Y,Y2,Y2_K8_sq,45,10,2,0,19,156,0,2,2,1.2630049,2.4996278,0.9304331,1.0040896
Y2_K8_sq_r45_c11.tif,Y,Y2,Y2_K8_sq,45,11,2,1,27,168,0,1,1,1.1303895,6.7115006,1.1743736,0.9675671
Y2_K8_sq_r45_c12.tif,Y,Y2,Y2_K8_sq,45,12,1,0,10,146,0,2,2,0.85312414,2.8140464,0.5640216,1.0581608
Y2_K8_sq_r45_c13.tif,Y,Y2,Y2_K8_sq,45,13,0,0,5,116,1,1,1,0.3676063,3.6376698,0.3819101,1.0877572
Y2_K8_sq_r45_c14.tif,Y,Y2,Y2_K8_sq,45,14,1,1,5,138,1,1,1,0.92276686,9.131293,0.31955743,1.0820408
Y2_K8_sq_r45_c15.tif,Y,Y2,Y2_K8_sq,45,15,1,2,26,99,2,1,1,1.0434364,17.208977,1.7410294,0.8790041
Y2_K8_sq_r45_c26.tif,Y,Y2,Y2_K8_sq,45,26,1,0,17,132,0,2,2,0.89241266,2.9436407,0.98332715,1.0011139
Y2_K8_sq_r45_c27.tif,Y,Y2,Y2_K8_sq,45,27,1,0,21,127,1,2,2,0.89832276,2.963135,1.2160883,0.96971565
Y2_K8_sq_r45_c28.tif,Y,Y2,Y2_K8_sq,45,28,0,0,35,119,1,2,2,0.28984344,2.8681629,1.9436018,0.8797403
Y2_K8_sq_r45_c29.tif,Y,Y2,Y2_K8_sq,45,29,3,0,28,114,1,0,0,2.1531227,3.0437646,1.6558884,0.8945391
Y2_K8_sq_r45_c36.tif,Y,Y2,Y2_K8_sq,45,36,1,0,15,115,1,2,2,1.0199002,3.364161,0.9953679,0.9973361
Y2_K8_sq_r45_c48.tif,Y,Y2,Y2_K8_sq,45,48,1,0,10,173,1,2,2,0.7292835,2.405556,0.48214749,1.071267
Y2_K8_sq_r45_c49.tif,Y,Y2,Y2_K8_sq,45,49,3,0,3,121,2,0,0,2.4535584,3.4684758,0.2317298,1.0816773
Y2_K8_sq_r46_c10.tif,Y,Y2,Y2_K8_sq,46,10,3,0,9,173,0,0,0,1.6925617,2.392692,0.43389592,1.0655383
Y2_K8_sq_r46_c11.tif,Y,Y2,Y2_K8_sq,46,11,3,0,20,168,0,0,0,1.6399432,2.3183076,0.9071939,1.0026602
Y2_K8_sq_r46_c12.tif,Y,Y2,Y2_K8_sq,46,12,0,0,18,148,1,2,2,0.26914033,2.663294,0.9405156,1.0151457
Y2_K8_sq_r46_c13.tif,Y,Y2,Y2_K8_sq,46,13,1,0,4,126,1,2,2,1.0199002,3.364161,0.28897777,1.0923204
Y2_K8_sq_r46_c14.tif,Y,Y2,Y2_K8_sq,46,14,2,0,1,131,0,0,0,1.6623374,3.2899516,0.09420109,1.1104475
Y2_K8_sq_r46_c27.tif,Y,Y2,Y2_K8_sq,46,27,0,1,34,153,0,1,1,0.23797673,7.064738,1.5508474,0.9278248
Y2_K8_sq_r46_c28.tif,Y,Y2,Y2_K8_sq,46,28,1,0,18,134,1,2,2,0.8751402,2.886667,1.0193976,0.99655616
Y2_K8_sq_r46_c29.tif,Y,Y2,Y2_K8_sq,46,29,3,0,23,135,1,0,0,1.9417733,2.74499,1.2313565,0.9546911
Y2_K8_sq_r46_c30.tif,Y,Y2,Y2_K8_sq,46,30,3,0,18,84,2,0,0,2.9580283,4.1816206,1.4766973,0.9069516
Y2_K8_sq_r46_c36.tif,Y,Y2,Y2_K8_sq,46,36,0,0,21,135,2,2,2,0.28617454,2.831857,1.1622108,0.9849028
Y2_K8_sq_r46_c37.tif,Y,Y2,Y2_K8_sq,46,37,1,0,10,106,0,2,2,1.1398885,3.7599447,0.7536087,1.0278124
Y2_K8_sq_r46_c49.tif,Y,Y2,Y2_K8_sq,46,49,0,0,7,113,1,1,1,0.37061948,3.6674867,0.5250552,1.0684328
Y2_K8_sq_r47_c10.tif,Y,Y2,Y2_K8_sq,47,10,2,0,7,109,0,0,0,1.8839824,3.7286117,0.53380615,1.0479585
Y2_K8_sq_r47_c11.tif,Y,Y2,Y2_K8_sq,47,11,4,0,14,164,0,0,0,2.2116315,2.4317033,0.67306,1.0267371
Y2_K8_sq_r47_c12.tif,Y,Y2,Y2_K8_sq,47,12,2,0,14,171,0,2,2,1.1961793,2.3673723,0.6552541,1.0421098
Y2_K8_sq_r47_c13.tif,Y,Y2,Y2_K8_sq,47,13,3,0,6,150,0,0,0,1.9658947,2.7790895,0.3448189,1.0735488
Y2_K8_sq_r47_c14.tif,Y,Y2,Y2_K8_sq,47,14,4,0,2,163,1,0,0,2.3797672,2.6165695,0.12486694,1.098077
Y2_K8_sq_r47_c28.tif,Y,Y2,Y2_K8_sq,47,28,0,0,24,149,1,2,2,0.25837472,2.5567622,1.1957258,0.98110235
Y2_K8_sq_r47_c29.tif,Y,Y2,Y2_K8_sq,47,29,1,1,17,127,2,1,1,0.9165319,9.069595,1.0099036,0.9893721
Y2_K8_sq_r47_c30.tif,Y,Y2,Y2_K8_sq,47,30,2,1,26,129,2,1,1,1.4129868,8.389377,1.4145864,0.9295248
Y2_K8_sq_r47_c31.tif,Y,Y2,Y2_K8_sq,47,31,0,2,27,57,1,1,1,0.5138134,25.422352,2.669031,0.7504061
Y2_K8_sq_r47_c32.tif,Y,Y2,Y2_K8_sq,47,32,2,0,20,60,1,2,2,2.6914034,5.326588,2.0843859,0.8271557
Y2_K8_sq_r47_c36.tif,Y,Y2,Y2_K8_sq,47,36,2,0,16,122,2,2,2,1.5920979,3.1509392,0.99242836,0.9907383
Y2_K8_sq_r47_c37.tif,Y,Y2,Y2_K8_sq,47,37,1,0,27,124,0,2,2,0.8808229,2.9054117,1.5251606,0.9284528
Y2_K8_sq_r47_c42.tif,Y,Y2,Y2_K8_sq,47,42,1,0,20,97,1,2,2,1.1303895,3.7286117,1.4590702,0.93311363
Y2_K8_sq_r47_c49.tif,Y,Y2,Y2_K8_sq,47,49,0,0,6,113,2,1,1,0.37368244,3.6977966,0.4588086,1.0772629
Y2_K8_sq_r48_c10.tif,Y,Y2,Y2_K8_sq,48,10,3,0,5,64,0,0,0,4.277149,6.046397,0.6347965,1.0010117
Y2_K8_sq_r48_c11.tif,Y,Y2,Y2_K8_sq,48,11,4,0,7,151,0,0,0,2.4813426,2.7282524,0.3905899,1.0609134
Y2_K8_sq_r48_c12.tif,Y,Y2,Y2_K8_sq,48,12,1,0,20,168,0,2,2,0.71019226,2.3425832,0.91669333,1.0131593
Y2_K8_sq_r48_c13.tif,Y,Y2,Y2_K8_sq,48,13,3,0,14,188,0,0,0,1.5290291,2.161514,0.59827554,1.0458086
Y2_K8_sq_r48_c14.tif,Y,Y2,Y2_K8_sq,48,14,1,0,9,153,1,2,2,0.82210135,2.7117174,0.49174872,1.0684043
Y2_K8_sq_r48_c15.tif,Y,Y2,Y2_K8_sq,48,15,1,0,6,157,1,2,2,0.817149,2.6953819,0.33443278,1.0896416
Y2_K8_sq_r48_c29.tif,Y,Y2,Y2_K8_sq,48,29,1,0,13,134,1,2,2,0.90431154,2.9828894,0.76868093,1.0297747
Y2_K8_sq_r48_c30.tif,Y,Y2,Y2_K8_sq,48,30,3,0,22,111,1,0,0,2.2935438,3.242271,1.3925378,0.92791235
Y2_K8_sq_r48_c31.tif,Y,Y2,Y2_K8_sq,48,31,1,1,33,113,0,1,1,0.90431154,8.948668,1.9074674,0.868992
Y2_K8_sq_r48_c32.tif,Y,Y2,Y2_K8_sq,48,32,0,1,36,98,1,1,1,0.33004072,9.7978115,2.2754948,0.8257087
Y2_K8_sq_r48_c33.tif,Y,Y2,Y2_K8_sq,48,33,1,0,24,127,2,2,2,0.8808229,2.9054117,1.3587793,0.95082515
Y2_K8_sq_r48_c34.tif,Y,Y2,Y2_K8_sq,48,34,1,0,14,126,1,2,2,0.94857854,3.1289048,0.86603516,1.0159343
Y2_K8_sq_r48_c35.tif,Y,Y2,Y2_K8_sq,48,35,2,0,20,127,2,2,2,1.4972045,2.963135,1.159526,0.96971565
Y2_K8_sq_r48_c36.tif,Y,Y2,Y2_K8_sq,48,36,0,0,23,120,2,2,2,0.31183156,3.0857475,1.3842146,0.9543995
Y2_K8_sq_r48_c37.tif,Y,Y2,Y2_K8_sq,48,37,2,1,37,80,1,1,1,1.8530974,11.0024605,2.625276,0.7577871
Y2_K8_sq_r48_c41.tif,Y,Y2,Y2_K8_sq,48,41,3,0,14,102,0,0,0,2.6157773,3.6977966,1.0234962,0.9728585
Y2_K8_sq_r48_c42.tif,Y,Y2,Y2_K8_sq,48,42,2,0,17,125,1,2,2,1.5484787,3.0646124,1.0237378,0.9871929
Y2_K8_sq_r48_c49.tif,Y,Y2,Y2_K8_sq,48,49,0,0,1,134,2,1,1,0.33004072,3.265937,0.09351349,1.1274905
Y2_K8_sq_r49_c11.tif,Y,Y2,Y2_K8_sq,49,11,5,0,8,154,0,0,0,2.9430256,2.6475348,0.42957184,1.0499122
Y2_K8_sq_r49_c12.tif,Y,Y2,Y2_K8_sq,49,12,4,0,17,159,0,0,0,2.2359352,2.4584253,0.82124025,1.0064692
Y2_K8_sq_r49_c13.tif,Y,Y2,Y2_K8_sq,49,13,3,0,32,161,0,2,2,1.5985304,2.2597647,1.4019152,0.9367388
Y2_K8_sq_r49_c14.tif,Y,Y2,Y2_K8_sq,49,14,1,0,7,185,1,2,2,0.6956243,2.2945304,0.3284961,1.0924976
Y2_K8_sq_r49_c15.tif,Y,Y2,Y2_K8_sq,49,15,3,0,6,134,0,0,0,2.182821,3.0857475,0.38286787,1.0652841
Y2_K8_sq_r49_c16.tif,Y,Y2,Y2_K8_sq,49,16,5,0,16,146,0,0,0,2.9430256,2.6475348,0.83387476,0.9955478
Y2_K8_sq_r49_c17.tif,Y,Y2,Y2_K8_sq,49,17,1,0,36,159,1,2,2,0.6850845,2.2597647,1.5744585,0.92513835
Y2_K8_sq_r49_c29.tif,Y,Y2,Y2_K8_sq,49,29,0,1,14,118,0,1,1,0.3349302,9.942965,0.9173558,1.0080818
Y2_K8_sq_r49_c30.tif,Y,Y2,Y2_K8_sq,49,30,2,0,17,131,1,2,2,1.4873545,2.9436407,0.98332715,0.9935582
Y2_K8_sq_r49_c31.tif,Y,Y2,Y2_K8_sq,49,31,2,0,21,137,1,2,2,1.3955425,2.7619345,1.1335143,0.9747626
Y2_K8_sq_r49_c32.tif,Y,Y2,Y2_K8_sq,49,32,2,0,21,135,2,2,2,1.4129868,2.7964587,1.1476833,0.9725916
Y2_K8_sq_r49_c33.tif,Y,Y2,Y2_K8_sq,49,33,4,1,28,134,1,1,1,2.4079301,7.9426045,1.4403291,0.91400117
Y2_K8_sq_r49_c34.tif,Y,Y2,Y2_K8_sq,49,34,1,0,15,122,2,2,2,0.96890527,3.195953,0.9455995,1.0048916
Y2_K8_sq_r49_c35.tif,Y,Y2,Y2_K8_sq,49,35,3,1,17,132,2,1,1,2.0419939,8.660001,0.96429497,0.9817375
Y2_K8_sq_r49_c36.tif,Y,Y2,Y2_K8_sq,49,36,0,1,27,133,0,1,1,0.27739617,8.234971,1.4409492,0.94059974
Y2_K8_sq_r49_c42.tif,Y,Y2,Y2_K8_sq,49,42,1,0,24,140,0,2,2,0.8122559,2.679242,1.253006,0.9662089
Y2_K8_sq_r49_c49.tif,Y,Y2,Y2_K8_sq,49,49,0,0,3,111,2,1,1,0.38978946,3.8571844,0.25769952,1.1038958
Y2_K8_sq_r4_c22.tif,Y,Y2,Y2_K8_sq,4,22,4,0,2,115,0,0,0,3.3084567,3.6376698,0.17359549,1.0784203
Y2_K8_sq_r4_c23.tif,Y,Y2,Y2_K8_sq,4,23,1,0,17,151,1,2,2,0.79325575,2.6165695,0.87406856,1.0174843
Y2_K8_sq_r4_c24.tif,Y,Y2,Y2_K8_sq,4,24,1,0,34,162,2,2,2,0.6816419,2.248409,1.4807085,0.9378027
Y2_K8_sq_r4_c25.tif,Y,Y2,Y2_K8_sq,4,25,2,1,35,141,1,1,1,1.2490491,7.4160233,1.6751486,0.8978195
Y2_K8_sq_r4_c26.tif,Y,Y2,Y2_K8_sq,4,26,1,0,19,160,2,2,2,0.74531174,2.4584253,0.9150963,1.0127794
Y2_K8_sq_r4_c27.tif,Y,Y2,Y2_K8_sq,4,27,0,0,32,158,2,2,2,0.2354978,2.3303823,1.445725,0.94806737
Y2_K8_sq_r4_c31.tif,Y,Y2,Y2_K8_sq,4,31,0,0,25,140,2,2,2,0.27075198,2.679242,1.3041492,0.9662089
Y2_K8_sq_r4_c32.tif,Y,Y2,Y2_K8_sq,4,32,1,0,20,146,2,2,2,0.8026434,2.6475348,1.0360262,0.9955478
Y2_K8_sq_r4_c33.tif,Y,Y2,Y2_K8_sq,4,33,3,0,16,153,2,0,0,1.8190175,2.5714562,0.8099128,1.013142
Y2_K8_sq_r4_c34.tif,Y,Y2,Y2_K8_sq,4,34,3,0,3,126,0,0,0,2.3620079,3.339055,0.22308318,1.0841688
Y2_K8_sq_r50_c11.tif,Y,Y2,Y2_K8_sq,50,11,3,0,2,72,0,0,0,4.0064435,5.663714,0.2702816,1.0539551
Y2_K8_sq_r50_c12.tif,Y,Y2,Y2_K8_sq,50,12,2,0,17,161,0,2,2,1.2421862,2.4584253,0.82124025,1.0190895
Y2_K8_sq_r50_c13.tif,Y,Y2,Y2_K8_sq,50,13,0,0,27,175,0,2,2,0.221645,2.193301,1.1513466,0.98800266
Y2_K8_sq_r50_c14.tif,Y,Y2,Y2_K8_sq,50,14,0,0,14,195,0,2,2,0.21429184,2.1205375,0.5869338,1.0640829
Y2_K8_sq_r50_c15.tif,Y,Y2,Y2_K8_sq,50,15,5,0,6,163,1,0,0,2.8259735,2.5422354,0.3154309,1.0668817
Y2_K8_sq_r50_c16.tif,Y,Y2,Y2_K8_sq,50,16,2,0,4,66,0,0,0,3.0551064,6.046397,0.51937896,1.0320508
Y2_K8_sq_r50_c17.tif,Y,Y2,Y2_K8_sq,50,17,2,0,18,98,1,2,2,1.8839824,3.7286117,1.3167219,0.94268405
Y2_K8_sq_r50_c18.tif,Y,Y2,Y2_K8_sq,50,18,0,0,24,124,2,2,2,0.3014372,2.9828894,1.3950133,0.9532115
Y2_K8_sq_r50_c19.tif,Y,Y2,Y2_K8_sq,50,19,3,0,24,171,1,0,0,1.5825452,2.237167,1.0462601,0.98479384
Y2_K8_sq_r50_c20.tif,Y,Y2,Y2_K8_sq,50,20,2,0,19,127,0,2,2,1.5071859,2.9828894,1.1103168,0.9761805
Y2_K8_sq_r50_c31.tif,Y,Y2,Y2_K8_sq,50,31,4,0,24,127,0,0,0,2.591976,2.8498943,1.3328153,0.93265647
Y2_K8_sq_r50_c32.tif,Y,Y2,Y2_K8_sq,50,32,0,0,29,106,1,2,2,0.33004072,3.265937,1.8390987,0.89277124
Y2_K8_sq_r50_c33.tif,Y,Y2,Y2_K8_sq,50,33,3,0,21,146,1,0,0,1.8401688,2.601357,1.0676123,0.97818357
Y2_K8_sq_r50_c34.tif,Y,Y2,Y2_K8_sq,50,34,2,0,22,152,2,2,2,1.2701005,2.5136707,1.079608,0.9839228
Y2_K8_sq_r50_c35.tif,Y,Y2,Y2_K8_sq,50,35,1,0,18,134,2,2,2,0.8751402,2.886667,1.0193976,0.99655616
Y2_K8_sq_r50_c42.tif,Y,Y2,Y2_K8_sq,50,42,4,0,29,98,0,0,0,3.059701,3.364161,1.8944099,0.850542
Y2_K8_sq_r50_c43.tif,Y,Y2,Y2_K8_sq,50,43,2,0,20,120,1,2,2,1.5699854,3.1071763,1.2158917,0.9610273
Y2_K8_sq_r50_c49.tif,Y,Y2,Y2_K8_sq,50,49,0,0,18,134,2,2,2,0.29360765,2.9054117,1.0260171,1.0030272
Y2_K8_sq_r50_c50.tif,Y,Y2,Y2_K8_sq,50,50,0,0,12,105,2,1,1,0.37996286,3.7599447,0.8971532,1.0181615
Y2_K8_sq_r51_c12.tif,Y,Y2,Y2_K8_sq,51,12,7,0,8,132,0,0,0,4.5519037,3.0029087,0.48723248,1.0212705
Y2_K8_sq_r51_c13.tif,Y,Y2,Y2_K8_sq,51,13,5,0,14,171,0,0,0,2.5904758,2.3303823,0.6450158,1.0258269
Y2_K8_sq_r51_c14.tif,Y,Y2,Y2_K8_sq,51,14,1,0,21,162,0,2,2,0.7292835,2.405556,0.98725444,1.003348
Y2_K8_sq_r51_c15.tif,Y,Y2,Y2_K8_sq,51,15,5,0,3,151,0,0,0,3.089263,2.7790895,0.18567172,1.080682
Y2_K8_sq_r51_c16.tif,Y,Y2,Y2_K8_sq,51,16,5,0,2,41,1,0,0,9.947427,8.948668,0.42704493,0.9532115
Y2_K8_sq_r51_c18.tif,Y,Y2,Y2_K8_sq,51,18,3,0,10,142,1,0,0,2.0159812,2.8498943,0.5712066,1.0423808
Y2_K8_sq_r51_c19.tif,Y,Y2,Y2_K8_sq,51,19,3,0,14,144,2,0,0,1.9417733,2.74499,0.7597732,1.0181023
Y2_K8_sq_r51_c31.tif,Y,Y2,Y2_K8_sq,51,31,0,0,25,143,2,2,2,0.265974,2.631961,1.2811348,0.96942484
Y2_K8_sq_r51_c34.tif,Y,Y2,Y2_K8_sq,51,34,1,0,22,96,2,2,2,1.1210474,3.6977966,1.5881836,0.91591066
Y2_K8_sq_r51_c35.tif,Y,Y2,Y2_K8_sq,51,35,2,0,22,139,2,2,2,1.370169,2.7117174,1.1646681,0.97096026
Y2_K8_sq_r51_c50.tif,Y,Y2,Y2_K8_sq,51,50,2,0,9,90,1,0,0,2.1949308,4.3440137,0.7877528,1.0090729
Y2_K8_sq_r52_c13.tif,Y,Y2,Y2_K8_sq,52,13,4,0,9,140,0,0,0,2.6254206,2.886667,0.52347445,1.0410122
Y2_K8_sq_r52_c14.tif,Y,Y2,Y2_K8_sq,52,14,5,0,12,112,0,0,0,3.796728,3.415522,0.8149712,0.98626226
Y2_K8_sq_r52_c15.tif,Y,Y2,Y2_K8_sq,52,15,6,0,0,73,0,0,0,7.2568207,5.523869,0.052721597,1.0421098
Y2_K8_sq_r52_c16.tif,Y,Y2,Y2_K8_sq,52,16,8,0,5,135,0,0,0,5.124432,2.9828894,0.31316626,1.037431
Y2_K8_sq_r52_c17.tif,Y,Y2,Y2_K8_sq,52,17,3,0,2,145,0,0,0,2.0822964,2.9436407,0.14047532,1.0993363
Y2_K8_sq_r52_c18.tif,Y,Y2,Y2_K8_sq,52,18,4,0,3,130,0,0,0,2.927627,3.2189453,0.2150586,1.0782188
Y2_K8_sq_r52_c19.tif,Y,Y2,Y2_K8_sq,52,19,6,0,8,157,0,0,0,3.3977022,2.5863202,0.41963953,1.045552
Y2_K8_sq_r52_c31.tif,Y,Y2,Y2_K8_sq,52,31,0,0,22,115,1,2,2,0.32529193,3.2189453,1.3825196,0.95428556
Y2_K8_sq_r52_c35.tif,Y,Y2,Y2_K8_sq,52,35,2,1,31,124,1,1,1,1.4129868,8.389377,1.6814895,0.89363575
Y2_K8_sq_r52_c50.tif,Y,Y2,Y2_K8_sq,52,50,1,0,4,117,1,2,2,1.0939252,3.6083338,0.30995196,1.0882467
Y2_K8_sq_r53_c13.tif,Y,Y2,Y2_K8_sq,53,13,8,0,4,99,0,0,0,6.802344,3.9595876,0.3401243,1.0112437
Y2_K8_sq_r53_c14.tif,Y,Y2,Y2_K8_sq,53,14,6,0,7,137,0,0,0,3.867122,2.9436407,0.42142594,1.0388918
Y2_K8_sq_r53_c15.tif,Y,Y2,Y2_K8_sq,53,15,3,0,8,174,0,0,0,1.6925617,2.392692,0.38822266,1.0716797
Y2_K8_sq_r53_c16.tif,Y,Y2,Y2_K8_sq,53,16,1,0,8,167,1,2,2,0.7620603,2.5136707,0.4078519,1.0807021
Y2_K8_sq_r53_c17.tif,Y,Y2,Y2_K8_sq,53,17,2,0,7,171,2,0,0,1.2421862,2.4584253,0.35196012,1.082191
Y2_K8_sq_r53_c18.tif,Y,Y2,Y2_K8_sq,53,18,1,0,5,152,1,2,2,0.8477921,2.7964587,0.2935934,1.0946141
Y2_K8_sq_r53_c19.tif,Y,Y2,Y2_K8_sq,53,19,1,0,17,164,2,2,2,0.7372105,2.4317033,0.81231374,1.0267371
Y2_K8_sq_r53_c20.tif,Y,Y2,Y2_K8_sq,53,20,2,0,16,157,2,2,2,1.2772762,2.5278723,0.79618543,1.0219238
Y2_K8_sq_r53_c21.tif,Y,Y2,Y2_K8_sq,53,21,0,0,20,149,1,2,2,0.26441857,2.6165695,1.0239089,1.0040522
Y2_K8_sq_r53_c22.tif,Y,Y2,Y2_K8_sq,53,22,1,0,20,113,1,2,2,0.9974025,3.2899516,1.2874148,0.9584471
Y2_K8_sq_r53_c35.tif,Y,Y2,Y2_K8_sq,53,35,0,0,31,124,0,2,2,0.2879973,2.8498943,1.7136197,0.9107116
Y2_K8_sq_r53_c50.tif,Y,Y2,Y2_K8_sq,53,50,0,0,2,126,2,1,1,0.34781215,3.4417953,0.16424805,1.1175278
Y2_K8_sq_r53_c51.tif,Y,Y2,Y2_K8_sq,53,51,1,0,10,84,1,2,2,1.39842,4.6127152,0.92453027,1.0004518
Y2_K8_sq_r54_c13.tif,Y,Y2,Y2_K8_sq,54,13,2,0,8,128,0,0,0,1.6148422,3.195953,0.51855457,1.0541109
Y2_K8_sq_r54_c14.tif,Y,Y2,Y2_K8_sq,54,14,0,0,3,141,0,1,1,0.30969572,3.0646124,0.20474757,1.1130502
Y2_K8_sq_r54_c15.tif,Y,Y2,Y2_K8_sq,54,15,1,0,8,154,0,2,2,0.82210135,2.7117174,0.4399857,1.0753646
Y2_K8_sq_r54_c16.tif,Y,Y2,Y2_K8_sq,54,16,2,0,10,179,2,0,0,1.171388,2.3183076,0.4646603,1.0681157
Y2_K8_sq_r54_c17.tif,Y,Y2,Y2_K8_sq,54,17,1,0,14,162,0,2,2,0.757803,2.4996278,0.6918605,1.0425851
Y2_K8_sq_r54_c18.tif,Y,Y2,Y2_K8_sq,54,18,3,0,15,154,1,0,0,1.8190175,2.5714562,0.7608272,1.0197423
Y2_K8_sq_r54_c19.tif,Y,Y2,Y2_K8_sq,54,19,1,0,17,194,1,2,2,0.6338632,2.0908103,0.698438,1.0437993
Y2_K8_sq_r54_c20.tif,Y,Y2,Y2_K8_sq,54,20,4,0,11,191,2,0,0,1.9564433,2.151122,0.47221312,1.0573448
Y2_K8_sq_r54_c21.tif,Y,Y2,Y2_K8_sq,54,21,3,0,13,163,1,0,0,1.7486688,2.4720078,0.6370284,1.0374098
Y2_K8_sq_r54_c22.tif,Y,Y2,Y2_K8_sq,54,22,1,0,20,158,0,2,2,0.74942946,2.4720078,0.96733934,1.0056847
Y2_K8_sq_r54_c23.tif,Y,Y2,Y2_K8_sq,54,23,4,0,25,154,0,0,0,2.1996768,2.4185588,1.1772591,0.95910895
Y2_K8_sq_r54_c24.tif,Y,Y2,Y2_K8_sq,54,24,4,0,12,143,1,0,0,2.5275788,2.7790895,0.66311324,1.0236163
Y2_K8_sq_r54_c25.tif,Y,Y2,Y2_K8_sq,54,25,1,0,10,152,1,2,2,0.82210135,2.7117174,0.54351175,1.061444
Y2_K8_sq_r54_c36.tif,Y,Y2,Y2_K8_sq,54,36,1,0,29,135,1,2,2,0.8122559,2.679242,1.5087216,0.9318242
Y2_K8_sq_r54_c47.tif,Y,Y2,Y2_K8_sq,54,47,0,1,21,102,2,1,1,0.35885382,10.653176,1.4573756,0.934253
Y2_K8_sq_r54_c48.tif,Y,Y2,Y2_K8_sq,54,48,1,1,9,136,2,1,1,0.9103807,9.008726,0.54455394,1.0521013
Y2_K8_sq_r54_c49.tif,Y,Y2,Y2_K8_sq,54,49,0,0,10,131,2,1,1,0.31619284,3.1289048,0.62712896,1.0560899
Y2_K8_sq_r54_c50.tif,Y,Y2,Y2_K8_sq,54,50,1,0,1,135,1,2,2,0.9758758,3.2189453,0.09216797,1.1195298
Y2_K8_sq_r54_c51.tif,Y,Y2,Y2_K8_sq,54,51,0,0,9,71,1,1,1,0.5514095,5.456505,0.9894944,1.0013902
Y2_K8_sq_r55_c14.tif,Y,Y2,Y2_K8_sq,55,14,3,0,8,154,0,0,0,1.8952638,2.679242,0.43471637,1.0624859
Y2_K8_sq_r55_c15.tif,Y,Y2,Y2_K8_sq,55,15,1,0,18,145,0,2,2,0.817149,2.6953819,0.95184714,1.0066212
Y2_K8_sq_r55_c16.tif,Y,Y2,Y2_K8_sq,55,16,2,0,18,169,0,2,2,1.1836538,2.3425832,0.8272598,1.0191721
Y2_K8_sq_r55_c17.tif,Y,Y2,Y2_K8_sq,55,17,1,0,20,152,1,2,2,0.77512413,2.5567622,1.0005052,1.00079
Y2_K8_sq_r55_c18.tif,Y,Y2,Y2_K8_sq,55,18,1,0,23,174,1,2,2,0.6782336,2.237167,1.0035555,1.0020205
Y2_K8_sq_r55_c19.tif,Y,Y2,Y2_K8_sq,55,19,4,0,10,186,1,0,0,2.0145555,2.2150168,0.4439576,1.0603241
Y2_K8_sq_r55_c20.tif,Y,Y2,Y2_K8_sq,55,20,1,0,8,156,0,2,2,0.8122559,2.679242,0.43471637,1.0762398
Y2_K8_sq_r55_c21.tif,Y,Y2,Y2_K8_sq,55,21,2,0,25,154,2,2,2,1.2353983,2.444991,1.1901252,0.969591
Y2_K8_sq_r55_c22.tif,Y,Y2,Y2_K8_sq,55,22,2,0,11,176,2,0,0,1.1836538,2.3425832,0.5142426,1.0612618
Y2_K8_sq_r55_c23.tif,Y,Y2,Y2_K8_sq,55,23,3,0,21,164,1,0,0,1.665837,2.3549128,0.9664701,0.99431384
Y2_K8_sq_r55_c24.tif,Y,Y2,Y2_K8_sq,55,24,2,0,11,169,2,0,0,1.2286842,2.4317033,0.53380615,1.0579449
Y2_K8_sq_r55_c25.tif,Y,Y2,Y2_K8_sq,55,25,2,0,9,150,1,0,0,1.3869809,2.74499,0.49778244,1.0603765
Y2_K8_sq_r55_c47.tif,Y,Y2,Y2_K8_sq,55,47,1,0,29,144,2,2,2,0.77072006,2.5422354,1.4315711,0.9429016
Y2_K8_sq_r55_c48.tif,Y,Y2,Y2_K8_sq,55,48,3,0,13,132,2,0,0,2.1100602,2.9828894,0.76868093,1.014462
Y2_K8_sq_r55_c49.tif,Y,Y2,Y2_K8_sq,55,49,4,0,13,131,1,0,0,2.7129345,2.9828894,0.76868093,1.0068057
Y2_K8_sq_r55_c50.tif,Y,Y2,Y2_K8_sq,55,50,2,0,10,149,1,0,0,1.3869809,2.74499,0.55018055,1.0533308
Y2_K8_sq_r55_c51.tif,Y,Y2,Y2_K8_sq,55,51,3,0,12,69,2,0,0,3.6803377,5.202714,1.2414097,0.92810595
Y2_K8_sq_r56_c15.tif,Y,Y2,Y2_K8_sq,56,15,3,0,3,134,0,0,0,2.228937,3.1509392,0.21051511,1.0877901
Y2_K8_sq_r56_c16.tif,Y,Y2,Y2_K8_sq,56,16,0,0,21,157,0,2,2,0.25119767,2.4857411,1.0201629,1.0048916
Y2_K8_sq_r56_c17.tif,Y,Y2,Y2_K8_sq,56,17,0,0,16,163,1,2,2,0.24980983,2.4720078,0.7785902,1.0374098
Y2_K8_sq_r56_c18.tif,Y,Y2,Y2_K8_sq,56,18,0,1,21,165,1,1,1,0.23923585,7.102118,0.97158366,1.0056512
Y2_K8_sq_r56_c19.tif,Y,Y2,Y2_K8_sq,56,19,1,0,9,178,1,2,2,0.71393013,2.3549128,0.42704493,1.0789363
Y2_K8_sq_r56_c20.tif,Y,Y2,Y2_K8_sq,56,20,1,0,10,171,0,2,2,0.7372105,2.4317033,0.48738825,1.070428
Y2_K8_sq_r56_c21.tif,Y,Y2,Y2_K8_sq,56,21,0,0,10,143,1,2,2,0.2917134,2.886667,0.57857704,1.0632402
Y2_K8_sq_r56_c22.tif,Y,Y2,Y2_K8_sq,56,22,2,0,8,112,1,0,0,1.8232087,3.6083338,0.58546484,1.0419384
Y2_K8_sq_r56_c23.tif,Y,Y2,Y2_K8_sq,56,23,4,0,15,163,0,0,0,2.2116315,2.4317033,0.7194779,1.0204955
Y2_K8_sq_r56_c24.tif,Y,Y2,Y2_K8_sq,56,24,2,0,11,132,1,0,0,1.5379449,3.0437646,0.6681655,1.0351654
Y2_K8_sq_r56_c50.tif,Y,Y2,Y2_K8_sq,56,50,2,0,14,133,2,0,0,1.4972045,2.963135,0.8201525,1.0153494
Y2_K8_sq_r56_c51.tif,Y,Y2,Y2_K8_sq,56,51,4,0,7,107,1,0,0,3.3911684,3.7286117,0.53380615,1.0288177
Y2_K8_sq_r57_c16.tif,Y,Y2,Y2_K8_sq,57,16,2,0,1,131,1,0,0,1.6623374,3.2899516,0.09420109,1.1104475
Y2_K8_sq_r57_c17.tif,Y,Y2,Y2_K8_sq,57,17,1,0,12,151,1,2,2,0.817149,2.6953819,0.64313996,1.0481313
Y2_K8_sq_r57_c18.tif,Y,Y2,Y2_K8_sq,57,18,1,0,19,142,1,2,2,0.82711416,2.7282524,1.0155337,0.9978889
Y2_K8_sq_r57_c19.tif,Y,Y2,Y2_K8_sq,57,19,2,0,14,207,0,2,2,1.0047907,1.9885929,0.5504135,1.0591239
Y2_K8_sq_r57_c20.tif,Y,Y2,Y2_K8_sq,57,20,6,0,13,158,0,0,0,3.2838128,2.4996278,0.64414597,1.0169215
Y2_K8_sq_r57_c21.tif,Y,Y2,Y2_K8_sq,57,21,1,0,5,119,0,2,2,1.0680845,3.5230975,0.36988145,1.0806259
Y2_K8_sq_r57_c22.tif,Y,Y2,Y2_K8_sq,57,22,3,0,4,109,1,0,0,2.68228,3.7918084,0.32571223,1.0657204
Y2_K8_sq_r57_c23.tif,Y,Y2,Y2_K8_sq,57,23,5,0,6,88,0,0,0,4.9244685,4.4300337,0.5496618,1.006313
Y2_K8_sq_r57_c24.tif,Y,Y2,Y2_K8_sq,57,24,5,0,7,147,0,0,0,3.089263,2.7790895,0.39786795,1.0521492
Y2_K8_sq_r57_c25.tif,Y,Y2,Y2_K8_sq,57,25,7,0,12,168,1,0,0,3.588538,2.3673723,0.56487423,1.0238805
Y2_K8_sq_r57_c26.tif,Y,Y2,Y2_K8_sq,57,26,3,0,17,139,0,0,0,1.9658947,2.7790895,0.9283585,0.99508345
Y2_K8_sq_r57_c27.tif,Y,Y2,Y2_K8_sq,57,27,3,0,13,135,1,0,0,2.0686865,2.9244013,0.7536087,1.0170891
Y2_K8_sq_r57_c29.tif,Y,Y2,Y2_K8_sq,57,29,0,0,29,141,0,2,2,0.26288125,2.601357,1.4648635,0.9447984
Y2_K8_sq_r57_c30.tif,Y,Y2,Y2_K8_sq,57,30,2,0,21,147,1,2,2,1.3144064,2.601357,1.0676123,0.98486054
Y2_K8_sq_r57_c31.tif,Y,Y2,Y2_K8_sq,57,31,1,1,38,129,0,1,1,0.79325575,7.8497086,1.9229509,0.8697308
Y2_K8_sq_r57_c50.tif,Y,Y2,Y2_K8_sq,57,50,2,0,5,151,1,0,0,1.4129868,2.7964587,0.2935934,1.0874363
Y2_K8_sq_r57_c51.tif,Y,Y2,Y2_K8_sq,57,51,3,0,6,121,2,0,0,2.397796,3.389647,0.42057458,1.0570939
Y2_K8_sq_r58_c17.tif,Y,Y2,Y2_K8_sq,58,17,2,0,4,139,1,0,0,1.5379449,3.0437646,0.26145607,1.0898534
Y2_K8_sq_r58_c18.tif,Y,Y2,Y2_K8_sq,58,18,2,0,7,142,0,0,0,1.4776334,2.9244013,0.41867152,1.0696325
Y2_K8_sq_r58_c19.tif,Y,Y2,Y2_K8_sq,58,19,2,0,16,166,0,2,2,1.2154726,2.405556,0.7576603,1.0280458
Y2_K8_sq_r58_c20.tif,Y,Y2,Y2_K8_sq,58,20,5,0,18,148,0,0,0,2.8749788,2.5863202,0.9133331,0.98580617
Y2_K8_sq_r58_c21.tif,Y,Y2,Y2_K8_sq,58,21,1,0,7,158,1,2,2,0.8074211,2.663294,0.38129014,1.0835056
Y2_K8_sq_r58_c22.tif,Y,Y2,Y2_K8_sq,58,22,0,0,4,150,1,1,1,0.28984344,2.8681629,0.24637207,1.1079575
Y2_K8_sq_r58_c23.tif,Y,Y2,Y2_K8_sq,58,23,1,0,2,119,1,1,1,1.0939252,3.6083338,0.17219554,1.10677
Y2_K8_sq_r58_c24.tif,Y,Y2,Y2_K8_sq,58,24,2,0,13,170,2,2,2,1.2089727,2.392692,0.61658895,1.0471139
Y2_K8_sq_r58_c25.tif,Y,Y2,Y2_K8_sq,58,25,7,0,19,166,2,0,0,3.4960496,2.3063576,0.8584924,0.98565215
Y2_K8_sq_r58_c26.tif,Y,Y2,Y2_K8_sq,58,26,4,0,13,166,1,0,0,2.1996768,2.4185588,0.6232548,1.0336028
Y2_K8_sq_r58_c27.tif,Y,Y2,Y2_K8_sq,58,27,2,1,21,152,1,1,1,1.2701005,7.5410123,1.0316254,0.9839228
Y2_K8_sq_r58_c28.tif,Y,Y2,Y2_K8_sq,58,28,3,0,13,155,0,0,0,1.829532,2.5863202,0.6664863,1.0322752
Y2_K8_sq_r58_c29.tif,Y,Y2,Y2_K8_sq,58,29,1,1,22,140,1,1,1,0.817149,8.086145,1.1576519,0.97202945
Y2_K8_sq_r58_c30.tif,Y,Y2,Y2_K8_sq,58,30,1,0,13,144,2,2,2,0.8477921,2.7964587,0.72063833,1.0371917
Y2_K8_sq_r58_c31.tif,Y,Y2,Y2_K8_sq,58,31,1,0,29,148,0,2,2,0.75359297,2.4857411,1.3997583,0.94746923
Y2_K8_sq_r58_c50.tif,Y,Y2,Y2_K8_sq,58,50,2,0,13,126,1,0,0,1.5809642,3.1289048,0.80630857,1.0159343
Y2_K8_sq_r58_c51.tif,Y,Y2,Y2_K8_sq,58,51,0,0,8,135,2,1,1,0.31183156,3.0857475,0.50067335,1.0732045
Y2_K8_sq_r59_c18.tif,Y,Y2,Y2_K8_sq,59,18,4,0,11,170,0,0,0,2.1761508,2.392692,0.52524245,1.0471139
Y2_K8_sq_r59_c19.tif,Y,Y2,Y2_K8_sq,59,19,3,0,5,130,0,0,0,2.260779,3.195953,0.33553532,1.0705172
Y2_K8_sq_r59_c20.tif,Y,Y2,Y2_K8_sq,59,20,2,0,37,161,0,2,2,1.1191975,2.2150168,1.585563,0.9181895
Y2_K8_sq_r59_c21.tif,Y,Y2,Y2_K8_sq,59,21,0,0,13,138,1,2,2,0.29552665,2.9244013,0.7536087,1.0396078
Y2_K8_sq_r59_c22.tif,Y,Y2,Y2_K8_sq,59,22,0,0,4,155,1,1,1,0.2808421,2.7790895,0.23872077,1.1092149
Y2_K8_sq_r59_c23.tif,Y,Y2,Y2_K8_sq,59,23,1,0,0,134,2,1,1,0.9901221,3.265937,0.031171164,1.1274905
Y2_K8_sq_r59_c24.tif,Y,Y2,Y2_K8_sq,59,24,1,0,9,147,0,2,2,0.85312414,2.8140464,0.5103052,1.0653838
Y2_K8_sq_r59_c25.tif,Y,Y2,Y2_K8_sq,59,25,6,0,22,184,0,0,0,2.7467408,2.0908103,0.89799166,0.9901336
Y2_K8_sq_r59_c26.tif,Y,Y2,Y2_K8_sq,59,26,2,0,18,176,1,2,2,1.1418074,2.2597647,0.7980132,1.0237424
Y2_K8_sq_r59_c27.tif,Y,Y2,Y2_K8_sq,59,27,1,0,22,162,1,2,2,0.7253836,2.392692,1.0276482,0.99798256
Y2_K8_sq_r59_c28.tif,Y,Y2,Y2_K8_sq,59,28,3,0,24,166,2,0,0,1.6231234,2.2945304,1.0730873,0.98059756
Y2_K8_sq_r59_c30.tif,Y,Y2,Y2_K8_sq,59,30,0,0,11,146,0,2,2,0.28437468,2.8140464,0.617738,1.0581608
Y2_K8_sq_r59_c31.tif,Y,Y2,Y2_K8_sq,59,31,1,0,30,136,0,2,2,0.8026434,2.6475348,1.5414047,0.9275923
Y2_K8_sq_r59_c46.tif,Y,Y2,Y2_K8_sq,59,46,0,0,30,116,2,2,2,0.30551067,3.0231986,1.7601177,0.9040145
Y2_K8_sq_r59_c47.tif,Y,Y2,Y2_K8_sq,59,47,4,0,10,138,0,0,0,2.6424687,2.9054117,0.58233404,1.0328571
Y2_K8_sq_r59_c48.tif,Y,Y2,Y2_K8_sq,59,48,3,0,3,113,1,0,0,2.6157773,3.6977966,0.24705079,1.0772629
Y2_K8_sq_r59_c49.tif,Y,Y2,Y2_K8_sq,59,49,9,0,4,144,2,0,0,5.403119,2.8140464,0.24172355,1.0437149
Y2_K8_sq_r59_c50.tif,Y,Y2,Y2_K8_sq,59,50,0,0,5,129,2,1,1,0.3324675,3.2899516,0.345404,1.0935585
Y2_K8_sq_r59_c51.tif,Y,Y2,Y2_K8_sq,59,51,1,0,2,136,2,2,2,0.9620335,3.1732864,0.15143438,1.111795
Y2_K8_sq_r5_c20.tif,Y,Y2,Y2_K8_sq,5,20,1,0,7,96,1,2,2,1.2796862,4.22107,0.60430884,1.0455207
Y2_K8_sq_r5_c21.tif,Y,Y2,Y2_K8_sq,5,21,1,0,9,125,1,2,2,0.9901221,3.265937,0.59225214,1.0520451
Y2_K8_sq_r5_c22.tif,Y,Y2,Y2_K8_sq,5,22,2,0,15,140,2,2,2,1.4218736,2.8140464,0.83260334,1.0148232
Y2_K8_sq_r5_c23.tif,Y,Y2,Y2_K8_sq,5,23,2,1,29,149,1,1,1,1.2353983,7.3349733,1.3768116,0.93821263
Y2_K8_sq_r5_c24.tif,Y,Y2,Y2_K8_sq,5,24,1,0,46,135,1,2,2,0.7372105,2.4317033,2.1584337,0.8457318
Y2_K8_sq_r5_c32.tif,Y,Y2,Y2_K8_sq,5,32,2,0,18,141,2,2,2,1.3869809,2.74499,0.9693658,0.9969652
Y2_K8_sq_r5_c33.tif,Y,Y2,Y2_K8_sq,5,33,2,0,19,142,2,2,2,1.370169,2.7117174,1.0093789,0.99184114
Y2_K8_sq_r5_c34.tif,Y,Y2,Y2_K8_sq,5,34,0,0,3,173,2,1,1,0.2540201,2.5136707,0.16793902,1.1194139
Y2_K8_sq_r5_c35.tif,Y,Y2,Y2_K8_sq,5,35,3,0,6,100,0,0,0,2.8514328,4.0309315,0.5001427,1.0398107
Y2_K8_sq_r60_c19.tif,Y,Y2,Y2_K8_sq,60,19,3,0,2,84,0,0,0,3.4781215,4.9168506,0.23464008,1.0664155
Y2_K8_sq_r60_c20.tif,Y,Y2,Y2_K8_sq,60,20,2,0,36,153,1,2,2,1.171388,2.3183076,1.6152477,0.9134026
Y2_K8_sq_r60_c21.tif,Y,Y2,Y2_K8_sq,60,21,2,0,19,173,1,2,2,1.1534586,2.2828233,0.8497322,1.0166105
Y2_K8_sq_r60_c22.tif,Y,Y2,Y2_K8_sq,60,22,0,0,3,150,0,1,1,0.2917134,2.886667,0.19285901,1.1151056
Y2_K8_sq_r60_c23.tif,Y,Y2,Y2_K8_sq,60,23,2,0,0,78,1,0,0,2.7570474,5.456505,0.05207865,1.0994284
Y2_K8_sq_r60_c24.tif,Y,Y2,Y2_K8_sq,60,24,1,0,6,140,1,2,2,0.9103807,3.0029087,0.37258956,1.0829321
Y2_K8_sq_r60_c25.tif,Y,Y2,Y2_K8_sq,60,25,3,0,11,152,2,0,0,1.8839824,2.663294,0.58464485,1.0424896
Y2_K8_sq_r60_c26.tif,Y,Y2,Y2_K8_sq,60,26,2,0,22,133,0,2,2,1.4218736,2.8140464,1.2086177,0.96426255
Y2_K8_sq_r60_c27.tif,Y,Y2,Y2_K8_sq,60,27,3,0,26,134,0,0,0,1.9182366,2.7117174,1.3717201,0.9361588
Y2_K8_sq_r60_c37.tif,Y,Y2,Y2_K8_sq,60,37,2,0,17,138,0,2,2,1.4218736,2.8140464,0.940036,1.0003773
Y2_K8_sq_r60_c38.tif,Y,Y2,Y2_K8_sq,60,38,1,0,11,125,1,2,2,0.9758758,3.2189453,0.7066211,1.0369077
Y2_K8_sq_r60_c39.tif,Y,Y2,Y2_K8_sq,60,39,2,0,7,144,0,0,0,1.458567,2.886667,0.41326928,1.0706495
Y2_K8_sq_r60_c40.tif,Y,Y2,Y2_K8_sq,60,40,1,0,14,125,1,2,2,0.95525867,3.1509392,0.872134,1.0150012
Y2_K8_sq_r60_c46.tif,Y,Y2,Y2_K8_sq,60,46,0,0,34,68,1,2,2,0.4347652,4.302244,2.833279,0.75642943
Y2_K8_sq_r60_c47.tif,Y,Y2,Y2_K8_sq,60,47,1,0,16,134,2,2,2,0.88658,2.9244013,0.9210773,1.009583
Y2_K8_sq_r60_c48.tif,Y,Y2,Y2_K8_sq,60,48,2,0,3,123,2,0,0,1.7390608,3.4417953,0.22994727,1.0910252
Y2_K8_sq_r60_c49.tif,Y,Y2,Y2_K8_sq,60,49,1,0,2,151,2,2,2,0.8695304,2.8681629,0.13687338,1.1153193
Y2_K8_sq_r60_c50.tif,Y,Y2,Y2_K8_sq,60,50,3,0,3,125,1,0,0,2.3797672,3.364161,0.22476049,1.0836855
Y2_K8_sq_r60_c51.tif,Y,Y2,Y2_K8_sq,60,51,1,0,1,130,2,2,2,1.012289,3.339055,0.09560707,1.1184508
Y2_K8_sq_r61_c20.tif,Y,Y2,Y2_K8_sq,61,20,4,0,34,132,0,0,0,2.3659313,2.601357,1.7131454,0.88470525
Y2_K8_sq_r61_c21.tif,Y,Y2,Y2_K8_sq,61,21,0,0,16,157,0,2,2,0.25837472,2.5567622,0.8052847,1.0336028
Y2_K8_sq_r61_c22.tif,Y,Y2,Y2_K8_sq,61,22,3,0,2,141,1,0,0,2.1385746,3.0231986,0.14427193,1.098009
Y2_K8_sq_r61_c23.tif,Y,Y2,Y2_K8_sq,61,23,2,0,1,106,2,0,0,2.0367377,4.0309315,0.115417555,1.1018889
Y2_K8_sq_r61_c24.tif,Y,Y2,Y2_K8_sq,61,24,1,0,12,171,0,2,2,0.7292835,2.405556,0.57398516,1.0589181
Y2_K8_sq_r61_c25.tif,Y,Y2,Y2_K8_sq,61,25,2,0,21,176,1,2,2,1.1247656,2.2260368,0.91357875,1.0084627
Y2_K8_sq_r61_c26.tif,Y,Y2,Y2_K8_sq,61,26,1,0,41,183,1,2,2,0.59756273,1.9710722,1.5614418,0.92837065
Y2_K8_sq_r61_c27.tif,Y,Y2,Y2_K8_sq,61,27,0,1,32,163,1,1,1,0.2283615,6.779294,1.4019152,0.9483393
Y2_K8_sq_r61_c37.tif,Y,Y2,Y2_K8_sq,61,37,3,0,12,136,1,0,0,2.0686865,2.9244013,0.69778585,1.0245954
Y2_K8_sq_r61_c38.tif,Y,Y2,Y2_K8_sq,61,38,0,1,10,144,1,1,1,0.2879973,8.549683,0.5712066,1.0570107
Y2_K8_sq_r61_c39.tif,Y,Y2,Y2_K8_sq,61,39,3,0,10,146,1,0,0,1.9658947,2.7790895,0.5570151,1.0450159
Y2_K8_sq_r61_c40.tif,Y,Y2,Y2_K8_sq,61,40,1,0,16,139,2,2,2,0.8585236,2.831857,0.89192927,1.0139774
Y2_K8_sq_r61_c45.tif,Y,Y2,Y2_K8_sq,61,45,2,0,25,117,1,2,2,1.5484787,3.0646124,1.4917324,0.9242644
Y2_K8_sq_r61_c46.tif,Y,Y2,Y2_K8_sq,61,46,0,0,10,61,1,1,1,0.61939144,6.129225,1.2284855,0.96752775
Y2_K8_sq_r61_c47.tif,Y,Y2,Y2_K8_sq,61,47,0,0,19,130,2,2,2,0.29944092,2.963135,1.1029637,0.9925325
Y2_K8_sq_r61_c48.tif,Y,Y2,Y2_K8_sq,61,48,2,0,6,145,2,0,0,1.458567,2.886667,0.35816672,1.0780588
Y2_K8_sq_r61_c49.tif,Y,Y2,Y2_K8_sq,61,49,1,0,7,105,2,2,2,1.1795368,3.890725,0.5570151,1.0535759
Y2_K8_sq_r61_c50.tif,Y,Y2,Y2_K8_sq,61,50,1,0,3,147,2,2,2,0.88658,2.9244013,0.19538003,1.1071635
Y2_K8_sq_r61_c51.tif,Y,Y2,Y2_K8_sq,61,51,4,0,1,150,1,0,0,2.591976,2.8498943,0.08160094,1.1009004
Y2_K8_sq_r62_c21.tif,Y,Y2,Y2_K8_sq,62,21,2,0,2,112,0,0,0,1.9159143,3.7918084,0.18095125,1.0949183
Y2_K8_sq_r62_c22.tif,Y,Y2,Y2_K8_sq,62,22,0,0,1,149,0,1,1,0.2974709,2.9436407,0.08428518,1.1295587
Y2_K8_sq_r62_c23.tif,Y,Y2,Y2_K8_sq,62,23,3,0,1,105,0,0,0,2.8514328,4.0309315,0.115417555,1.0915426
Y2_K8_sq_r62_c24.tif,Y,Y2,Y2_K8_sq,62,24,2,0,11,143,1,0,0,1.4308727,2.831857,0.6216477,1.0430521
Y2_K8_sq_r62_c25.tif,Y,Y2,Y2_K8_sq,62,25,1,0,11,157,1,2,2,0.79325575,2.6165695,0.5743879,1.0577806
Y2_K8_sq_r62_c26.tif,Y,Y2,Y2_K8_sq,62,26,2,0,37,168,0,2,2,1.0817124,2.1408296,1.5324578,0.92590153
Y2_K8_sq_r62_c37.tif,Y,Y2,Y2_K8_sq,62,37,0,0,19,133,2,2,2,0.29360765,2.9054117,1.0814774,0.9955698
Y2_K8_sq_r62_c38.tif,Y,Y2,Y2_K8_sq,62,38,1,0,8,139,1,2,2,0.90431154,2.9828894,0.48398426,1.0680562
Y2_K8_sq_r62_c39.tif,Y,Y2,Y2_K8_sq,62,39,0,0,10,136,1,2,2,0.30551067,3.0231986,0.60594213,1.0592101
Y2_K8_sq_r62_c40.tif,Y,Y2,Y2_K8_sq,62,40,0,0,17,150,2,2,2,0.2675478,2.6475348,0.8844125,1.02273
Y2_K8_sq_r62_c41.tif,Y,Y2,Y2_K8_sq,62,41,3,0,16,155,1,0,0,1.7983468,2.5422354,0.80070925,1.0146796
Y2_K8_sq_r62_c45.tif,Y,Y2,Y2_K8_sq,62,45,0,0,20,146,2,2,2,0.26914033,2.663294,1.0421929,1.0014737
Y2_K8_sq_r62_c46.tif,Y,Y2,Y2_K8_sq,62,46,0,0,22,146,2,2,2,0.265974,2.631961,1.130413,0.9896916
Y2_K8_sq_r62_c47.tif,Y,Y2,Y2_K8_sq,62,47,0,0,18,146,2,2,2,0.27238297,2.6953819,0.95184714,1.0135396
Y2_K8_sq_r62_c48.tif,Y,Y2,Y2_K8_sq,62,48,0,0,6,147,2,1,1,0.2917134,2.886667,0.35816672,1.0928775
Y2_K8_sq_r62_c49.tif,Y,Y2,Y2_K8_sq,62,49,1,0,7,97,2,2,2,1.2677264,4.1816206,0.5986611,1.0464826
Y2_K8_sq_r62_c50.tif,Y,Y2,Y2_K8_sq,62,50,2,0,3,168,2,0,0,1.2918737,2.5567622,0.17081797,1.105791
Y2_K8_sq_r62_c51.tif,Y,Y2,Y2_K8_sq,62,51,0,0,4,139,2,1,1,0.31183156,3.0857475,0.26506236,1.1048858
Y2_K8_sq_r63_c23.tif,Y,Y2,Y2_K8_sq,63,23,4,0,2,154,0,0,0,2.5119765,2.7619345,0.13180399,1.0952787
Y2_K8_sq_r63_c24.tif,Y,Y2,Y2_K8_sq,63,24,3,0,14,167,0,0,0,1.7016616,2.405556,0.66582274,1.0342202
Y2_K8_sq_r63_c25.tif,Y,Y2,Y2_K8_sq,63,25,1,0,9,164,0,2,2,0.77072006,2.5422354,0.46101442,1.0734069
Y2_K8_sq_r63_c26.tif,Y,Y2,Y2_K8_sq,63,26,2,0,37,167,0,2,2,1.086913,2.151122,1.5398254,0.92483157
Y2_K8_sq_r63_c36.tif,Y,Y2,Y2_K8_sq,63,36,1,0,5,121,0,2,2,1.051525,3.4684758,0.36414686,1.0816773
Y2_K8_sq_r63_c37.tif,Y,Y2,Y2_K8_sq,63,37,0,0,6,148,2,1,1,0.28984344,2.8681629,0.35587078,1.0932337
Y2_K8_sq_r63_c38.tif,Y,Y2,Y2_K8_sq,63,38,1,0,13,152,1,2,2,0.8074211,2.663294,0.6863222,1.0424896
Y2_K8_sq_r63_c39.tif,Y,Y2,Y2_K8_sq,63,39,1,0,4,52,1,1,1,2.299097,7.5836167,0.65142447,1.0219238
Y2_K8_sq_r63_c40.tif,Y,Y2,Y2_K8_sq,63,40,0,0,7,36,1,1,1,1.0047907,9.942965,1.4234831,0.93151855
Y2_K8_sq_r63_c41.tif,Y,Y2,Y2_K8_sq,63,41,2,0,14,146,2,2,2,1.3785237,2.7282524,0.7551404,1.0258998
Y2_K8_sq_r63_c42.tif,Y,Y2,Y2_K8_sq,63,42,0,0,37,149,1,2,2,0.24050838,2.3799648,1.7036368,0.91326016
Y2_K8_sq_r63_c43.tif,Y,Y2,Y2_K8_sq,63,43,2,0,14,128,2,0,0,1.5484787,3.0646124,0.84823996,1.0107912
Y2_K8_sq_r63_c44.tif,Y,Y2,Y2_K8_sq,63,44,0,0,16,133,1,2,2,0.29944092,2.963135,0.933277,1.0153494
Y2_K8_sq_r63_c45.tif,Y,Y2,Y2_K8_sq,63,45,2,0,13,140,1,0,0,1.4399866,2.8498943,0.7344085,1.0277508
Y2_K8_sq_r63_c50.tif,Y,Y2,Y2_K8_sq,63,50,0,0,5,133,2,1,1,0.32296842,3.195953,0.33553532,1.0951269
Y2_K8_sq_r63_c51.tif,Y,Y2,Y2_K8_sq,63,51,4,0,0,138,0,0,0,2.8259735,3.1071763,0.029655898,1.1045833
Y2_K8_sq_r64_c23.tif,Y,Y2,Y2_K8_sq,64,23,2,0,1,78,0,0,0,2.72383,5.3907638,0.15435359,1.0861824
Y2_K8_sq_r64_c24.tif,Y,Y2,Y2_K8_sq,64,24,3,0,6,159,0,0,0,1.861818,2.631961,0.32656378,1.077514
Y2_K8_sq_r64_c25.tif,Y,Y2,Y2_K8_sq,64,25,4,0,13,179,0,0,0,2.0552535,2.2597647,0.58233404,1.0411432
Y2_K8_sq_r64_c26.tif,Y,Y2,Y2_K8_sq,64,26,3,0,23,153,0,0,0,1.7486688,2.4720078,1.1089011,0.9739597
Y2_K8_sq_r64_c27.tif,Y,Y2,Y2_K8_sq,64,27,0,0,30,167,0,2,2,0.22721395,2.248409,1.3090322,0.9666581
Y2_K8_sq_r64_c33.tif,Y,Y2,Y2_K8_sq,64,33,0,0,14,116,1,2,2,0.34254226,3.389647,0.93820477,1.013592
Y2_K8_sq_r64_c36.tif,Y,Y2,Y2_K8_sq,64,36,1,0,2,160,1,2,2,0.82210135,2.7117174,0.12940755,1.1171263
Y2_K8_sq_r64_c37.tif,Y,Y2,Y2_K8_sq,64,37,2,0,7,150,1,0,0,1.4042104,2.7790895,0.39786795,1.0735488
Y2_K8_sq_r64_c38.tif,Y,Y2,Y2_K8_sq,64,38,1,0,7,163,1,2,2,0.78408515,2.5863202,0.37027016,1.0853826
Y2_K8_sq_r64_c39.tif,Y,Y2,Y2_K8_sq,64,39,0,0,7,126,2,1,1,0.3349302,3.3143213,0.47449437,1.0761379
Y2_K8_sq_r64_c40.tif,Y,Y2,Y2_K8_sq,64,40,0,0,9,117,1,1,1,0.3532467,3.4955733,0.6338948,1.054239
Y2_K8_sq_r64_c41.tif,Y,Y2,Y2_K8_sq,64,41,2,0,13,130,2,0,0,1.5379449,3.0437646,0.7843683,1.0195402
Y2_K8_sq_r64_c42.tif,Y,Y2,Y2_K8_sq,64,42,0,0,13,149,1,2,2,0.27570474,2.7282524,0.7030618,1.046908
Y2_K8_sq_r64_c43.tif,Y,Y2,Y2_K8_sq,64,43,0,0,10,146,2,2,2,0.28617454,2.831857,0.56759137,1.0648581
Y2_K8_sq_r64_c44.tif,Y,Y2,Y2_K8_sq,64,44,1,0,9,116,2,2,2,1.0597401,3.4955733,0.6338948,1.0452667
Y2_K8_sq_r64_c45.tif,Y,Y2,Y2_K8_sq,64,45,1,0,21,114,1,2,2,0.98294735,3.242271,1.3306472,0.9528786
Y2_K8_sq_r64_c50.tif,Y,Y2,Y2_K8_sq,64,50,0,0,5,172,2,2,2,0.252601,2.4996278,0.26242986,1.1067442
Y2_K8_sq_r64_c51.tif,Y,Y2,Y2_K8_sq,64,51,1,0,3,106,0,1,1,1.2111316,3.9949412,0.26690307,1.0920507
Y2_K8_sq_r65_c24.tif,Y,Y2,Y2_K8_sq,65,24,7,0,1,62,0,0,0,9.419911,6.2143526,0.17793539,0.99691635
Y2_K8_sq_r65_c25.tif,Y,Y2,Y2_K8_sq,65,25,6,0,12,168,0,0,0,3.126609,2.3799648,0.5678789,1.0293267
Y2_K8_sq_r65_c26.tif,Y,Y2,Y2_K8_sq,65,26,1,0,22,189,0,2,2,0.6338632,2.0908103,0.89799166,1.0169665
Y2_K8_sq_r65_c27.tif,Y,Y2,Y2_K8_sq,65,27,1,0,25,179,0,2,2,0.65529823,2.161514,1.0521396,0.9958761
Y2_K8_sq_r65_c28.tif,Y,Y2,Y2_K8_sq,65,28,2,0,25,152,0,2,2,1.2490491,2.4720078,1.2032758,0.9676147
Y2_K8_sq_r65_c31.tif,Y,Y2,Y2_K8_sq,65,31,2,0,19,136,0,2,2,1.4218736,2.8140464,1.0474687,0.98593146
Y2_K8_sq_r65_c34.tif,Y,Y2,Y2_K8_sq,65,34,1,0,7,134,2,2,2,0.9419912,3.1071763,0.44483846,1.0726819
Y2_K8_sq_r65_c35.tif,Y,Y2,Y2_K8_sq,65,35,1,0,7,147,1,2,2,0.8639919,2.8498943,0.40800473,1.0789555
Y2_K8_sq_r65_c36.tif,Y,Y2,Y2_K8_sq,65,36,1,0,7,144,1,2,2,0.8808229,2.9054117,0.41595283,1.0776018
Y2_K8_sq_r65_c37.tif,Y,Y2,Y2_K8_sq,65,37,3,0,8,137,2,0,0,2.1100602,2.9828894,0.48398426,1.0527437
Y2_K8_sq_r65_c38.tif,Y,Y2,Y2_K8_sq,65,38,2,0,7,146,0,0,0,1.4399866,2.8498943,0.40800473,1.0716406
Y2_K8_sq_r65_c39.tif,Y,Y2,Y2_K8_sq,65,39,0,0,8,159,2,2,2,0.2675478,2.6475348,0.42957184,1.0838898
Y2_K8_sq_r65_c40.tif,Y,Y2,Y2_K8_sq,65,40,0,0,10,154,2,2,2,0.27238297,2.6953819,0.5402376,1.0688865
Y2_K8_sq_r65_c41.tif,Y,Y2,Y2_K8_sq,65,41,3,0,8,136,1,0,0,2.1242218,3.0029087,0.48723248,1.0521013
Y2_K8_sq_r65_c42.tif,Y,Y2,Y2_K8_sq,65,42,1,0,14,136,1,2,2,0.88658,2.9244013,0.8094316,1.0245954
Y2_K8_sq_r65_c43.tif,Y,Y2,Y2_K8_sq,65,43,1,0,6,138,2,2,2,0.92276686,3.0437646,0.37765878,1.0820408
Y2_K8_sq_r65_c44.tif,Y,Y2,Y2_K8_sq,65,44,2,0,10,145,2,0,0,1.4218736,2.8140464,0.5640216,1.0509379
Y2_K8_sq_r65_c45.tif,Y,Y2,Y2_K8_sq,65,45,2,0,10,131,1,0,0,1.5591578,3.0857475,0.6184789,1.0415231
Y2_K8_sq_r65_c50.tif,Y,Y2,Y2_K8_sq,65,50,3,0,3,155,2,0,0,1.9417733,2.74499,0.18339352,1.0956049
Y2_K8_sq_r65_c51.tif,Y,Y2,Y2_K8_sq,65,51,1,0,2,78,0,1,1,1.634298,5.3907638,0.257256,1.0861824
Y2_K8_sq_r66_c25.tif,Y,Y2,Y2_K8_sq,66,25,4,0,4,154,0,0,0,2.4813426,2.7282524,0.23435393,1.0819217
Y2_K8_sq_r66_c26.tif,Y,Y2,Y2_K8_sq,66,26,2,0,17,192,0,2,2,1.0613986,2.1006262,0.701717,1.0379162
Y2_K8_sq_r66_c27.tif,Y,Y2,Y2_K8_sq,66,27,1,0,13,185,0,2,2,0.67485934,2.2260368,0.5736425,1.0598857
Y2_K8_sq_r66_c28.tif,Y,Y2,Y2_K8_sq,66,28,2,0,14,191,0,2,2,1.0817124,2.1408296,0.5925504,1.0522857
Y2_K8_sq_r66_c29.tif,Y,Y2,Y2_K8_sq,66,29,3,0,11,172,0,0,0,1.6835587,2.3799648,0.5224486,1.0537617
Y2_K8_sq_r66_c30.tif,Y,Y2,Y2_K8_sq,66,30,4,0,10,155,0,0,0,2.3797672,2.6165695,0.5244411,1.0443485
Y2_K8_sq_r66_c34.tif,Y,Y2,Y2_K8_sq,66,34,0,0,11,151,1,2,2,0.27570474,2.7282524,0.5989045,1.0609134
Y2_K8_sq_r66_c35.tif,Y,Y2,Y2_K8_sq,66,35,1,0,5,147,2,2,2,0.8751402,2.886667,0.30306414,1.0928775
Y2_K8_sq_r66_c36.tif,Y,Y2,Y2_K8_sq,66,36,0,0,6,189,2,2,2,0.2295207,2.2712355,0.2818063,1.104725
Y2_K8_sq_r66_c37.tif,Y,Y2,Y2_K8_sq,66,37,2,0,13,144,1,0,0,1.4042104,2.7790895,0.7161623,1.0307496
Y2_K8_sq_r66_c38.tif,Y,Y2,Y2_K8_sq,66,38,1,1,9,177,2,1,1,0.71393013,7.064738,0.42704493,1.0728918
Y2_K8_sq_r66_c39.tif,Y,Y2,Y2_K8_sq,66,39,1,0,13,149,1,2,2,0.82210135,2.7117174,0.69880074,1.0405631
Y2_K8_sq_r66_c40.tif,Y,Y2,Y2_K8_sq,66,40,1,0,7,83,1,2,2,1.458567,4.811112,0.68878216,1.031133
Y2_K8_sq_r66_c41.tif,Y,Y2,Y2_K8_sq,66,41,2,0,8,141,1,0,0,1.4776334,2.9244013,0.47449437,1.0621263
Y2_K8_sq_r66_c42.tif,Y,Y2,Y2_K8_sq,66,42,2,0,9,155,2,0,0,1.3457017,2.663294,0.4829675,1.0629976
Y2_K8_sq_r66_c43.tif,Y,Y2,Y2_K8_sq,66,43,1,0,8,177,2,2,2,0.7215252,2.3799648,0.38615763,1.0843056
Y2_K8_sq_r66_c44.tif,Y,Y2,Y2_K8_sq,66,44,2,0,5,139,2,0,0,1.5275532,3.0231986,0.31739825,1.0824895
Y2_K8_sq_r66_c45.tif,Y,Y2,Y2_K8_sq,66,45,2,0,9,140,1,0,0,1.4776334,2.9244013,0.53031725,1.0546201
Y2_K8_sq_r66_c46.tif,Y,Y2,Y2_K8_sq,66,46,2,0,20,148,1,2,2,1.3144064,2.601357,1.0179559,0.9915376
Y2_K8_sq_r66_c47.tif,Y,Y2,Y2_K8_sq,66,47,1,0,17,142,2,2,2,0.8373255,2.7619345,0.922628,1.0102085
Y2_K8_sq_r66_c48.tif,Y,Y2,Y2_K8_sq,66,48,4,0,11,166,2,0,0,2.223717,2.444991,0.53672314,1.044899
Y2_K8_sq_r66_c49.tif,Y,Y2,Y2_K8_sq,66,49,2,0,3,183,2,0,0,1.1898836,2.3549128,0.15733233,1.1091586
Y2_K8_sq_r66_c50.tif,Y,Y2,Y2_K8_sq,66,50,3,0,7,168,2,0,0,1.7583836,2.4857411,0.35587078,1.0750746
Y2_K8_sq_r67_c25.tif,Y,Y2,Y2_K8_sq,67,25,3,0,0,71,0,0,0,4.1645927,5.8872814,0.056190122,1.0804474
Y2_K8_sq_r67_c26.tif,Y,Y2,Y2_K8_sq,67,26,2,0,6,193,0,0,0,1.1136842,2.2041054,0.27347705,1.0947025
Y2_K8_sq_r67_c27.tif,Y,Y2,Y2_K8_sq,67,27,0,0,15,179,0,2,2,0.23069172,2.2828233,0.6754282,1.051767
Y2_K8_sq_r67_c28.tif,Y,Y2,Y2_K8_sq,67,28,3,0,20,191,0,0,0,1.4653196,2.071451,0.81059456,1.0181838
Y2_K8_sq_r67_c29.tif,Y,Y2,Y2_K8_sq,67,29,0,0,12,192,0,2,2,0.21949309,2.1720068,0.5182584,1.0731852
Y2_K8_sq_r67_c30.tif,Y,Y2,Y2_K8_sq,67,30,1,0,13,167,0,2,2,0.74123895,2.444991,0.6300663,1.0511748
Y2_K8_sq_r67_c34.tif,Y,Y2,Y2_K8_sq,67,34,1,0,4,143,1,2,2,0.90431154,2.9828894,0.25622696,1.0986814
Y2_K8_sq_r67_c35.tif,Y,Y2,Y2_K8_sq,67,35,2,0,3,156,2,0,0,1.3869809,2.74499,0.18339352,1.1026506
Y2_K8_sq_r67_c36.tif,Y,Y2,Y2_K8_sq,67,36,1,0,5,160,1,2,2,0.8074211,2.663294,0.27961278,1.0971776
Y2_K8_sq_r67_c37.tif,Y,Y2,Y2_K8_sq,67,37,1,0,9,162,1,2,2,0.7795789,2.5714562,0.46631345,1.0725445
Y2_K8_sq_r67_c38.tif,Y,Y2,Y2_K8_sq,67,38,2,0,11,161,2,0,0,1.2845335,2.5422354,0.55807006,1.0538311
Y2_K8_sq_r67_c39.tif,Y,Y2,Y2_K8_sq,67,39,0,0,8,156,2,2,2,0.27238297,2.6953819,0.43733516,1.0827231
Y2_K8_sq_r67_c40.tif,Y,Y2,Y2_K8_sq,67,40,0,0,8,156,1,2,2,0.27238297,2.6953819,0.43733516,1.0827231
Y2_K8_sq_r67_c41.tif,Y,Y2,Y2_K8_sq,67,41,0,0,10,163,1,2,2,0.25837472,2.5567622,0.5124539,1.0729781
Y2_K8_sq_r67_c42.tif,Y,Y2,Y2_K8_sq,67,42,1,0,11,133,2,2,2,0.92276686,3.0437646,0.6681655,1.0429779
Y2_K8_sq_r67_c43.tif,Y,Y2,Y2_K8_sq,67,43,2,0,11,159,2,0,0,1.2992982,2.5714562,0.56448466,1.0527437
Y2_K8_sq_r67_c44.tif,Y,Y2,Y2_K8_sq,67,44,1,0,8,171,2,2,2,0.74531174,2.4584253,0.39888814,1.082191
Y2_K8_sq_r67_c45.tif,Y,Y2,Y2_K8_sq,67,45,0,0,15,169,2,2,2,0.2430945,2.405556,0.71174157,1.0465692
Y2_K8_sq_r67_c46.tif,Y,Y2,Y2_K8_sq,67,46,1,0,30,155,2,2,2,0.7215252,2.3799648,1.3856245,0.9499127
Y2_K8_sq_r67_c47.tif,Y,Y2,Y2_K8_sq,67,47,0,0,11,155,1,2,2,0.26914033,2.663294,0.58464485,1.0629976
Y2_K8_sq_r67_c48.tif,Y,Y2,Y2_K8_sq,67,48,3,0,2,120,1,0,0,2.4921973,3.5230975,0.16812792,1.0896688
Y2_K8_sq_r67_c49.tif,Y,Y2,Y2_K8_sq,67,49,3,0,5,181,1,0,0,1.6571155,2.3425832,0.24594212,1.0913259
Y2_K8_sq_r67_c50.tif,Y,Y2,Y2_K8_sq,67,50,2,0,1,165,0,0,0,1.32987,2.631961,0.07536087,1.1180475
Y2_K8_sq_r68_c26.tif,Y,Y2,Y2_K8_sq,68,26,2,0,10,145,0,0,0,1.4218736,2.8140464,0.5640216,1.0509379
Y2_K8_sq_r68_c27.tif,Y,Y2,Y2_K8_sq,68,27,3,0,11,168,0,0,0,1.7201577,2.4317033,0.53380615,1.0517033
Y2_K8_sq_r68_c28.tif,Y,Y2,Y2_K8_sq,68,28,0,0,10,182,0,2,2,0.23306999,2.3063576,0.46226513,1.0803695
Y2_K8_sq_r68_c29.tif,Y,Y2,Y2_K8_sq,68,29,5,0,10,179,0,0,0,2.5376089,2.2828233,0.45754814,1.051767
Y2_K8_sq_r68_c30.tif,Y,Y2,Y2_K8_sq,68,30,0,0,10,189,0,2,2,0.22495311,2.2260368,0.44616637,1.0827404
Y2_K8_sq_r68_c31.tif,Y,Y2,Y2_K8_sq,68,31,2,0,12,159,0,0,0,1.2918737,2.5567622,0.6100642,1.0467279
Y2_K8_sq_r68_c32.tif,Y,Y2,Y2_K8_sq,68,32,1,0,25,135,2,2,2,0.83218855,2.74499,1.3361529,0.9546911
Y2_K8_sq_r68_c33.tif,Y,Y2,Y2_K8_sq,68,33,3,0,11,145,1,0,0,1.9658947,2.7790895,0.6100642,1.0378827
Y2_K8_sq_r68_c34.tif,Y,Y2,Y2_K8_sq,68,34,1,0,4,154,1,2,2,0.8425263,2.7790895,0.23872077,1.1020817
Y2_K8_sq_r68_c35.tif,Y,Y2,Y2_K8_sq,68,35,2,0,1,174,1,0,0,1.2630049,2.4996278,0.07157178,1.119576
Y2_K8_sq_r68_c36.tif,Y,Y2,Y2_K8_sq,68,36,3,0,14,164,1,0,0,1.7295576,2.444991,0.67673784,1.0323477
Y2_K8_sq_r68_c37.tif,Y,Y2,Y2_K8_sq,68,37,0,1,13,172,1,1,1,0.24050838,7.1398945,0.6133092,1.0537617
Y2_K8_sq_r68_c38.tif,Y,Y2,Y2_K8_sq,68,38,3,0,8,163,2,0,0,1.7983468,2.5422354,0.41248658,1.0668817
Y2_K8_sq_r68_c39.tif,Y,Y2,Y2_K8_sq,68,39,0,0,8,161,2,2,2,0.26441857,2.6165695,0.42454758,1.0846449
Y2_K8_sq_r68_c40.tif,Y,Y2,Y2_K8_sq,68,40,0,0,8,166,2,2,2,0.2569067,2.5422354,0.41248658,1.0864575
Y2_K8_sq_r68_c41.tif,Y,Y2,Y2_K8_sq,68,41,1,0,7,162,2,2,2,0.78864384,2.601357,0.3724229,1.0850159
Y2_K8_sq_r68_c42.tif,Y,Y2,Y2_K8_sq,68,42,2,0,8,176,2,0,0,1.202542,2.3799648,0.38615763,1.0781968
Y2_K8_sq_r68_c43.tif,Y,Y2,Y2_K8_sq,68,43,0,0,5,121,2,1,1,0.3532467,3.4955733,0.36699173,1.090128
Y2_K8_sq_r68_c44.tif,Y,Y2,Y2_K8_sq,68,44,0,0,6,165,2,2,2,0.26136172,2.5863202,0.3209008,1.0986594
Y2_K8_sq_r68_c45.tif,Y,Y2,Y2_K8_sq,68,45,2,0,12,170,1,0,0,1.2154726,2.405556,0.57398516,1.0527437
Y2_K8_sq_r68_c46.tif,Y,Y2,Y2_K8_sq,68,46,2,0,10,164,1,0,0,1.2701005,2.5136707,0.5038171,1.0613463
Y2_K8_sq_r68_c47.tif,Y,Y2,Y2_K8_sq,68,47,0,0,6,150,2,1,1,0.28617454,2.831857,0.3513661,1.0939326
Y2_K8_sq_r68_c48.tif,Y,Y2,Y2_K8_sq,68,48,0,0,5,163,2,1,1,0.265974,2.631961,0.2763232,1.1045363
Y2_K8_sq_r68_c49.tif,Y,Y2,Y2_K8_sq,68,49,0,0,7,157,1,2,2,0.27238297,2.6953819,0.385884,1.0896416
Y2_K8_sq_r68_c50.tif,Y,Y2,Y2_K8_sq,68,50,6,0,1,111,0,0,0,4.898354,3.7286117,0.10676123,1.0670992
Y2_K8_sq_r69_c26.tif,Y,Y2,Y2_K8_sq,69,26,2,0,1,74,0,0,0,2.8617454,5.663714,0.16216895,1.0830297
Y2_K8_sq_r69_c27.tif,Y,Y2,Y2_K8_sq,69,27,1,0,7,163,0,2,2,0.78408515,2.5863202,0.37027016,1.0853826
Y2_K8_sq_r69_c28.tif,Y,Y2,Y2_K8_sq,69,28,1,0,11,176,0,2,2,0.71393013,2.3549128,0.5169491,1.0668474
Y2_K8_sq_r69_c29.tif,Y,Y2,Y2_K8_sq,69,29,2,0,9,181,0,0,0,1.16535,2.3063576,0.41823986,1.0744497
Y2_K8_sq_r69_c30.tif,Y,Y2,Y2_K8_sq,69,30,0,0,8,156,0,2,2,0.27238297,2.6953819,0.43733516,1.0827231
Y2_K8_sq_r69_c31.tif,Y,Y2,Y2_K8_sq,69,31,1,2,13,148,1,1,1,0.817149,13.47691,0.69459116,1.0273763
Y2_K8_sq_r69_c32.tif,Y,Y2,Y2_K8_sq,69,32,2,0,27,141,2,2,2,1.3144064,2.601357,1.3655506,0.9447984
Y2_K8_sq_r69_c33.tif,Y,Y2,Y2_K8_sq,69,33,2,0,15,163,1,2,2,1.2421862,2.4584253,0.72738427,1.0317098
Y2_K8_sq_r69_c34.tif,Y,Y2,Y2_K8_sq,69,34,1,0,8,176,2,2,2,0.7253836,2.392692,0.38822266,1.0839626
Y2_K8_sq_r69_c35.tif,Y,Y2,Y2_K8_sq,69,35,5,0,12,174,2,0,0,2.5770535,2.3183076,0.553167,1.0383632
Y2_K8_sq_r69_c36.tif,Y,Y2,Y2_K8_sq,69,36,2,0,15,177,1,2,2,1.1534586,2.2828233,0.6754282,1.0400481
Y2_K8_sq_r69_c37.tif,Y,Y2,Y2_K8_sq,69,37,1,0,9,187,1,2,2,0.6816419,2.248409,0.40773135,1.08208
Y2_K8_sq_r69_c38.tif,Y,Y2,Y2_K8_sq,69,38,1,0,10,144,1,2,2,0.8639919,2.8498943,0.5712066,1.0570107
Y2_K8_sq_r69_c39.tif,Y,Y2,Y2_K8_sq,69,39,3,0,7,163,1,0,0,1.8086231,2.5567622,0.36603853,1.0729781
Y2_K8_sq_r69_c40.tif,Y,Y2,Y2_K8_sq,69,40,2,0,6,170,1,0,0,1.2559882,2.4857411,0.30842134,1.0878351
Y2_K8_sq_r69_c41.tif,Y,Y2,Y2_K8_sq,69,41,0,0,8,171,1,2,2,0.24980983,2.4720078,0.40109193,1.0881699
Y2_K8_sq_r69_c42.tif,Y,Y2,Y2_K8_sq,69,42,6,0,5,128,1,0,0,4.1688123,3.1732864,0.33315563,1.0466348
Y2_K8_sq_r69_c43.tif,Y,Y2,Y2_K8_sq,69,43,2,0,9,155,2,0,0,1.3457017,2.663294,0.4829675,1.0629976
Y2_K8_sq_r69_c44.tif,Y,Y2,Y2_K8_sq,69,44,1,0,18,156,2,2,2,0.7663657,2.5278723,0.8926928,1.0154353
Y2_K8_sq_r69_c45.tif,Y,Y2,Y2_K8_sq,69,45,3,0,16,166,2,0,0,1.6925617,2.392692,0.7536087,1.0225482
Y2_K8_sq_r69_c46.tif,Y,Y2,Y2_K8_sq,69,46,3,0,4,124,2,0,0,2.3797672,3.364161,0.28897777,1.0750506
Y2_K8_sq_r69_c47.tif,Y,Y2,Y2_K8_sq,69,47,2,0,5,144,1,0,0,1.4776334,2.9244013,0.3070258,1.0846449
Y2_K8_sq_r69_c48.tif,Y,Y2,Y2_K8_sq,69,48,2,0,12,150,1,0,0,1.361915,2.6953819,0.64313996,1.041213
Y2_K8_sq_r69_c49.tif,Y,Y2,Y2_K8_sq,69,49,0,0,7,116,1,1,1,0.36172464,3.5794673,0.5124539,1.0703532
Y2_K8_sq_r69_c50.tif,Y,Y2,Y2_K8_sq,69,50,2,0,1,87,0,0,0,2.4573684,4.8634067,0.13925378,1.0922735
Y2_K8_sq_r6_c18.tif,Y,Y2,Y2_K8_sq,6,18,0,0,1,77,0,1,1,0.5651947,5.5929174,0.16014186,1.1125586
Y2_K8_sq_r6_c19.tif,Y,Y2,Y2_K8_sq,6,19,1,0,2,130,0,2,2,1.0047907,3.3143213,0.15816478,1.110166
Y2_K8_sq_r6_c20.tif,Y,Y2,Y2_K8_sq,6,20,0,0,11,149,1,2,2,0.2791085,2.7619345,0.6062984,1.0598328
Y2_K8_sq_r6_c21.tif,Y,Y2,Y2_K8_sq,6,21,1,0,24,151,1,2,2,0.7620603,2.5136707,1.1755731,0.9774708
Y2_K8_sq_r6_c22.tif,Y,Y2,Y2_K8_sq,6,22,1,0,25,154,1,2,2,0.74531174,2.4584253,1.1966645,0.9749184
Y2_K8_sq_r6_c23.tif,Y,Y2,Y2_K8_sq,6,23,1,1,53,126,1,1,1,0.74123895,7.3349733,2.4969294,0.79387224
Y2_K8_sq_r6_c32.tif,Y,Y2,Y2_K8_sq,6,32,1,0,24,115,1,2,2,0.95525867,3.1509392,1.4736058,0.93412465
Y2_K8_sq_r6_c33.tif,Y,Y2,Y2_K8_sq,6,33,1,0,24,155,1,2,2,0.74531174,2.4584253,1.1497364,0.9812286
Y2_K8_sq_r6_c34.tif,Y,Y2,Y2_K8_sq,6,34,3,0,9,149,2,0,0,1.9417733,2.74499,0.49778244,1.0533308
Y2_K8_sq_r6_c35.tif,Y,Y2,Y2_K8_sq,6,35,2,0,9,156,1,0,0,1.337739,2.6475348,0.4801097,1.0635033
Y2_K8_sq_r6_c36.tif,Y,Y2,Y2_K8_sq,6,36,1,0,6,108,0,2,2,1.1593738,3.8242173,0.47449437,1.0650133
Y2_K8_sq_r70_c27.tif,Y,Y2,Y2_K8_sq,70,27,4,0,7,112,0,0,0,3.2555215,3.5794673,0.5124539,1.0336028
Y2_K8_sq_r70_c28.tif,Y,Y2,Y2_K8_sq,70,28,0,0,19,186,0,2,2,0.21843274,2.161514,0.8045774,1.0347124
Y2_K8_sq_r70_c29.tif,Y,Y2,Y2_K8_sq,70,29,2,0,14,204,0,2,2,1.0183688,2.0154657,0.5578515,1.0579169
Y2_K8_sq_r70_c30.tif,Y,Y2,Y2_K8_sq,70,30,0,0,14,159,0,2,2,0.25837472,2.5567622,0.70767444,1.0467279
Y2_K8_sq_r70_c31.tif,Y,Y2,Y2_K8_sq,70,31,0,0,27,130,0,2,2,0.28437468,2.8140464,1.4771994,0.94259375
Y2_K8_sq_r70_c32.tif,Y,Y2,Y2_K8_sq,70,32,2,0,11,113,1,0,0,1.7662334,3.4955733,0.7673464,1.01835
Y2_K8_sq_r70_c33.tif,Y,Y2,Y2_K8_sq,70,33,1,0,20,153,0,2,2,0.77072006,2.5422354,0.9948206,1.001629
Y2_K8_sq_r70_c34.tif,Y,Y2,Y2_K8_sq,70,34,1,0,4,195,2,2,2,0.6715185,2.2150168,0.19026755,1.1114926
Y2_K8_sq_r70_c35.tif,Y,Y2,Y2_K8_sq,70,35,1,0,6,187,1,2,2,0.6920752,2.2828233,0.28324407,1.0986425
Y2_K8_sq_r70_c36.tif,Y,Y2,Y2_K8_sq,70,36,2,0,8,183,1,0,0,1.1593738,2.2945304,0.3722956,1.0807186
Y2_K8_sq_r70_c37.tif,Y,Y2,Y2_K8_sq,70,37,0,0,18,163,0,2,2,0.24707966,2.444991,0.8634242,1.026072
Y2_K8_sq_r70_c38.tif,Y,Y2,Y2_K8_sq,70,38,3,0,5,159,2,0,0,1.8728346,2.6475348,0.27795824,1.0838898
Y2_K8_sq_r70_c39.tif,Y,Y2,Y2_K8_sq,70,39,2,0,15,170,1,2,2,1.1961793,2.3673723,0.70044404,1.0360334
Y2_K8_sq_r70_c40.tif,Y,Y2,Y2_K8_sq,70,40,0,0,11,198,1,2,2,0.21429184,2.1205375,0.4654992,1.0804116
Y2_K8_sq_r70_c41.tif,Y,Y2,Y2_K8_sq,70,41,2,0,8,175,1,0,0,1.2089727,2.392692,0.38822266,1.0778211
Y2_K8_sq_r70_c42.tif,Y,Y2,Y2_K8_sq,70,42,6,0,9,134,0,0,0,3.892732,2.963135,0.5373413,1.022955
Y2_K8_sq_r70_c43.tif,Y,Y2,Y2_K8_sq,70,43,0,0,6,164,2,2,2,0.26288125,2.601357,0.3227665,1.09837
Y2_K8_sq_r70_c44.tif,Y,Y2,Y2_K8_sq,70,44,3,0,17,182,2,0,0,1.551515,2.193301,0.73267514,1.0274103
Y2_K8_sq_r70_c45.tif,Y,Y2,Y2_K8_sq,70,45,3,0,7,184,2,0,0,1.6148422,2.2828233,0.3268201,1.0810642
Y2_K8_sq_r70_c46.tif,Y,Y2,Y2_K8_sq,70,46,3,0,5,177,2,0,0,1.6925617,2.392692,0.2512029,1.090104
Y2_K8_sq_r70_c47.tif,Y,Y2,Y2_K8_sq,70,47,1,0,3,169,0,2,2,0.77512413,2.5567622,0.17081797,1.1123536
Y2_K8_sq_r70_c48.tif,Y,Y2,Y2_K8_sq,70,48,1,0,8,161,2,2,2,0.78864384,2.601357,0.4220793,1.0783389
Y2_K8_sq_r70_c49.tif,Y,Y2,Y2_K8_sq,70,49,1,0,3,95,1,1,1,1.343037,4.4300337,0.29597175,1.0859083
Y2_K8_sq_r71_c27.tif,Y,Y2,Y2_K8_sq,71,27,6,0,12,90,0,0,0,5.343659,4.0675764,0.9705567,0.94485915
Y2_K8_sq_r71_c28.tif,Y,Y2,Y2_K8_sq,71,28,3,0,16,141,0,0,0,1.9537596,2.7619345,0.8699063,1.0031193
Y2_K8_sq_r71_c29.tif,Y,Y2,Y2_K8_sq,71,29,2,0,19,151,0,2,2,1.2992982,2.5714562,0.95716965,0.9999414
Y2_K8_sq_r71_c30.tif,Y,Y2,Y2_K8_sq,71,30,2,1,25,153,0,1,1,1.2353983,7.3349733,1.1901252,0.9633153
Y2_K8_sq_r71_c31.tif,Y,Y2,Y2_K8_sq,71,31,2,1,51,124,0,1,1,1.2559882,7.4572234,2.443646,0.79434294
Y2_K8_sq_r71_c32.tif,Y,Y2,Y2_K8_sq,71,32,0,0,38,147,1,2,2,0.24179454,2.392692,1.7584203,0.9058611
Y2_K8_sq_r71_c33.tif,Y,Y2,Y2_K8_sq,71,33,2,0,29,156,1,2,2,1.1961793,2.3673723,1.3331032,0.9509632
Y2_K8_sq_r71_c34.tif,Y,Y2,Y2_K8_sq,71,34,0,0,17,175,1,2,2,0.23306999,2.3063576,0.7704419,1.0389307
Y2_K8_sq_r71_c35.tif,Y,Y2,Y2_K8_sq,71,35,2,0,10,141,1,0,0,1.458567,2.886667,0.57857704,1.0484215
Y2_K8_sq_r71_c36.tif,Y,Y2,Y2_K8_sq,71,36,1,0,4,161,1,2,2,0.8074211,2.663294,0.22877407,1.1040137
Y2_K8_sq_r71_c37.tif,Y,Y2,Y2_K8_sq,71,37,3,0,2,157,2,0,0,1.9299332,2.7282524,0.13019663,1.1029298
Y2_K8_sq_r71_c38.tif,Y,Y2,Y2_K8_sq,71,38,4,0,11,195,1,0,0,1.9195293,2.110535,0.46330345,1.0590637
Y2_K8_sq_r71_c39.tif,Y,Y2,Y2_K8_sq,71,39,3,0,12,168,1,0,0,1.7108597,2.4185588,0.5770877,1.0460185
Y2_K8_sq_r71_c40.tif,Y,Y2,Y2_K8_sq,71,40,3,0,12,174,1,0,0,1.6571155,2.3425832,0.55895936,1.0492362
Y2_K8_sq_r71_c41.tif,Y,Y2,Y2_K8_sq,71,41,2,0,7,168,0,0,0,1.2630049,2.4996278,0.3578589,1.0810806
Y2_K8_sq_r71_c42.tif,Y,Y2,Y2_K8_sq,71,42,3,0,6,166,1,0,0,1.7881866,2.5278723,0.31364882,1.0803193
Y2_K8_sq_r71_c43.tif,Y,Y2,Y2_K8_sq,71,43,1,0,3,183,1,2,2,0.71770763,2.3673723,0.15816478,1.1150272
Y2_K8_sq_r71_c44.tif,Y,Y2,Y2_K8_sq,71,44,1,0,7,167,2,2,2,0.7663657,2.5278723,0.3619025,1.0868077
Y2_K8_sq_r71_c45.tif,Y,Y2,Y2_K8_sq,71,45,2,0,6,167,1,0,0,1.2772762,2.5278723,0.31364882,1.0868077
Y2_K8_sq_r71_c46.tif,Y,Y2,Y2_K8_sq,71,46,1,0,5,164,1,2,2,0.78864384,2.601357,0.27311012,1.09837
Y2_K8_sq_r71_c47.tif,Y,Y2,Y2_K8_sq,71,47,4,0,14,185,2,0,0,1.985074,2.182602,0.6041123,1.039205
Y2_K8_sq_r71_c48.tif,Y,Y2,Y2_K8_sq,71,48,1,0,13,151,1,2,2,0.8122559,2.679242,0.6904319,1.0418551
Y2_K8_sq_r71_c49.tif,Y,Y2,Y2_K8_sq,71,49,3,0,1,117,0,0,0,2.5732443,3.6376698,0.1041573,1.0970942
Y2_K8_sq_r72_c28.tif,Y,Y2,Y2_K8_sq,72,28,4,0,16,93,0,0,0,3.5386105,3.890725,1.2254332,0.9337378
Y2_K8_sq_r72_c29.tif,Y,Y2,Y2_K8_sq,72,29,2,0,12,122,0,0,0,1.6382455,3.242271,0.7736321,1.0194553
Y2_K8_sq_r72_c30.tif,Y,Y2,Y2_K8_sq,72,30,2,0,9,150,0,0,0,1.3869809,2.74499,0.49778244,1.0603765
Y2_K8_sq_r72_c31.tif,Y,Y2,Y2_K8_sq,72,31,2,0,11,181,1,0,0,1.1534586,2.2828233,0.50112414,1.0634859
Y2_K8_sq_r72_c32.tif,Y,Y2,Y2_K8_sq,72,32,1,0,4,129,0,2,2,0.9974025,3.2899516,0.28260326,1.0935585
Y2_K8_sq_r72_c33.tif,Y,Y2,Y2_K8_sq,72,33,2,0,0,154,1,0,0,1.4308727,2.831857,0.02702816,1.1230073
Y2_K8_sq_r72_c34.tif,Y,Y2,Y2_K8_sq,72,34,3,0,2,120,1,0,0,2.4921973,3.5230975,0.16812792,1.0896688
Y2_K8_sq_r72_c35.tif,Y,Y2,Y2_K8_sq,72,35,3,0,2,153,0,0,0,1.9781815,2.7964587,0.13345154,1.101792
Y2_K8_sq_r72_c36.tif,Y,Y2,Y2_K8_sq,72,36,2,0,2,176,0,0,0,1.2421862,2.4584253,0.11732004,1.1137418
Y2_K8_sq_r72_c37.tif,Y,Y2,Y2_K8_sq,72,37,2,0,5,176,0,0,0,1.2220427,2.4185588,0.25391862,1.0956811
Y2_K8_sq_r72_c38.tif,Y,Y2,Y2_K8_sq,72,38,3,0,7,173,1,0,0,1.7108597,2.4185588,0.34625262,1.0770576
Y2_K8_sq_r72_c39.tif,Y,Y2,Y2_K8_sq,72,39,3,0,16,154,1,0,0,1.8086231,2.5567622,0.8052847,1.0139152
Y2_K8_sq_r72_c40.tif,Y,Y2,Y2_K8_sq,72,40,1,0,15,183,1,2,2,0.67485934,2.2260368,0.6586265,1.0484583
Y2_K8_sq_r72_c41.tif,Y,Y2,Y2_K8_sq,72,41,1,0,12,170,1,2,2,0.7332256,2.4185588,0.5770877,1.0584341
Y2_K8_sq_r72_c42.tif,Y,Y2,Y2_K8_sq,72,42,2,0,17,188,1,2,2,1.0817124,2.1408296,0.715147,1.0358008
Y2_K8_sq_r72_c43.tif,Y,Y2,Y2_K8_sq,72,43,1,0,5,184,1,2,2,0.7064934,2.3303823,0.24466117,1.1035863
Y2_K8_sq_r72_c44.tif,Y,Y2,Y2_K8_sq,72,44,1,0,4,151,1,2,2,0.8585236,2.831857,0.24325344,1.1012013
Y2_K8_sq_r72_c45.tif,Y,Y2,Y2_K8_sq,72,45,4,0,5,154,0,0,0,2.4663043,2.7117174,0.28469664,1.0753646
Y2_K8_sq_r72_c46.tif,Y,Y2,Y2_K8_sq,72,46,3,0,2,174,0,0,0,1.7486688,2.4720078,0.11796821,1.1072049
Y2_K8_sq_r72_c47.tif,Y,Y2,Y2_K8_sq,72,47,4,0,6,155,1,0,0,2.4367676,2.679242,0.33243018,1.0693629
Y2_K8_sq_r72_c48.tif,Y,Y2,Y2_K8_sq,72,48,6,0,2,145,0,0,0,3.7922742,2.886667,0.13775642,1.0780588
Y2_K8_sq_r73_c29.tif,Y,Y2,Y2_K8_sq,73,29,6,0,2,57,0,0,0,8.773171,6.67811,0.31869024,0.985608
Y2_K8_sq_r73_c31.tif,Y,Y2,Y2_K8_sq,73,31,3,0,4,92,0,0,0,3.133753,4.4300337,0.3805351,1.0517961
Y2_K8_sq_r73_c32.tif,Y,Y2,Y2_K8_sq,73,32,2,0,0,76,0,0,0,2.8259735,5.5929174,0.053380616,1.0982031
Y2_K8_sq_r73_c33.tif,Y,Y2,Y2_K8_sq,73,33,0,0,1,80,1,1,1,0.54476595,5.3907638,0.15435359,1.1138558
Y2_K8_sq_r73_c34.tif,Y,Y2,Y2_K8_sq,73,34,2,0,1,129,0,0,0,1.6871483,3.339055,0.09560707,1.1098803
Y2_K8_sq_r73_c35.tif,Y,Y2,Y2_K8_sq,73,35,1,0,1,120,1,1,1,1.0939252,3.6083338,0.10331732,1.1160318
Y2_K8_sq_r73_c36.tif,Y,Y2,Y2_K8_sq,73,36,2,0,1,158,1,0,0,1.3869809,2.74499,0.078597225,1.116742
Y2_K8_sq_r73_c37.tif,Y,Y2,Y2_K8_sq,73,37,3,0,1,147,1,0,0,2.0686865,2.9244013,0.0837343,1.1071635
Y2_K8_sq_r73_c38.tif,Y,Y2,Y2_K8_sq,73,38,3,0,8,144,1,0,0,2.0159812,2.8498943,0.46240535,1.0570107
Y2_K8_sq_r73_c39.tif,Y,Y2,Y2_K8_sq,73,39,1,0,7,171,1,2,2,0.74942946,2.4720078,0.35390463,1.0881699
Y2_K8_sq_r73_c40.tif,Y,Y2,Y2_K8_sq,73,40,0,0,6,158,2,1,1,0.27238297,2.6953819,0.33443278,1.0965599
Y2_K8_sq_r73_c41.tif,Y,Y2,Y2_K8_sq,73,41,1,0,4,158,1,2,2,0.82210135,2.7117174,0.2329336,1.1032057
Y2_K8_sq_r73_c42.tif,Y,Y2,Y2_K8_sq,73,42,3,0,10,144,0,0,0,1.9906229,2.8140464,0.5640216,1.0437149
Y2_K8_sq_r73_c43.tif,Y,Y2,Y2_K8_sq,73,43,1,0,2,171,1,2,2,0.77072006,2.5422354,0.121319585,1.1190839
Y2_K8_sq_r73_c44.tif,Y,Y2,Y2_K8_sq,73,44,2,0,3,173,1,0,0,1.2559882,2.4857411,0.16607304,1.1069759
Y2_K8_sq_r73_c45.tif,Y,Y2,Y2_K8_sq,73,45,1,0,2,146,0,2,2,0.89832276,2.963135,0.1414056,1.1142223
Y2_K8_sq_r73_c46.tif,Y,Y2,Y2_K8_sq,73,46,3,0,0,137,1,0,0,2.228937,3.1509392,0.030073587,1.1120532
Y2_K8_sq_r73_c47.tif,Y,Y2,Y2_K8_sq,73,47,5,0,3,123,0,0,0,3.739634,3.364161,0.22476049,1.0664155
Y2_K8_sq_r74_c36.tif,Y,Y2,Y2_K8_sq,74,36,1,0,7,85,0,2,2,1.4278603,4.7098255,0.6742814,1.0336028
Y2_K8_sq_r74_c37.tif,Y,Y2,Y2_K8_sq,74,37,4,0,4,122,1,0,0,3.0828803,3.389647,0.29116702,1.0657942
Y2_K8_sq_r74_c38.tif,Y,Y2,Y2_K8_sq,74,38,3,0,1,133,1,0,0,2.2770433,3.2189453,0.09216797,1.1030054
Y2_K8_sq_r74_c39.tif,Y,Y2,Y2_K8_sq,74,39,2,0,5,151,0,0,0,1.4129868,2.7964587,0.2935934,1.0874363
Y2_K8_sq_r74_c40.tif,Y,Y2,Y2_K8_sq,74,40,1,0,4,160,1,2,2,0.8122559,2.679242,0.23014396,1.1037476
Y2_K8_sq_r74_c41.tif,Y,Y2,Y2_K8_sq,74,41,5,0,2,101,1,0,0,4.521558,4.0675764,0.19411133,1.059704
Y2_K8_sq_r74_c42.tif,Y,Y2,Y2_K8_sq,74,42,4,0,0,120,0,0,0,3.2296844,3.551059,0.033892456,1.0983169
Y2_K8_sq_r74_c43.tif,Y,Y2,Y2_K8_sq,74,43,1,0,1,144,1,2,2,0.9165319,3.0231986,0.086563155,1.1212884
Y2_K8_sq_r74_c44.tif,Y,Y2,Y2_K8_sq,74,44,4,0,2,137,0,0,0,2.8064842,3.0857475,0.14725687,1.0890452
Y2_K8_sq_r74_c45.tif,Y,Y2,Y2_K8_sq,74,45,2,0,0,93,0,0,0,2.3307,4.6127152,0.04402525,1.1070088
Y2_K8_sq_r75_c40.tif,Y,Y2,Y2_K8_sq,75,40,0,0,1,87,0,1,1,0.50239533,4.9714823,0.14234832,1.1165463
Y2_K8_sq_r75_c41.tif,Y,Y2,Y2_K8_sq,75,41,5,0,1,91,0,0,0,5.023953,4.5195293,0.12940755,1.061444
Y2_K8_sq_r75_c42.tif,Y,Y2,Y2_K8_sq,75,42,3,0,1,76,0,0,0,3.8598664,5.456505,0.15623595,1.0714176
Y2_K8_sq_r7_c17.tif,Y,Y2,Y2_K8_sq,7,17,5,0,3,118,0,0,0,3.8857136,3.4955733,0.23354019,1.0632112
Y2_K8_sq_r7_c18.tif,Y,Y2,Y2_K8_sq,7,18,2,0,16,145,0,2,2,1.370169,2.7117174,0.85408986,1.0127219
Y2_K8_sq_r7_c19.tif,Y,Y2,Y2_K8_sq,7,19,0,0,12,156,0,2,2,0.265974,2.631961,0.6280073,1.0572474
Y2_K8_sq_r7_c31.tif,Y,Y2,Y2_K8_sq,7,31,0,3,32,124,1,1,1,0.2808421,19.453627,1.7240944,0.88808525
Y2_K8_sq_r7_c33.tif,Y,Y2,Y2_K8_sq,7,33,0,1,31,126,2,1,1,0.28259736,8.389377,1.6814895,0.90799135
Y2_K8_sq_r7_c34.tif,Y,Y2,Y2_K8_sq,7,34,1,0,27,133,2,2,2,0.83218855,2.74499,1.4409492,0.94059974
Y2_K8_sq_r7_c35.tif,Y,Y2,Y2_K8_sq,7,35,1,0,9,141,2,2,2,0.88658,2.9244013,0.53031725,1.0621263
Y2_K8_sq_r7_c36.tif,Y,Y2,Y2_K8_sq,7,36,0,0,6,147,1,1,1,0.2917134,2.886667,0.35816672,1.0928775
Y2_K8_sq_r8_c15.tif,Y,Y2,Y2_K8_sq,8,15,2,0,4,78,0,0,0,2.6288128,5.202714,0.4469075,1.0482923
Y2_K8_sq_r8_c16.tif,Y,Y2,Y2_K8_sq,8,16,1,0,4,135,0,2,2,0.95525867,3.1509392,0.27066228,1.0958778
Y2_K8_sq_r8_c17.tif,Y,Y2,Y2_K8_sq,8,17,4,0,16,131,0,0,0,2.65974,2.9244013,0.9210773,0.9870644
Y2_K8_sq_r8_c18.tif,Y,Y2,Y2_K8_sq,8,18,1,0,37,107,1,2,2,0.92276686,3.0437646,2.1788006,0.83985114
Y2_K8_sq_r8_c34.tif,Y,Y2,Y2_K8_sq,8,34,0,0,35,115,2,2,2,0.2974709,2.9436407,1.9947494,0.8726691
Y2_K8_sq_r8_c35.tif,Y,Y2,Y2_K8_sq,8,35,1,0,23,130,2,2,2,0.8695304,2.8681629,1.2866098,0.96072054
Y2_K8_sq_r8_c36.tif,Y,Y2,Y2_K8_sq,8,36,2,0,13,130,2,0,0,1.5379449,3.0437646,0.7843683,1.0195402
Y2_K8_sq_r8_c37.tif,Y,Y2,Y2_K8_sq,8,37,1,0,7,129,0,2,2,0.9758758,3.2189453,0.46083984,1.0699565
Y2_K8_sq_r9_c14.tif,Y,Y2,Y2_K8_sq,9,14,4,0,1,99,0,0,0,3.8390586,4.22107,0.120861776,1.0780239
Y2_K8_sq_r9_c15.tif,Y,Y2,Y2_K8_sq,9,15,1,0,8,149,1,2,2,0.8477921,2.7964587,0.45373526,1.0730807
Y2_K8_sq_r9_c16.tif,Y,Y2,Y2_K8_sq,9,16,1,2,28,140,1,1,1,0.78408515,12.931601,1.4070266,0.9326988
Y2_K8_sq_r9_c34.tif,Y,Y2,Y2_K8_sq,9,34,0,1,34,99,2,1,1,0.3324675,9.869855,2.166625,0.8402245
Y2_K8_sq_r9_c35.tif,Y,Y2,Y2_K8_sq,9,35,0,0,21,136,2,2,2,0.28437468,2.8140464,1.1549014,0.98593146
Y2_K8_sq_r9_c36.tif,Y,Y2,Y2_K8_sq,9,36,4,0,13,116,2,0,0,3.0143719,3.3143213,0.85408986,0.9910677
Y2_K8_sq_r9_c37.tif,Y,Y2,Y2_K8_sq,9,37,1,0,7,146,2,2,2,0.8695304,2.8681629,0.41062012,1.07851
